mode: set
github.com/serverkraken/flow/internal/adapter/apiclient/client.go:23.38,25.2 1 1
github.com/serverkraken/flow/internal/adapter/apiclient/client.go:28.62,30.2 1 1
github.com/serverkraken/flow/internal/adapter/apiclient/client.go:35.74,39.2 3 1
github.com/serverkraken/flow/internal/adapter/apiclient/client.go:41.67,43.16 2 1
github.com/serverkraken/flow/internal/adapter/apiclient/client.go:43.16,45.3 1 0
github.com/serverkraken/flow/internal/adapter/apiclient/client.go:46.2,47.16 2 1
github.com/serverkraken/flow/internal/adapter/apiclient/client.go:47.16,49.3 1 0
github.com/serverkraken/flow/internal/adapter/apiclient/client.go:50.2,50.15 1 1
github.com/serverkraken/flow/internal/adapter/apiclient/client.go:50.15,50.39 1 1
github.com/serverkraken/flow/internal/adapter/apiclient/client.go:51.2,51.37 1 1
github.com/serverkraken/flow/internal/adapter/apiclient/client.go:51.37,53.3 1 1
github.com/serverkraken/flow/internal/adapter/apiclient/client.go:54.2,55.61 2 1
github.com/serverkraken/flow/internal/adapter/apiclient/client.go:55.61,57.3 1 0
github.com/serverkraken/flow/internal/adapter/apiclient/client.go:58.2,58.15 1 1
github.com/serverkraken/flow/internal/adapter/apiclient/client.go:61.84,63.17 2 1
github.com/serverkraken/flow/internal/adapter/apiclient/client.go:63.17,65.17 2 1
github.com/serverkraken/flow/internal/adapter/apiclient/client.go:65.17,67.4 1 0
github.com/serverkraken/flow/internal/adapter/apiclient/client.go:68.3,68.25 1 1
github.com/serverkraken/flow/internal/adapter/apiclient/client.go:70.2,71.16 2 1
github.com/serverkraken/flow/internal/adapter/apiclient/client.go:71.16,73.3 1 0
github.com/serverkraken/flow/internal/adapter/apiclient/client.go:74.2,74.17 1 1
github.com/serverkraken/flow/internal/adapter/apiclient/client.go:74.17,76.3 1 1
github.com/serverkraken/flow/internal/adapter/apiclient/client.go:77.2,78.16 2 1
github.com/serverkraken/flow/internal/adapter/apiclient/client.go:78.16,80.3 1 0
github.com/serverkraken/flow/internal/adapter/apiclient/client.go:81.2,81.15 1 1
github.com/serverkraken/flow/internal/adapter/apiclient/client.go:81.15,81.39 1 1
github.com/serverkraken/flow/internal/adapter/apiclient/client.go:82.2,82.27 1 1
github.com/serverkraken/flow/internal/adapter/apiclient/client.go:82.27,84.3 1 1
github.com/serverkraken/flow/internal/adapter/apiclient/client.go:85.2,85.16 1 1
github.com/serverkraken/flow/internal/adapter/apiclient/client.go:85.16,87.3 1 1
github.com/serverkraken/flow/internal/adapter/apiclient/client.go:88.2,88.12 1 1
github.com/serverkraken/flow/internal/adapter/apiclient/client.go:91.117,96.2 3 1
github.com/serverkraken/flow/internal/adapter/apiclient/client.go:98.101,103.2 3 1
github.com/serverkraken/flow/internal/adapter/apiclient/client.go:105.161,110.2 3 1
github.com/serverkraken/flow/internal/adapter/apiclient/client.go:112.70,114.2 1 1
github.com/serverkraken/flow/internal/adapter/apiclient/client.go:116.82,120.2 3 1
github.com/serverkraken/flow/internal/adapter/apiclient/client.go:122.90,126.2 3 1
github.com/serverkraken/flow/internal/adapter/apiclient/client.go:128.78,132.2 3 1
github.com/serverkraken/flow/internal/adapter/apiclient/dayoffs.go:19.120,24.2 1 1
github.com/serverkraken/flow/internal/adapter/apiclient/dayoffs.go:26.86,31.2 4 1
github.com/serverkraken/flow/internal/adapter/apiclient/dayoffs.go:33.70,35.2 1 0
github.com/serverkraken/flow/internal/adapter/apiclient/dayoffs.go:45.69,49.2 3 0
github.com/serverkraken/flow/internal/adapter/apiclient/dayoffs.go:51.72,53.2 1 0
github.com/serverkraken/flow/internal/adapter/apiclient/dayoffs.go:55.101,59.2 1 1
github.com/serverkraken/flow/internal/adapter/apiclient/dayoffs.go:62.69,69.2 3 0
github.com/serverkraken/flow/internal/adapter/apiclient/documents.go:20.103,24.2 3 1
github.com/serverkraken/flow/internal/adapter/apiclient/documents.go:26.96,28.19 2 1
github.com/serverkraken/flow/internal/adapter/apiclient/documents.go:28.19,30.26 2 1
github.com/serverkraken/flow/internal/adapter/apiclient/documents.go:30.26,32.4 1 1
github.com/serverkraken/flow/internal/adapter/apiclient/documents.go:33.3,33.27 1 1
github.com/serverkraken/flow/internal/adapter/apiclient/documents.go:35.2,37.17 3 1
github.com/serverkraken/flow/internal/adapter/apiclient/documents.go:40.71,44.2 3 1
github.com/serverkraken/flow/internal/adapter/apiclient/documents.go:46.87,50.2 3 1
github.com/serverkraken/flow/internal/adapter/apiclient/documents.go:58.114,62.2 3 1
github.com/serverkraken/flow/internal/adapter/apiclient/documents.go:64.71,66.2 1 1
github.com/serverkraken/flow/internal/adapter/apiclient/documents.go:69.100,72.25 3 1
github.com/serverkraken/flow/internal/adapter/apiclient/documents.go:72.25,74.3 1 1
github.com/serverkraken/flow/internal/adapter/apiclient/documents.go:75.2,77.17 3 1
github.com/serverkraken/flow/internal/adapter/apiclient/documents.go:80.90,84.2 3 1
github.com/serverkraken/flow/internal/adapter/apiclient/events.go:21.74,23.16 2 1
github.com/serverkraken/flow/internal/adapter/apiclient/events.go:23.16,25.3 1 0
github.com/serverkraken/flow/internal/adapter/apiclient/events.go:26.2,27.16 2 1
github.com/serverkraken/flow/internal/adapter/apiclient/events.go:27.16,29.3 1 0
github.com/serverkraken/flow/internal/adapter/apiclient/events.go:30.2,30.37 1 1
github.com/serverkraken/flow/internal/adapter/apiclient/events.go:30.37,33.3 2 0
github.com/serverkraken/flow/internal/adapter/apiclient/events.go:34.2,35.12 2 1
github.com/serverkraken/flow/internal/adapter/apiclient/events.go:35.12,37.16 2 1
github.com/serverkraken/flow/internal/adapter/apiclient/events.go:37.16,37.40 1 1
github.com/serverkraken/flow/internal/adapter/apiclient/events.go:38.3,41.17 4 1
github.com/serverkraken/flow/internal/adapter/apiclient/events.go:41.17,43.11 2 1
github.com/serverkraken/flow/internal/adapter/apiclient/events.go:44.43,45.53 1 1
github.com/serverkraken/flow/internal/adapter/apiclient/events.go:46.42,47.50 1 1
github.com/serverkraken/flow/internal/adapter/apiclient/events.go:48.20,49.21 1 1
github.com/serverkraken/flow/internal/adapter/apiclient/events.go:49.21,50.14 1 0
github.com/serverkraken/flow/internal/adapter/apiclient/events.go:52.5,56.12 3 1
github.com/serverkraken/flow/internal/adapter/apiclient/events.go:57.62,57.62 0 1
github.com/serverkraken/flow/internal/adapter/apiclient/events.go:58.23,59.12 1 0
github.com/serverkraken/flow/internal/adapter/apiclient/events.go:61.5,61.26 1 1
github.com/serverkraken/flow/internal/adapter/apiclient/events.go:65.2,65.16 1 1
github.com/serverkraken/flow/internal/adapter/apiclient/export.go:14.98,16.21 2 1
github.com/serverkraken/flow/internal/adapter/apiclient/export.go:16.21,18.3 1 1
github.com/serverkraken/flow/internal/adapter/apiclient/export.go:19.2,20.16 2 1
github.com/serverkraken/flow/internal/adapter/apiclient/export.go:20.16,22.3 1 0
github.com/serverkraken/flow/internal/adapter/apiclient/export.go:23.2,24.16 2 1
github.com/serverkraken/flow/internal/adapter/apiclient/export.go:24.16,26.3 1 0
github.com/serverkraken/flow/internal/adapter/apiclient/export.go:27.2,27.15 1 1
github.com/serverkraken/flow/internal/adapter/apiclient/export.go:27.15,27.39 1 1
github.com/serverkraken/flow/internal/adapter/apiclient/export.go:28.2,28.37 1 1
github.com/serverkraken/flow/internal/adapter/apiclient/export.go:28.37,30.3 1 1
github.com/serverkraken/flow/internal/adapter/apiclient/export.go:31.2,31.29 1 1
github.com/serverkraken/flow/internal/adapter/apiclient/export.go:36.110,39.2 1 1
github.com/serverkraken/flow/internal/adapter/apiclient/stats.go:52.63,56.2 3 1
github.com/serverkraken/flow/internal/adapter/apiclient/stats.go:58.78,60.15 2 1
github.com/serverkraken/flow/internal/adapter/apiclient/stats.go:60.15,62.3 1 1
github.com/serverkraken/flow/internal/adapter/apiclient/stats.go:63.2,65.17 3 1
github.com/serverkraken/flow/internal/adapter/apiclient/stats.go:68.75,72.2 3 1
github.com/serverkraken/flow/internal/adapter/apiclient/stats.go:74.69,78.2 3 1
github.com/serverkraken/flow/internal/adapter/embed/ollama.go:29.44,30.16 1 1
github.com/serverkraken/flow/internal/adapter/embed/ollama.go:30.16,32.3 1 0
github.com/serverkraken/flow/internal/adapter/embed/ollama.go:33.2,33.17 1 1
github.com/serverkraken/flow/internal/adapter/embed/ollama.go:33.17,35.3 1 0
github.com/serverkraken/flow/internal/adapter/embed/ollama.go:36.2,40.3 1 1
github.com/serverkraken/flow/internal/adapter/embed/ollama.go:53.82,54.21 1 1
github.com/serverkraken/flow/internal/adapter/embed/ollama.go:54.21,56.3 1 0
github.com/serverkraken/flow/internal/adapter/embed/ollama.go:57.2,58.16 2 1
github.com/serverkraken/flow/internal/adapter/embed/ollama.go:58.16,60.3 1 0
github.com/serverkraken/flow/internal/adapter/embed/ollama.go:61.2,62.16 2 1
github.com/serverkraken/flow/internal/adapter/embed/ollama.go:62.16,64.3 1 0
github.com/serverkraken/flow/internal/adapter/embed/ollama.go:65.2,67.16 3 1
github.com/serverkraken/flow/internal/adapter/embed/ollama.go:67.16,69.3 1 0
github.com/serverkraken/flow/internal/adapter/embed/ollama.go:70.2,70.15 1 1
github.com/serverkraken/flow/internal/adapter/embed/ollama.go:70.15,70.40 1 1
github.com/serverkraken/flow/internal/adapter/embed/ollama.go:71.2,71.38 1 1
github.com/serverkraken/flow/internal/adapter/embed/ollama.go:71.38,74.3 2 1
github.com/serverkraken/flow/internal/adapter/embed/ollama.go:75.2,76.63 2 1
github.com/serverkraken/flow/internal/adapter/embed/ollama.go:76.63,78.3 1 0
github.com/serverkraken/flow/internal/adapter/embed/ollama.go:79.2,79.38 1 1
github.com/serverkraken/flow/internal/adapter/embed/ollama.go:79.38,81.3 1 0
github.com/serverkraken/flow/internal/adapter/embed/ollama.go:82.2,82.27 1 1
github.com/serverkraken/flow/internal/adapter/httpserver/dayoffs.go:27.45,35.2 1 1
github.com/serverkraken/flow/internal/adapter/httpserver/dayoffs.go:37.76,40.9 3 1
github.com/serverkraken/flow/internal/adapter/httpserver/dayoffs.go:40.9,43.3 2 0
github.com/serverkraken/flow/internal/adapter/httpserver/dayoffs.go:44.2,45.16 2 1
github.com/serverkraken/flow/internal/adapter/httpserver/dayoffs.go:45.16,48.3 2 0
github.com/serverkraken/flow/internal/adapter/httpserver/dayoffs.go:49.2,50.25 2 1
github.com/serverkraken/flow/internal/adapter/httpserver/dayoffs.go:50.25,52.3 1 1
github.com/serverkraken/flow/internal/adapter/httpserver/dayoffs.go:53.2,53.34 1 1
github.com/serverkraken/flow/internal/adapter/httpserver/dayoffs.go:65.75,68.61 3 1
github.com/serverkraken/flow/internal/adapter/httpserver/dayoffs.go:68.61,71.3 2 1
github.com/serverkraken/flow/internal/adapter/httpserver/dayoffs.go:72.2,74.32 3 1
github.com/serverkraken/flow/internal/adapter/httpserver/dayoffs.go:74.32,77.3 2 1
github.com/serverkraken/flow/internal/adapter/httpserver/dayoffs.go:78.2,79.9 2 1
github.com/serverkraken/flow/internal/adapter/httpserver/dayoffs.go:79.9,82.3 2 0
github.com/serverkraken/flow/internal/adapter/httpserver/dayoffs.go:83.2,85.9 2 1
github.com/serverkraken/flow/internal/adapter/httpserver/dayoffs.go:86.94,88.9 2 1
github.com/serverkraken/flow/internal/adapter/httpserver/dayoffs.go:89.18,91.9 2 0
github.com/serverkraken/flow/internal/adapter/httpserver/dayoffs.go:93.2,93.35 1 1
github.com/serverkraken/flow/internal/adapter/httpserver/dayoffs.go:96.77,99.16 3 1
github.com/serverkraken/flow/internal/adapter/httpserver/dayoffs.go:99.16,102.3 2 1
github.com/serverkraken/flow/internal/adapter/httpserver/dayoffs.go:103.2,103.71 1 1
github.com/serverkraken/flow/internal/adapter/httpserver/dayoffs.go:103.71,106.3 2 0
github.com/serverkraken/flow/internal/adapter/httpserver/dayoffs.go:107.2,107.37 1 1
github.com/serverkraken/flow/internal/adapter/httpserver/dayoffs.go:111.63,115.32 4 1
github.com/serverkraken/flow/internal/adapter/httpserver/dayoffs.go:115.32,117.3 1 1
github.com/serverkraken/flow/internal/adapter/httpserver/dayoffs.go:118.2,118.23 1 1
github.com/serverkraken/flow/internal/adapter/httpserver/dayoffs.go:128.76,131.16 3 1
github.com/serverkraken/flow/internal/adapter/httpserver/dayoffs.go:131.16,134.3 2 0
github.com/serverkraken/flow/internal/adapter/httpserver/dayoffs.go:135.2,136.25 2 1
github.com/serverkraken/flow/internal/adapter/httpserver/dayoffs.go:136.25,138.3 1 1
github.com/serverkraken/flow/internal/adapter/httpserver/dayoffs.go:139.2,140.41 2 1
github.com/serverkraken/flow/internal/adapter/httpserver/dayoffs.go:140.41,142.3 1 0
github.com/serverkraken/flow/internal/adapter/httpserver/dayoffs.go:143.2,148.4 1 1
github.com/serverkraken/flow/internal/adapter/httpserver/dayoffs.go:156.74,159.61 3 1
github.com/serverkraken/flow/internal/adapter/httpserver/dayoffs.go:159.61,162.3 2 0
github.com/serverkraken/flow/internal/adapter/httpserver/dayoffs.go:163.2,164.41 2 1
github.com/serverkraken/flow/internal/adapter/httpserver/dayoffs.go:164.41,166.35 2 1
github.com/serverkraken/flow/internal/adapter/httpserver/dayoffs.go:166.35,169.4 2 1
github.com/serverkraken/flow/internal/adapter/httpserver/dayoffs.go:170.3,170.31 1 1
github.com/serverkraken/flow/internal/adapter/httpserver/dayoffs.go:172.2,173.45 2 1
github.com/serverkraken/flow/internal/adapter/httpserver/dayoffs.go:173.45,176.3 2 0
github.com/serverkraken/flow/internal/adapter/httpserver/dayoffs.go:177.2,177.16 1 1
github.com/serverkraken/flow/internal/adapter/httpserver/dayoffs.go:177.16,180.3 2 0
github.com/serverkraken/flow/internal/adapter/httpserver/dayoffs.go:181.2,182.37 2 1
github.com/serverkraken/flow/internal/adapter/httpserver/dayoffs.go:189.78,192.61 3 1
github.com/serverkraken/flow/internal/adapter/httpserver/dayoffs.go:192.61,195.3 2 0
github.com/serverkraken/flow/internal/adapter/httpserver/dayoffs.go:196.2,197.9 2 1
github.com/serverkraken/flow/internal/adapter/httpserver/dayoffs.go:198.47,200.9 2 1
github.com/serverkraken/flow/internal/adapter/httpserver/dayoffs.go:201.18,203.9 2 0
github.com/serverkraken/flow/internal/adapter/httpserver/dayoffs.go:205.2,205.37 1 1
github.com/serverkraken/flow/internal/adapter/httpserver/dayoffs.go:213.78,216.16 3 1
github.com/serverkraken/flow/internal/adapter/httpserver/dayoffs.go:216.16,219.3 2 0
github.com/serverkraken/flow/internal/adapter/httpserver/dayoffs.go:220.2,220.76 1 1
github.com/serverkraken/flow/internal/adapter/httpserver/dayoffs.go:225.51,227.66 2 1
github.com/serverkraken/flow/internal/adapter/httpserver/dayoffs.go:227.66,229.3 1 0
github.com/serverkraken/flow/internal/adapter/httpserver/dayoffs.go:230.2,230.59 1 1
github.com/serverkraken/flow/internal/adapter/httpserver/documents.go:22.79,25.61 3 1
github.com/serverkraken/flow/internal/adapter/httpserver/documents.go:25.61,28.3 2 0
github.com/serverkraken/flow/internal/adapter/httpserver/documents.go:29.2,36.9 2 1
github.com/serverkraken/flow/internal/adapter/httpserver/documents.go:37.49,38.59 1 1
github.com/serverkraken/flow/internal/adapter/httpserver/documents.go:39.47,40.60 1 1
github.com/serverkraken/flow/internal/adapter/httpserver/documents.go:41.18,42.64 1 1
github.com/serverkraken/flow/internal/adapter/httpserver/documents.go:43.10,45.40 2 1
github.com/serverkraken/flow/internal/adapter/httpserver/documents.go:49.78,52.61 3 1
github.com/serverkraken/flow/internal/adapter/httpserver/documents.go:52.61,54.17 2 1
github.com/serverkraken/flow/internal/adapter/httpserver/documents.go:54.17,57.4 2 1
github.com/serverkraken/flow/internal/adapter/httpserver/documents.go:58.3,58.18 1 1
github.com/serverkraken/flow/internal/adapter/httpserver/documents.go:58.18,60.4 1 0
github.com/serverkraken/flow/internal/adapter/httpserver/documents.go:61.3,62.9 2 1
github.com/serverkraken/flow/internal/adapter/httpserver/documents.go:64.2,65.16 2 1
github.com/serverkraken/flow/internal/adapter/httpserver/documents.go:65.16,68.3 2 1
github.com/serverkraken/flow/internal/adapter/httpserver/documents.go:69.2,69.17 1 1
github.com/serverkraken/flow/internal/adapter/httpserver/documents.go:69.17,71.3 1 0
github.com/serverkraken/flow/internal/adapter/httpserver/documents.go:72.2,72.35 1 1
github.com/serverkraken/flow/internal/adapter/httpserver/documents.go:75.76,78.9 3 1
github.com/serverkraken/flow/internal/adapter/httpserver/documents.go:79.49,80.50 1 1
github.com/serverkraken/flow/internal/adapter/httpserver/documents.go:81.18,82.64 1 0
github.com/serverkraken/flow/internal/adapter/httpserver/documents.go:83.10,84.35 1 1
github.com/serverkraken/flow/internal/adapter/httpserver/documents.go:93.79,96.61 3 1
github.com/serverkraken/flow/internal/adapter/httpserver/documents.go:96.61,99.3 2 0
github.com/serverkraken/flow/internal/adapter/httpserver/documents.go:100.2,104.9 2 1
github.com/serverkraken/flow/internal/adapter/httpserver/documents.go:105.49,106.50 1 1
github.com/serverkraken/flow/internal/adapter/httpserver/documents.go:107.18,108.64 1 0
github.com/serverkraken/flow/internal/adapter/httpserver/documents.go:109.10,111.35 2 1
github.com/serverkraken/flow/internal/adapter/httpserver/documents.go:115.79,119.9 4 1
github.com/serverkraken/flow/internal/adapter/httpserver/documents.go:120.49,121.50 1 1
github.com/serverkraken/flow/internal/adapter/httpserver/documents.go:122.18,123.64 1 0
github.com/serverkraken/flow/internal/adapter/httpserver/documents.go:124.10,126.38 2 1
github.com/serverkraken/flow/internal/adapter/httpserver/documents.go:130.73,133.16 3 1
github.com/serverkraken/flow/internal/adapter/httpserver/documents.go:133.16,136.3 2 1
github.com/serverkraken/flow/internal/adapter/httpserver/documents.go:137.2,137.17 1 1
github.com/serverkraken/flow/internal/adapter/httpserver/documents.go:137.17,139.3 1 0
github.com/serverkraken/flow/internal/adapter/httpserver/documents.go:140.2,140.35 1 1
github.com/serverkraken/flow/internal/adapter/httpserver/documents.go:143.82,146.9 3 1
github.com/serverkraken/flow/internal/adapter/httpserver/documents.go:147.49,148.50 1 1
github.com/serverkraken/flow/internal/adapter/httpserver/documents.go:149.18,150.64 1 1
github.com/serverkraken/flow/internal/adapter/httpserver/documents.go:151.10,152.18 1 1
github.com/serverkraken/flow/internal/adapter/httpserver/documents.go:152.18,154.4 1 0
github.com/serverkraken/flow/internal/adapter/httpserver/documents.go:155.3,155.36 1 1
github.com/serverkraken/flow/internal/adapter/httpserver/export.go:15.71,18.9 3 1
github.com/serverkraken/flow/internal/adapter/httpserver/export.go:18.9,21.3 2 1
github.com/serverkraken/flow/internal/adapter/httpserver/export.go:22.2,22.21 1 1
github.com/serverkraken/flow/internal/adapter/httpserver/export.go:22.21,25.3 2 1
github.com/serverkraken/flow/internal/adapter/httpserver/export.go:26.2,27.18 2 1
github.com/serverkraken/flow/internal/adapter/httpserver/export.go:27.18,29.3 1 0
github.com/serverkraken/flow/internal/adapter/httpserver/export.go:30.2,31.16 2 1
github.com/serverkraken/flow/internal/adapter/httpserver/export.go:31.16,34.3 2 0
github.com/serverkraken/flow/internal/adapter/httpserver/export.go:35.2,36.16 2 1
github.com/serverkraken/flow/internal/adapter/httpserver/export.go:37.13,40.31 3 1
github.com/serverkraken/flow/internal/adapter/httpserver/export.go:41.14,44.32 3 1
github.com/serverkraken/flow/internal/adapter/httpserver/export.go:45.12,48.36 3 1
github.com/serverkraken/flow/internal/adapter/httpserver/export.go:49.10,50.73 1 1
github.com/serverkraken/flow/internal/adapter/httpserver/export.go:59.79,62.61 3 1
github.com/serverkraken/flow/internal/adapter/httpserver/export.go:62.61,65.3 2 0
github.com/serverkraken/flow/internal/adapter/httpserver/export.go:66.2,67.23 2 1
github.com/serverkraken/flow/internal/adapter/httpserver/export.go:67.23,69.3 1 1
github.com/serverkraken/flow/internal/adapter/httpserver/export.go:70.2,71.9 2 1
github.com/serverkraken/flow/internal/adapter/httpserver/export.go:72.45,73.55 1 1
github.com/serverkraken/flow/internal/adapter/httpserver/export.go:74.48,75.50 1 1
github.com/serverkraken/flow/internal/adapter/httpserver/export.go:76.18,77.64 1 0
github.com/serverkraken/flow/internal/adapter/httpserver/export.go:78.10,79.38 1 1
github.com/serverkraken/flow/internal/adapter/httpserver/handlers.go:9.71,12.2 2 1
github.com/serverkraken/flow/internal/adapter/httpserver/handlers.go:14.67,18.2 3 1
github.com/serverkraken/flow/internal/adapter/httpserver/handlers.go:21.71,23.9 2 1
github.com/serverkraken/flow/internal/adapter/httpserver/handlers.go:23.9,26.3 2 0
github.com/serverkraken/flow/internal/adapter/httpserver/handlers.go:27.2,36.6 8 1
github.com/serverkraken/flow/internal/adapter/httpserver/handlers.go:36.6,37.10 1 1
github.com/serverkraken/flow/internal/adapter/httpserver/handlers.go:38.29,39.10 1 1
github.com/serverkraken/flow/internal/adapter/httpserver/handlers.go:40.23,41.11 1 0
github.com/serverkraken/flow/internal/adapter/httpserver/handlers.go:41.11,43.5 1 0
github.com/serverkraken/flow/internal/adapter/httpserver/handlers.go:44.4,46.19 3 0
github.com/serverkraken/flow/internal/adapter/httpserver/icsfeed.go:18.72,22.48 4 1
github.com/serverkraken/flow/internal/adapter/httpserver/icsfeed.go:22.48,25.3 2 1
github.com/serverkraken/flow/internal/adapter/httpserver/icsfeed.go:26.2,26.16 1 1
github.com/serverkraken/flow/internal/adapter/httpserver/icsfeed.go:26.16,29.3 2 0
github.com/serverkraken/flow/internal/adapter/httpserver/icsfeed.go:30.2,32.29 3 1
github.com/serverkraken/flow/internal/adapter/httpserver/middleware.go:17.56,20.2 2 1
github.com/serverkraken/flow/internal/adapter/httpserver/middleware.go:24.69,26.55 2 1
github.com/serverkraken/flow/internal/adapter/httpserver/middleware.go:26.55,28.3 1 1
github.com/serverkraken/flow/internal/adapter/httpserver/middleware.go:29.2,30.16 2 1
github.com/serverkraken/flow/internal/adapter/httpserver/middleware.go:30.16,32.3 1 0
github.com/serverkraken/flow/internal/adapter/httpserver/middleware.go:33.2,34.16 2 1
github.com/serverkraken/flow/internal/adapter/httpserver/middleware.go:34.16,36.3 1 0
github.com/serverkraken/flow/internal/adapter/httpserver/middleware.go:37.2,37.16 1 1
github.com/serverkraken/flow/internal/adapter/httpserver/middleware.go:41.55,42.71 1 1
github.com/serverkraken/flow/internal/adapter/httpserver/middleware.go:42.71,44.56 2 1
github.com/serverkraken/flow/internal/adapter/httpserver/middleware.go:44.56,47.4 2 1
github.com/serverkraken/flow/internal/adapter/httpserver/middleware.go:48.3,49.17 2 1
github.com/serverkraken/flow/internal/adapter/httpserver/middleware.go:49.17,52.4 2 0
github.com/serverkraken/flow/internal/adapter/httpserver/middleware.go:53.3,54.44 2 1
github.com/serverkraken/flow/internal/adapter/httpserver/middleware.go:54.44,57.4 2 0
github.com/serverkraken/flow/internal/adapter/httpserver/middleware.go:58.3,58.17 1 1
github.com/serverkraken/flow/internal/adapter/httpserver/middleware.go:58.17,61.4 2 0
github.com/serverkraken/flow/internal/adapter/httpserver/middleware.go:62.3,62.79 1 1
github.com/serverkraken/flow/internal/adapter/httpserver/server.go:61.40,136.2 59 1
github.com/serverkraken/flow/internal/adapter/httpserver/stats.go:30.35,30.66 1 1
github.com/serverkraken/flow/internal/adapter/httpserver/stats.go:57.70,60.16 3 1
github.com/serverkraken/flow/internal/adapter/httpserver/stats.go:60.16,63.3 2 0
github.com/serverkraken/flow/internal/adapter/httpserver/stats.go:64.2,70.4 1 1
github.com/serverkraken/flow/internal/adapter/httpserver/stats.go:73.69,76.44 3 1
github.com/serverkraken/flow/internal/adapter/httpserver/stats.go:76.44,78.17 2 1
github.com/serverkraken/flow/internal/adapter/httpserver/stats.go:78.17,81.4 2 1
github.com/serverkraken/flow/internal/adapter/httpserver/stats.go:82.3,82.10 1 0
github.com/serverkraken/flow/internal/adapter/httpserver/stats.go:84.2,85.16 2 1
github.com/serverkraken/flow/internal/adapter/httpserver/stats.go:85.16,88.3 2 0
github.com/serverkraken/flow/internal/adapter/httpserver/stats.go:89.2,91.25 3 1
github.com/serverkraken/flow/internal/adapter/httpserver/stats.go:91.25,97.3 1 1
github.com/serverkraken/flow/internal/adapter/httpserver/stats.go:98.2,98.34 1 1
github.com/serverkraken/flow/internal/adapter/httpserver/stats.go:101.70,105.44 4 1
github.com/serverkraken/flow/internal/adapter/httpserver/stats.go:105.44,108.3 2 1
github.com/serverkraken/flow/internal/adapter/httpserver/stats.go:109.2,109.16 1 1
github.com/serverkraken/flow/internal/adapter/httpserver/stats.go:109.16,112.3 2 0
github.com/serverkraken/flow/internal/adapter/httpserver/stats.go:113.2,125.4 1 1
github.com/serverkraken/flow/internal/adapter/httpserver/stats.go:128.73,131.16 3 1
github.com/serverkraken/flow/internal/adapter/httpserver/stats.go:131.16,134.3 2 0
github.com/serverkraken/flow/internal/adapter/httpserver/stats.go:135.2,142.4 1 1
github.com/serverkraken/flow/internal/adapter/httpserver/webauth.go:33.25,37.2 3 1
github.com/serverkraken/flow/internal/adapter/httpserver/webauth.go:39.70,46.2 3 1
github.com/serverkraken/flow/internal/adapter/httpserver/webauth.go:48.73,50.76 2 1
github.com/serverkraken/flow/internal/adapter/httpserver/webauth.go:50.76,53.3 2 1
github.com/serverkraken/flow/internal/adapter/httpserver/webauth.go:54.2,55.16 2 1
github.com/serverkraken/flow/internal/adapter/httpserver/webauth.go:55.16,58.3 2 0
github.com/serverkraken/flow/internal/adapter/httpserver/webauth.go:59.2,60.43 2 1
github.com/serverkraken/flow/internal/adapter/httpserver/webauth.go:60.43,63.3 2 0
github.com/serverkraken/flow/internal/adapter/httpserver/webauth.go:64.2,64.16 1 1
github.com/serverkraken/flow/internal/adapter/httpserver/webauth.go:64.16,67.3 2 0
github.com/serverkraken/flow/internal/adapter/httpserver/webauth.go:68.2,69.16 2 1
github.com/serverkraken/flow/internal/adapter/httpserver/webauth.go:69.16,72.3 2 0
github.com/serverkraken/flow/internal/adapter/httpserver/webauth.go:73.2,78.44 3 1
github.com/serverkraken/flow/internal/adapter/httpserver/webauth.go:81.71,84.2 2 1
github.com/serverkraken/flow/internal/adapter/httpserver/webauth.go:87.69,89.16 2 1
github.com/serverkraken/flow/internal/adapter/httpserver/webauth.go:89.16,91.3 1 1
github.com/serverkraken/flow/internal/adapter/httpserver/webauth.go:92.2,93.16 2 1
github.com/serverkraken/flow/internal/adapter/httpserver/webauth.go:93.16,95.3 1 0
github.com/serverkraken/flow/internal/adapter/httpserver/webauth.go:96.2,97.16 2 1
github.com/serverkraken/flow/internal/adapter/httpserver/webauth.go:97.16,99.3 1 0
github.com/serverkraken/flow/internal/adapter/httpserver/webauth.go:100.2,100.16 1 1
github.com/serverkraken/flow/internal/adapter/httpserver/webauth.go:104.58,105.71 1 1
github.com/serverkraken/flow/internal/adapter/httpserver/webauth.go:105.71,107.10 2 1
github.com/serverkraken/flow/internal/adapter/httpserver/webauth.go:107.10,110.4 2 1
github.com/serverkraken/flow/internal/adapter/httpserver/webauth.go:111.3,111.79 1 1
github.com/serverkraken/flow/internal/adapter/httpserver/webauth.go:118.58,119.71 1 1
github.com/serverkraken/flow/internal/adapter/httpserver/webauth.go:119.71,120.38 1 1
github.com/serverkraken/flow/internal/adapter/httpserver/webauth.go:120.38,123.4 2 1
github.com/serverkraken/flow/internal/adapter/httpserver/webauth.go:124.3,124.38 1 1
github.com/serverkraken/flow/internal/adapter/httpserver/webauth.go:124.38,127.4 2 1
github.com/serverkraken/flow/internal/adapter/httpserver/webauth.go:128.3,128.57 1 1
github.com/serverkraken/flow/internal/adapter/httpserver/webui.go:11.95,14.16 3 1
github.com/serverkraken/flow/internal/adapter/httpserver/webui.go:14.16,16.3 1 0
github.com/serverkraken/flow/internal/adapter/httpserver/webui.go:17.2,18.16 2 1
github.com/serverkraken/flow/internal/adapter/httpserver/webui.go:18.16,20.3 1 0
github.com/serverkraken/flow/internal/adapter/httpserver/webui.go:21.2,22.26 2 1
github.com/serverkraken/flow/internal/adapter/httpserver/webui.go:22.26,23.28 1 1
github.com/serverkraken/flow/internal/adapter/httpserver/webui.go:23.28,26.4 2 1
github.com/serverkraken/flow/internal/adapter/httpserver/webui.go:28.2,31.8 1 1
github.com/serverkraken/flow/internal/adapter/httpserver/webui.go:34.88,36.16 2 1
github.com/serverkraken/flow/internal/adapter/httpserver/webui.go:36.16,39.3 2 0
github.com/serverkraken/flow/internal/adapter/httpserver/webui.go:40.2,41.54 2 1
github.com/serverkraken/flow/internal/adapter/httpserver/webui.go:44.72,47.16 3 1
github.com/serverkraken/flow/internal/adapter/httpserver/webui.go:47.16,50.3 2 0
github.com/serverkraken/flow/internal/adapter/httpserver/webui.go:51.2,52.50 2 1
github.com/serverkraken/flow/internal/adapter/httpserver/webui.go:55.76,58.2 2 1
github.com/serverkraken/flow/internal/adapter/httpserver/webui.go:60.73,62.82 2 1
github.com/serverkraken/flow/internal/adapter/httpserver/webui.go:62.82,64.3 1 1
github.com/serverkraken/flow/internal/adapter/httpserver/webui.go:65.2,65.27 1 1
github.com/serverkraken/flow/internal/adapter/httpserver/webui.go:68.72,73.51 5 1
github.com/serverkraken/flow/internal/adapter/httpserver/webui.go:73.51,74.89 1 1
github.com/serverkraken/flow/internal/adapter/httpserver/webui.go:74.89,77.4 2 1
github.com/serverkraken/flow/internal/adapter/httpserver/webui.go:79.2,79.91 1 1
github.com/serverkraken/flow/internal/adapter/httpserver/webui.go:79.91,81.3 1 0
github.com/serverkraken/flow/internal/adapter/httpserver/webui.go:82.2,82.27 1 1
github.com/serverkraken/flow/internal/adapter/httpserver/webui_dayoffs.go:13.91,18.16 5 1
github.com/serverkraken/flow/internal/adapter/httpserver/webui_dayoffs.go:18.16,20.3 1 0
github.com/serverkraken/flow/internal/adapter/httpserver/webui_dayoffs.go:21.2,22.25 2 1
github.com/serverkraken/flow/internal/adapter/httpserver/webui_dayoffs.go:22.25,28.3 1 1
github.com/serverkraken/flow/internal/adapter/httpserver/webui_dayoffs.go:29.2,30.16 2 1
github.com/serverkraken/flow/internal/adapter/httpserver/webui_dayoffs.go:30.16,32.3 1 0
github.com/serverkraken/flow/internal/adapter/httpserver/webui_dayoffs.go:33.2,33.120 1 1
github.com/serverkraken/flow/internal/adapter/httpserver/webui_dayoffs.go:36.51,37.20 1 1
github.com/serverkraken/flow/internal/adapter/httpserver/webui_dayoffs.go:37.20,39.3 1 1
github.com/serverkraken/flow/internal/adapter/httpserver/webui_dayoffs.go:40.2,40.41 1 1
github.com/serverkraken/flow/internal/adapter/httpserver/webui_dayoffs.go:43.94,45.16 2 1
github.com/serverkraken/flow/internal/adapter/httpserver/webui_dayoffs.go:45.16,48.3 2 0
github.com/serverkraken/flow/internal/adapter/httpserver/webui_dayoffs.go:49.2,50.52 2 1
github.com/serverkraken/flow/internal/adapter/httpserver/webui_dayoffs.go:53.78,56.16 3 1
github.com/serverkraken/flow/internal/adapter/httpserver/webui_dayoffs.go:56.16,59.3 2 0
github.com/serverkraken/flow/internal/adapter/httpserver/webui_dayoffs.go:60.2,61.48 2 1
github.com/serverkraken/flow/internal/adapter/httpserver/webui_dayoffs.go:64.82,67.2 2 1
github.com/serverkraken/flow/internal/adapter/httpserver/webui_dayoffs.go:69.77,73.8 4 1
github.com/serverkraken/flow/internal/adapter/httpserver/webui_dayoffs.go:73.8,76.33 3 1
github.com/serverkraken/flow/internal/adapter/httpserver/webui_dayoffs.go:76.33,78.4 1 1
github.com/serverkraken/flow/internal/adapter/httpserver/webui_dayoffs.go:80.2,80.33 1 1
github.com/serverkraken/flow/internal/adapter/httpserver/webui_dayoffs.go:83.80,86.96 3 1
github.com/serverkraken/flow/internal/adapter/httpserver/webui_dayoffs.go:86.96,88.3 1 1
github.com/serverkraken/flow/internal/adapter/httpserver/webui_dayoffs.go:89.2,89.33 1 1
github.com/serverkraken/flow/internal/adapter/httpserver/webui_dayoffs.go:92.78,96.2 3 1
github.com/serverkraken/flow/internal/adapter/httpserver/webui_docs.go:21.37,30.2 5 1
github.com/serverkraken/flow/internal/adapter/httpserver/webui_docs.go:35.43,38.30 3 1
github.com/serverkraken/flow/internal/adapter/httpserver/webui_docs.go:38.30,40.3 1 0
github.com/serverkraken/flow/internal/adapter/httpserver/webui_docs.go:41.2,41.20 1 1
github.com/serverkraken/flow/internal/adapter/httpserver/webui_docs.go:41.20,44.3 1 1
github.com/serverkraken/flow/internal/adapter/httpserver/webui_docs.go:48.2,49.6 2 1
github.com/serverkraken/flow/internal/adapter/httpserver/webui_docs.go:49.6,51.12 2 1
github.com/serverkraken/flow/internal/adapter/httpserver/webui_docs.go:51.12,53.9 2 1
github.com/serverkraken/flow/internal/adapter/httpserver/webui_docs.go:55.3,56.12 2 1
github.com/serverkraken/flow/internal/adapter/httpserver/webui_docs.go:56.12,59.9 2 0
github.com/serverkraken/flow/internal/adapter/httpserver/webui_docs.go:61.3,64.55 3 1
github.com/serverkraken/flow/internal/adapter/httpserver/webui_docs.go:64.55,68.12 3 0
github.com/serverkraken/flow/internal/adapter/httpserver/webui_docs.go:70.3,74.37 5 1
github.com/serverkraken/flow/internal/adapter/httpserver/webui_docs.go:76.2,76.21 1 1
github.com/serverkraken/flow/internal/adapter/httpserver/webui_docs.go:81.54,83.25 2 1
github.com/serverkraken/flow/internal/adapter/httpserver/webui_docs.go:83.25,85.3 1 1
github.com/serverkraken/flow/internal/adapter/httpserver/webui_docs.go:86.2,86.13 1 1
github.com/serverkraken/flow/internal/adapter/httpserver/webui_docs.go:86.13,88.3 1 1
github.com/serverkraken/flow/internal/adapter/httpserver/webui_docs.go:89.2,90.15 2 1
github.com/serverkraken/flow/internal/adapter/httpserver/webui_docs.go:90.15,92.3 1 1
github.com/serverkraken/flow/internal/adapter/httpserver/webui_docs.go:93.2,93.18 1 1
github.com/serverkraken/flow/internal/adapter/httpserver/webui_docs.go:96.91,100.16 4 1
github.com/serverkraken/flow/internal/adapter/httpserver/webui_docs.go:100.16,102.3 1 0
github.com/serverkraken/flow/internal/adapter/httpserver/webui_docs.go:103.2,104.27 2 1
github.com/serverkraken/flow/internal/adapter/httpserver/webui_docs.go:104.27,106.3 1 1
github.com/serverkraken/flow/internal/adapter/httpserver/webui_docs.go:107.2,108.29 2 1
github.com/serverkraken/flow/internal/adapter/httpserver/webui_docs.go:108.29,112.3 1 1
github.com/serverkraken/flow/internal/adapter/httpserver/webui_docs.go:113.2,117.13 2 1
github.com/serverkraken/flow/internal/adapter/httpserver/webui_docs.go:117.13,119.17 2 1
github.com/serverkraken/flow/internal/adapter/httpserver/webui_docs.go:119.17,121.4 1 0
github.com/serverkraken/flow/internal/adapter/httpserver/webui_docs.go:122.3,123.26 2 1
github.com/serverkraken/flow/internal/adapter/httpserver/webui_docs.go:123.26,128.4 1 1
github.com/serverkraken/flow/internal/adapter/httpserver/webui_docs.go:129.3,130.19 2 1
github.com/serverkraken/flow/internal/adapter/httpserver/webui_docs.go:132.2,133.16 2 1
github.com/serverkraken/flow/internal/adapter/httpserver/webui_docs.go:133.16,135.3 1 0
github.com/serverkraken/flow/internal/adapter/httpserver/webui_docs.go:136.2,137.25 2 1
github.com/serverkraken/flow/internal/adapter/httpserver/webui_docs.go:137.25,141.3 1 1
github.com/serverkraken/flow/internal/adapter/httpserver/webui_docs.go:142.2,143.18 2 1
github.com/serverkraken/flow/internal/adapter/httpserver/webui_docs.go:147.56,150.27 3 1
github.com/serverkraken/flow/internal/adapter/httpserver/webui_docs.go:150.27,151.15 1 1
github.com/serverkraken/flow/internal/adapter/httpserver/webui_docs.go:151.15,153.12 2 1
github.com/serverkraken/flow/internal/adapter/httpserver/webui_docs.go:155.3,155.25 1 1
github.com/serverkraken/flow/internal/adapter/httpserver/webui_docs.go:157.2,157.14 1 1
github.com/serverkraken/flow/internal/adapter/httpserver/webui_docs.go:157.14,159.3 1 1
github.com/serverkraken/flow/internal/adapter/httpserver/webui_docs.go:160.2,160.39 1 1
github.com/serverkraken/flow/internal/adapter/httpserver/webui_docs.go:164.39,166.2 1 1
github.com/serverkraken/flow/internal/adapter/httpserver/webui_docs.go:168.43,169.20 1 1
github.com/serverkraken/flow/internal/adapter/httpserver/webui_docs.go:169.20,171.3 1 1
github.com/serverkraken/flow/internal/adapter/httpserver/webui_docs.go:172.2,173.25 2 1
github.com/serverkraken/flow/internal/adapter/httpserver/webui_docs.go:173.25,175.3 1 1
github.com/serverkraken/flow/internal/adapter/httpserver/webui_docs.go:176.2,176.25 1 1
github.com/serverkraken/flow/internal/adapter/httpserver/webui_docs.go:179.76,182.16 3 1
github.com/serverkraken/flow/internal/adapter/httpserver/webui_docs.go:182.16,185.3 2 0
github.com/serverkraken/flow/internal/adapter/httpserver/webui_docs.go:186.2,187.46 2 1
github.com/serverkraken/flow/internal/adapter/httpserver/webui_docs.go:191.76,194.16 3 1
github.com/serverkraken/flow/internal/adapter/httpserver/webui_docs.go:194.16,197.3 2 0
github.com/serverkraken/flow/internal/adapter/httpserver/webui_docs.go:198.2,199.50 2 1
github.com/serverkraken/flow/internal/adapter/httpserver/webui_docs.go:202.75,206.47 4 1
github.com/serverkraken/flow/internal/adapter/httpserver/webui_docs.go:206.47,209.3 2 1
github.com/serverkraken/flow/internal/adapter/httpserver/webui_docs.go:210.2,210.16 1 1
github.com/serverkraken/flow/internal/adapter/httpserver/webui_docs.go:210.16,213.3 2 0
github.com/serverkraken/flow/internal/adapter/httpserver/webui_docs.go:214.2,215.16 2 1
github.com/serverkraken/flow/internal/adapter/httpserver/webui_docs.go:215.16,218.3 2 0
github.com/serverkraken/flow/internal/adapter/httpserver/webui_docs.go:219.2,219.56 1 1
github.com/serverkraken/flow/internal/adapter/httpserver/webui_docs.go:219.56,220.60 1 1
github.com/serverkraken/flow/internal/adapter/httpserver/webui_docs.go:220.60,222.4 1 1
github.com/serverkraken/flow/internal/adapter/httpserver/webui_docs.go:223.3,223.23 1 0
github.com/serverkraken/flow/internal/adapter/httpserver/webui_docs.go:225.2,228.16 3 1
github.com/serverkraken/flow/internal/adapter/httpserver/webui_docs.go:228.16,231.3 2 0
github.com/serverkraken/flow/internal/adapter/httpserver/webui_docs.go:232.2,233.27 2 1
github.com/serverkraken/flow/internal/adapter/httpserver/webui_docs.go:233.27,235.3 1 1
github.com/serverkraken/flow/internal/adapter/httpserver/webui_docs.go:237.2,238.29 2 1
github.com/serverkraken/flow/internal/adapter/httpserver/webui_docs.go:238.29,240.3 1 1
github.com/serverkraken/flow/internal/adapter/httpserver/webui_docs.go:241.2,249.45 3 1
github.com/serverkraken/flow/internal/adapter/httpserver/webui_docs.go:252.74,257.2 4 1
github.com/serverkraken/flow/internal/adapter/httpserver/webui_docs.go:259.75,263.47 4 1
github.com/serverkraken/flow/internal/adapter/httpserver/webui_docs.go:263.47,266.3 2 1
github.com/serverkraken/flow/internal/adapter/httpserver/webui_docs.go:267.2,267.16 1 1
github.com/serverkraken/flow/internal/adapter/httpserver/webui_docs.go:267.16,270.3 2 0
github.com/serverkraken/flow/internal/adapter/httpserver/webui_docs.go:271.2,276.54 4 1
github.com/serverkraken/flow/internal/adapter/httpserver/webui_docs.go:279.77,284.44 4 1
github.com/serverkraken/flow/internal/adapter/httpserver/webui_docs.go:284.44,286.3 1 0
github.com/serverkraken/flow/internal/adapter/httpserver/webui_docs.go:289.2,304.9 3 1
github.com/serverkraken/flow/internal/adapter/httpserver/webui_docs.go:305.49,309.51 4 1
github.com/serverkraken/flow/internal/adapter/httpserver/webui_docs.go:310.47,314.51 4 1
github.com/serverkraken/flow/internal/adapter/httpserver/webui_docs.go:315.18,316.64 1 0
github.com/serverkraken/flow/internal/adapter/httpserver/webui_docs.go:317.10,319.60 2 1
github.com/serverkraken/flow/internal/adapter/httpserver/webui_docs.go:323.77,332.47 5 1
github.com/serverkraken/flow/internal/adapter/httpserver/webui_docs.go:332.47,335.3 2 1
github.com/serverkraken/flow/internal/adapter/httpserver/webui_docs.go:336.2,336.16 1 1
github.com/serverkraken/flow/internal/adapter/httpserver/webui_docs.go:336.16,339.3 2 0
github.com/serverkraken/flow/internal/adapter/httpserver/webui_docs.go:340.2,341.55 2 1
github.com/serverkraken/flow/internal/adapter/httpserver/webui_docs.go:344.77,348.47 4 1
github.com/serverkraken/flow/internal/adapter/httpserver/webui_docs.go:348.47,351.3 2 1
github.com/serverkraken/flow/internal/adapter/httpserver/webui_docs.go:352.2,352.16 1 1
github.com/serverkraken/flow/internal/adapter/httpserver/webui_docs.go:352.16,355.3 2 0
github.com/serverkraken/flow/internal/adapter/httpserver/webui_docs.go:356.2,357.51 2 1
github.com/serverkraken/flow/internal/adapter/httpserver/webui_export.go:16.119,18.16 2 1
github.com/serverkraken/flow/internal/adapter/httpserver/webui_export.go:18.16,20.3 1 0
github.com/serverkraken/flow/internal/adapter/httpserver/webui_export.go:22.2,26.36 4 1
github.com/serverkraken/flow/internal/adapter/httpserver/webui_export.go:26.36,28.23 2 1
github.com/serverkraken/flow/internal/adapter/httpserver/webui_export.go:28.23,31.4 2 0
github.com/serverkraken/flow/internal/adapter/httpserver/webui_export.go:32.3,37.25 2 1
github.com/serverkraken/flow/internal/adapter/httpserver/webui_export.go:43.2,44.26 2 1
github.com/serverkraken/flow/internal/adapter/httpserver/webui_export.go:44.26,46.30 2 0
github.com/serverkraken/flow/internal/adapter/httpserver/webui_export.go:46.30,48.4 1 0
github.com/serverkraken/flow/internal/adapter/httpserver/webui_export.go:49.3,51.26 3 0
github.com/serverkraken/flow/internal/adapter/httpserver/webui_export.go:51.26,53.4 1 0
github.com/serverkraken/flow/internal/adapter/httpserver/webui_export.go:54.3,54.41 1 0
github.com/serverkraken/flow/internal/adapter/httpserver/webui_export.go:57.2,64.8 1 1
github.com/serverkraken/flow/internal/adapter/httpserver/webui_export.go:68.62,73.2 4 1
github.com/serverkraken/flow/internal/adapter/httpserver/webui_export.go:75.78,78.9 3 1
github.com/serverkraken/flow/internal/adapter/httpserver/webui_export.go:78.9,80.3 1 1
github.com/serverkraken/flow/internal/adapter/httpserver/webui_export.go:81.2,82.16 2 1
github.com/serverkraken/flow/internal/adapter/httpserver/webui_export.go:82.16,85.3 2 0
github.com/serverkraken/flow/internal/adapter/httpserver/webui_export.go:86.2,87.48 2 1
github.com/serverkraken/flow/internal/adapter/httpserver/webui_export.go:90.81,93.9 3 1
github.com/serverkraken/flow/internal/adapter/httpserver/webui_export.go:93.9,95.3 1 0
github.com/serverkraken/flow/internal/adapter/httpserver/webui_export.go:96.2,97.16 2 1
github.com/serverkraken/flow/internal/adapter/httpserver/webui_export.go:97.16,100.3 2 0
github.com/serverkraken/flow/internal/adapter/httpserver/webui_export.go:101.2,102.52 2 1
github.com/serverkraken/flow/internal/adapter/httpserver/webui_stats.go:15.27,16.11 1 1
github.com/serverkraken/flow/internal/adapter/httpserver/webui_stats.go:16.11,19.3 2 1
github.com/serverkraken/flow/internal/adapter/httpserver/webui_stats.go:20.2,20.45 1 1
github.com/serverkraken/flow/internal/adapter/httpserver/webui_stats.go:24.39,26.12 2 1
github.com/serverkraken/flow/internal/adapter/httpserver/webui_stats.go:26.12,28.3 1 1
github.com/serverkraken/flow/internal/adapter/httpserver/webui_stats.go:29.2,29.18 1 1
github.com/serverkraken/flow/internal/adapter/httpserver/webui_stats.go:33.26,34.11 1 1
github.com/serverkraken/flow/internal/adapter/httpserver/webui_stats.go:34.11,36.3 1 0
github.com/serverkraken/flow/internal/adapter/httpserver/webui_stats.go:37.2,37.13 1 1
github.com/serverkraken/flow/internal/adapter/httpserver/webui_stats.go:37.13,39.3 1 1
github.com/serverkraken/flow/internal/adapter/httpserver/webui_stats.go:40.2,40.10 1 1
github.com/serverkraken/flow/internal/adapter/httpserver/webui_stats.go:43.101,47.16 3 1
github.com/serverkraken/flow/internal/adapter/httpserver/webui_stats.go:47.16,49.3 1 0
github.com/serverkraken/flow/internal/adapter/httpserver/webui_stats.go:51.2,52.16 2 1
github.com/serverkraken/flow/internal/adapter/httpserver/webui_stats.go:52.16,54.3 1 0
github.com/serverkraken/flow/internal/adapter/httpserver/webui_stats.go:56.2,57.16 2 1
github.com/serverkraken/flow/internal/adapter/httpserver/webui_stats.go:57.16,59.3 1 0
github.com/serverkraken/flow/internal/adapter/httpserver/webui_stats.go:61.2,61.20 1 1
github.com/serverkraken/flow/internal/adapter/httpserver/webui_stats.go:61.20,63.3 1 1
github.com/serverkraken/flow/internal/adapter/httpserver/webui_stats.go:64.2,65.16 2 1
github.com/serverkraken/flow/internal/adapter/httpserver/webui_stats.go:65.16,67.3 1 0
github.com/serverkraken/flow/internal/adapter/httpserver/webui_stats.go:69.2,70.16 2 1
github.com/serverkraken/flow/internal/adapter/httpserver/webui_stats.go:70.16,72.3 1 0
github.com/serverkraken/flow/internal/adapter/httpserver/webui_stats.go:75.2,76.30 2 1
github.com/serverkraken/flow/internal/adapter/httpserver/webui_stats.go:76.30,80.17 4 1
github.com/serverkraken/flow/internal/adapter/httpserver/webui_stats.go:80.17,82.4 1 1
github.com/serverkraken/flow/internal/adapter/httpserver/webui_stats.go:83.3,91.5 2 1
github.com/serverkraken/flow/internal/adapter/httpserver/webui_stats.go:95.2,96.25 2 1
github.com/serverkraken/flow/internal/adapter/httpserver/webui_stats.go:96.25,98.3 1 1
github.com/serverkraken/flow/internal/adapter/httpserver/webui_stats.go:100.2,101.20 2 1
github.com/serverkraken/flow/internal/adapter/httpserver/webui_stats.go:101.20,103.3 1 1
github.com/serverkraken/flow/internal/adapter/httpserver/webui_stats.go:106.2,138.8 6 1
github.com/serverkraken/flow/internal/adapter/httpserver/webui_stats.go:141.105,143.16 2 1
github.com/serverkraken/flow/internal/adapter/httpserver/webui_stats.go:143.16,146.3 2 0
github.com/serverkraken/flow/internal/adapter/httpserver/webui_stats.go:147.2,148.51 2 1
github.com/serverkraken/flow/internal/adapter/httpserver/webui_stats.go:151.77,155.16 4 1
github.com/serverkraken/flow/internal/adapter/httpserver/webui_stats.go:155.16,158.3 2 0
github.com/serverkraken/flow/internal/adapter/httpserver/webui_stats.go:159.2,160.47 2 1
github.com/serverkraken/flow/internal/adapter/httpserver/webui_stats.go:163.81,167.2 3 1
github.com/serverkraken/flow/internal/adapter/httpserver/webui_stats.go:169.77,173.34 4 1
github.com/serverkraken/flow/internal/adapter/httpserver/webui_stats.go:173.34,176.3 2 1
github.com/serverkraken/flow/internal/adapter/httpserver/webui_stats.go:178.2,179.16 2 1
github.com/serverkraken/flow/internal/adapter/httpserver/webui_stats.go:179.16,182.3 2 0
github.com/serverkraken/flow/internal/adapter/httpserver/webui_stats.go:183.2,183.97 1 1
github.com/serverkraken/flow/internal/adapter/httpserver/webui_stats.go:183.97,184.37 1 0
github.com/serverkraken/flow/internal/adapter/httpserver/webui_stats.go:184.37,187.4 2 0
github.com/serverkraken/flow/internal/adapter/httpserver/webui_stats.go:188.3,189.9 2 0
github.com/serverkraken/flow/internal/adapter/httpserver/webui_stats.go:191.2,194.37 3 1
github.com/serverkraken/flow/internal/adapter/httpserver/worktime.go:14.58,18.2 3 1
github.com/serverkraken/flow/internal/adapter/httpserver/worktime.go:26.77,31.46 5 1
github.com/serverkraken/flow/internal/adapter/httpserver/worktime.go:31.46,34.3 2 1
github.com/serverkraken/flow/internal/adapter/httpserver/worktime.go:35.2,35.16 1 1
github.com/serverkraken/flow/internal/adapter/httpserver/worktime.go:35.16,38.3 2 0
github.com/serverkraken/flow/internal/adapter/httpserver/worktime.go:39.2,40.40 2 1
github.com/serverkraken/flow/internal/adapter/httpserver/worktime.go:47.76,52.9 5 1
github.com/serverkraken/flow/internal/adapter/httpserver/worktime.go:53.49,55.9 2 1
github.com/serverkraken/flow/internal/adapter/httpserver/worktime.go:56.92,58.9 2 0
github.com/serverkraken/flow/internal/adapter/httpserver/worktime.go:59.18,61.9 2 0
github.com/serverkraken/flow/internal/adapter/httpserver/worktime.go:63.2,64.35 2 1
github.com/serverkraken/flow/internal/adapter/httpserver/worktime.go:67.77,70.46 3 1
github.com/serverkraken/flow/internal/adapter/httpserver/worktime.go:70.46,71.56 1 1
github.com/serverkraken/flow/internal/adapter/httpserver/worktime.go:71.56,73.4 1 1
github.com/serverkraken/flow/internal/adapter/httpserver/worktime.go:75.2,76.16 2 1
github.com/serverkraken/flow/internal/adapter/httpserver/worktime.go:76.16,79.3 2 0
github.com/serverkraken/flow/internal/adapter/httpserver/worktime.go:80.2,80.17 1 1
github.com/serverkraken/flow/internal/adapter/httpserver/worktime.go:80.17,82.3 1 1
github.com/serverkraken/flow/internal/adapter/httpserver/worktime.go:83.2,83.35 1 1
github.com/serverkraken/flow/internal/adapter/httpserver/worktime.go:93.78,96.79 3 1
github.com/serverkraken/flow/internal/adapter/httpserver/worktime.go:96.79,99.3 2 0
github.com/serverkraken/flow/internal/adapter/httpserver/worktime.go:100.2,101.16 2 1
github.com/serverkraken/flow/internal/adapter/httpserver/worktime.go:101.16,104.3 2 0
github.com/serverkraken/flow/internal/adapter/httpserver/worktime.go:105.2,106.37 2 1
github.com/serverkraken/flow/internal/adapter/httpserver/worktime.go:109.77,112.16 3 1
github.com/serverkraken/flow/internal/adapter/httpserver/worktime.go:112.16,115.3 2 0
github.com/serverkraken/flow/internal/adapter/httpserver/worktime.go:116.2,116.17 1 1
github.com/serverkraken/flow/internal/adapter/httpserver/worktime.go:116.17,118.3 1 1
github.com/serverkraken/flow/internal/adapter/httpserver/worktime.go:119.2,119.35 1 1
github.com/serverkraken/flow/internal/adapter/httpserver/worktime.go:130.76,133.61 3 1
github.com/serverkraken/flow/internal/adapter/httpserver/worktime.go:133.61,136.3 2 0
github.com/serverkraken/flow/internal/adapter/httpserver/worktime.go:137.2,137.24 1 1
github.com/serverkraken/flow/internal/adapter/httpserver/worktime.go:137.24,140.3 2 0
github.com/serverkraken/flow/internal/adapter/httpserver/worktime.go:141.2,144.9 2 1
github.com/serverkraken/flow/internal/adapter/httpserver/worktime.go:145.49,147.9 2 1
github.com/serverkraken/flow/internal/adapter/httpserver/worktime.go:148.48,150.9 2 1
github.com/serverkraken/flow/internal/adapter/httpserver/worktime.go:151.18,153.9 2 0
github.com/serverkraken/flow/internal/adapter/httpserver/worktime.go:155.2,156.35 2 1
github.com/serverkraken/flow/internal/adapter/httpserver/worktime.go:159.78,162.64 3 1
github.com/serverkraken/flow/internal/adapter/httpserver/worktime.go:163.48,165.9 2 1
github.com/serverkraken/flow/internal/adapter/httpserver/worktime.go:166.18,168.9 2 0
github.com/serverkraken/flow/internal/adapter/httpserver/worktime.go:170.2,171.37 2 1
github.com/serverkraken/flow/internal/adapter/httpserver/worktime.go:175.40,177.2 1 1
github.com/serverkraken/flow/internal/adapter/oidcauth/auth.go:21.107,23.16 2 1
github.com/serverkraken/flow/internal/adapter/oidcauth/auth.go:23.16,25.3 1 0
github.com/serverkraken/flow/internal/adapter/oidcauth/auth.go:26.2,35.8 1 1
github.com/serverkraken/flow/internal/adapter/oidcauth/auth.go:38.58,38.95 1 1
github.com/serverkraken/flow/internal/adapter/oidcauth/auth.go:40.92,42.16 2 1
github.com/serverkraken/flow/internal/adapter/oidcauth/auth.go:42.16,44.3 1 0
github.com/serverkraken/flow/internal/adapter/oidcauth/auth.go:45.2,46.9 2 1
github.com/serverkraken/flow/internal/adapter/oidcauth/auth.go:46.9,48.3 1 0
github.com/serverkraken/flow/internal/adapter/oidcauth/auth.go:49.2,50.16 2 1
github.com/serverkraken/flow/internal/adapter/oidcauth/auth.go:50.16,52.3 1 0
github.com/serverkraken/flow/internal/adapter/oidcauth/auth.go:53.2,60.39 2 1
github.com/serverkraken/flow/internal/adapter/oidcauth/auth.go:60.39,62.3 1 0
github.com/serverkraken/flow/internal/adapter/oidcauth/auth.go:63.2,63.123 1 1
github.com/serverkraken/flow/internal/adapter/oidcverify/verifier.go:20.85,22.16 2 1
github.com/serverkraken/flow/internal/adapter/oidcverify/verifier.go:22.16,24.3 1 0
github.com/serverkraken/flow/internal/adapter/oidcverify/verifier.go:25.2,26.30 2 1
github.com/serverkraken/flow/internal/adapter/oidcverify/verifier.go:26.30,27.14 1 1
github.com/serverkraken/flow/internal/adapter/oidcverify/verifier.go:27.14,29.4 1 1
github.com/serverkraken/flow/internal/adapter/oidcverify/verifier.go:33.2,36.8 1 1
github.com/serverkraken/flow/internal/adapter/oidcverify/verifier.go:50.85,52.16 2 1
github.com/serverkraken/flow/internal/adapter/oidcverify/verifier.go:52.16,54.3 1 1
github.com/serverkraken/flow/internal/adapter/oidcverify/verifier.go:55.2,56.33 2 1
github.com/serverkraken/flow/internal/adapter/oidcverify/verifier.go:56.33,57.22 1 1
github.com/serverkraken/flow/internal/adapter/oidcverify/verifier.go:57.22,59.9 2 1
github.com/serverkraken/flow/internal/adapter/oidcverify/verifier.go:62.2,62.9 1 1
github.com/serverkraken/flow/internal/adapter/oidcverify/verifier.go:62.9,64.3 1 1
github.com/serverkraken/flow/internal/adapter/oidcverify/verifier.go:65.2,66.39 2 1
github.com/serverkraken/flow/internal/adapter/oidcverify/verifier.go:66.39,68.3 1 0
github.com/serverkraken/flow/internal/adapter/oidcverify/verifier.go:69.2,69.123 1 1
github.com/serverkraken/flow/internal/adapter/opener/opener.go:14.20,14.40 1 0
github.com/serverkraken/flow/internal/adapter/opener/opener.go:18.38,21.2 2 0
github.com/serverkraken/flow/internal/adapter/opener/opener.go:23.48,24.22 1 1
github.com/serverkraken/flow/internal/adapter/opener/opener.go:25.16,26.31 1 1
github.com/serverkraken/flow/internal/adapter/opener/opener.go:27.17,28.66 1 0
github.com/serverkraken/flow/internal/adapter/opener/opener.go:29.10,30.35 1 0
github.com/serverkraken/flow/internal/adapter/sse/bus.go:26.20,26.69 1 1
github.com/serverkraken/flow/internal/adapter/sse/bus.go:31.70,38.19 6 1
github.com/serverkraken/flow/internal/adapter/sse/bus.go:38.19,39.18 1 1
github.com/serverkraken/flow/internal/adapter/sse/bus.go:39.18,44.4 4 1
github.com/serverkraken/flow/internal/adapter/sse/bus.go:46.2,46.21 1 1
github.com/serverkraken/flow/internal/adapter/sse/bus.go:53.40,56.24 3 1
github.com/serverkraken/flow/internal/adapter/sse/bus.go:56.24,57.28 1 1
github.com/serverkraken/flow/internal/adapter/sse/bus.go:57.28,58.12 1 1
github.com/serverkraken/flow/internal/adapter/sse/bus.go:60.3,60.10 1 1
github.com/serverkraken/flow/internal/adapter/sse/bus.go:61.19,61.19 0 1
github.com/serverkraken/flow/internal/adapter/sse/bus.go:62.11,62.11 0 1
github.com/serverkraken/flow/internal/adapter/systemclock/clock.go:8.30,8.51 1 1
github.com/serverkraken/flow/internal/adapter/tokenstore/file.go:18.43,18.76 1 1
github.com/serverkraken/flow/internal/adapter/tokenstore/file.go:26.47,27.65 1 1
github.com/serverkraken/flow/internal/adapter/tokenstore/file.go:27.65,29.3 1 0
github.com/serverkraken/flow/internal/adapter/tokenstore/file.go:30.2,31.16 2 1
github.com/serverkraken/flow/internal/adapter/tokenstore/file.go:31.16,33.3 1 0
github.com/serverkraken/flow/internal/adapter/tokenstore/file.go:34.2,34.39 1 1
github.com/serverkraken/flow/internal/adapter/tokenstore/file.go:37.55,39.36 2 1
github.com/serverkraken/flow/internal/adapter/tokenstore/file.go:39.36,41.3 1 1
github.com/serverkraken/flow/internal/adapter/tokenstore/file.go:42.2,42.16 1 1
github.com/serverkraken/flow/internal/adapter/tokenstore/file.go:42.16,44.3 1 0
github.com/serverkraken/flow/internal/adapter/tokenstore/file.go:45.2,46.47 2 1
github.com/serverkraken/flow/internal/adapter/tokenstore/file.go:46.47,48.3 1 0
github.com/serverkraken/flow/internal/adapter/tokenstore/file.go:49.2,49.110 1 1
github.com/serverkraken/flow/internal/adapter/tokenstore/file.go:52.35,54.36 2 1
github.com/serverkraken/flow/internal/adapter/tokenstore/file.go:54.36,56.3 1 0
github.com/serverkraken/flow/internal/adapter/tokenstore/file.go:57.2,57.12 1 1
github.com/serverkraken/flow/internal/adapter/tokenstore/keyring.go:22.38,22.64 1 1
github.com/serverkraken/flow/internal/adapter/tokenstore/keyring.go:24.47,25.79 1 1
github.com/serverkraken/flow/internal/adapter/tokenstore/keyring.go:25.79,27.3 1 0
github.com/serverkraken/flow/internal/adapter/tokenstore/keyring.go:28.2,28.81 1 1
github.com/serverkraken/flow/internal/adapter/tokenstore/keyring.go:28.81,30.3 1 0
github.com/serverkraken/flow/internal/adapter/tokenstore/keyring.go:31.2,31.89 1 1
github.com/serverkraken/flow/internal/adapter/tokenstore/keyring.go:34.55,36.41 2 1
github.com/serverkraken/flow/internal/adapter/tokenstore/keyring.go:36.41,38.3 1 1
github.com/serverkraken/flow/internal/adapter/tokenstore/keyring.go:39.2,39.16 1 1
github.com/serverkraken/flow/internal/adapter/tokenstore/keyring.go:39.16,41.3 1 0
github.com/serverkraken/flow/internal/adapter/tokenstore/keyring.go:42.2,43.56 2 1
github.com/serverkraken/flow/internal/adapter/tokenstore/keyring.go:43.56,45.3 1 0
github.com/serverkraken/flow/internal/adapter/tokenstore/keyring.go:46.2,47.82 2 1
github.com/serverkraken/flow/internal/adapter/tokenstore/keyring.go:47.82,49.3 1 1
github.com/serverkraken/flow/internal/adapter/tokenstore/keyring.go:50.2,50.91 1 1
github.com/serverkraken/flow/internal/adapter/tokenstore/keyring.go:53.35,54.69 1 1
github.com/serverkraken/flow/internal/adapter/tokenstore/keyring.go:54.69,55.102 1 1
github.com/serverkraken/flow/internal/adapter/tokenstore/keyring.go:55.102,57.4 1 0
github.com/serverkraken/flow/internal/adapter/tokenstore/keyring.go:59.2,59.12 1 1
github.com/serverkraken/flow/internal/adapter/tokenstore/store.go:13.30,14.21 1 1
github.com/serverkraken/flow/internal/adapter/tokenstore/store.go:14.21,16.3 1 1
github.com/serverkraken/flow/internal/adapter/tokenstore/store.go:17.2,18.16 2 0
github.com/serverkraken/flow/internal/adapter/tokenstore/store.go:18.16,21.3 1 0
github.com/serverkraken/flow/internal/adapter/tokenstore/store.go:22.2,22.27 1 0
github.com/serverkraken/flow/internal/adapter/tokenstore/store.go:26.27,28.64 2 1
github.com/serverkraken/flow/internal/adapter/tokenstore/store.go:28.64,30.3 1 0
github.com/serverkraken/flow/internal/adapter/tokenstore/store.go:31.2,32.13 2 1
github.com/serverkraken/flow/internal/adapter/tokenstore/store.go:35.40,37.16 2 1
github.com/serverkraken/flow/internal/adapter/tokenstore/store.go:37.16,39.3 1 0
github.com/serverkraken/flow/internal/adapter/tokenstore/store.go:40.2,40.54 1 1
github.com/serverkraken/flow/internal/adapter/editor/editor.go:21.19,21.38 1 1
github.com/serverkraken/flow/internal/adapter/editor/editor.go:25.53,27.14 2 1
github.com/serverkraken/flow/internal/adapter/editor/editor.go:27.14,29.3 1 0
github.com/serverkraken/flow/internal/adapter/editor/editor.go:30.2,31.28 2 1
github.com/serverkraken/flow/internal/adapter/editor/editor.go:35.56,37.16 2 1
github.com/serverkraken/flow/internal/adapter/editor/editor.go:37.16,39.3 1 0
github.com/serverkraken/flow/internal/adapter/editor/editor.go:40.2,41.44 2 1
github.com/serverkraken/flow/internal/adapter/editor/editor.go:41.44,45.3 3 0
github.com/serverkraken/flow/internal/adapter/editor/editor.go:46.2,46.34 1 1
github.com/serverkraken/flow/internal/adapter/editor/editor.go:46.34,49.3 2 0
github.com/serverkraken/flow/internal/adapter/editor/editor.go:50.2,50.18 1 1
github.com/serverkraken/flow/internal/adapter/editor/editor.go:57.115,59.16 2 1
github.com/serverkraken/flow/internal/adapter/editor/editor.go:59.16,61.3 1 0
github.com/serverkraken/flow/internal/adapter/editor/editor.go:62.2,65.36 4 1
github.com/serverkraken/flow/internal/adapter/editor/editor.go:65.36,67.17 2 1
github.com/serverkraken/flow/internal/adapter/editor/editor.go:67.17,69.4 1 0
github.com/serverkraken/flow/internal/adapter/editor/editor.go:70.3,70.19 1 1
github.com/serverkraken/flow/internal/adapter/editor/editor.go:72.2,72.19 1 1
github.com/serverkraken/flow/internal/adapter/editor/editor.go:72.19,72.42 1 1
github.com/serverkraken/flow/internal/adapter/editor/editor.go:73.2,73.36 1 1
github.com/serverkraken/flow/internal/adapter/editor/editor.go:79.73,81.16 2 1
github.com/serverkraken/flow/internal/adapter/editor/editor.go:81.16,83.3 1 0
github.com/serverkraken/flow/internal/adapter/editor/editor.go:84.2,84.15 1 1
github.com/serverkraken/flow/internal/adapter/editor/editor.go:84.15,84.38 1 1
github.com/serverkraken/flow/internal/adapter/editor/editor.go:86.2,90.34 5 1
github.com/serverkraken/flow/internal/adapter/editor/editor.go:90.34,92.3 1 1
github.com/serverkraken/flow/internal/adapter/editor/editor.go:93.2,94.16 2 1
github.com/serverkraken/flow/internal/adapter/editor/editor.go:94.16,96.3 1 0
github.com/serverkraken/flow/internal/adapter/editor/editor.go:97.2,97.18 1 1
github.com/serverkraken/flow/internal/adapter/uuidgen/uuidgen.go:8.27,8.54 1 1
github.com/serverkraken/flow/internal/adapter/websession/cookie.go:18.56,20.2 1 1
github.com/serverkraken/flow/internal/adapter/websession/cookie.go:23.54,31.16 4 1
github.com/serverkraken/flow/internal/adapter/websession/cookie.go:31.16,33.3 1 0
github.com/serverkraken/flow/internal/adapter/websession/cookie.go:34.2,34.15 1 1
github.com/serverkraken/flow/internal/adapter/websession/cookie.go:39.51,41.78 2 1
github.com/serverkraken/flow/internal/adapter/websession/cookie.go:41.78,42.54 1 1
github.com/serverkraken/flow/internal/adapter/websession/cookie.go:42.54,44.4 1 0
github.com/serverkraken/flow/internal/adapter/websession/cookie.go:45.3,45.23 1 1
github.com/serverkraken/flow/internal/adapter/websession/cookie.go:47.2,47.16 1 1
github.com/serverkraken/flow/internal/adapter/websession/cookie.go:47.16,49.3 1 1
github.com/serverkraken/flow/internal/adapter/websession/cookie.go:50.2,50.28 1 1
github.com/serverkraken/flow/internal/adapter/webui/dayoffs_templ.go:21.47,22.131 1 0
github.com/serverkraken/flow/internal/adapter/webui/dayoffs_templ.go:22.131,24.71 2 0
github.com/serverkraken/flow/internal/adapter/webui/dayoffs_templ.go:24.71,26.4 1 0
github.com/serverkraken/flow/internal/adapter/webui/dayoffs_templ.go:27.3,28.31 2 0
github.com/serverkraken/flow/internal/adapter/webui/dayoffs_templ.go:28.31,29.17 1 0
github.com/serverkraken/flow/internal/adapter/webui/dayoffs_templ.go:29.17,31.34 2 0
github.com/serverkraken/flow/internal/adapter/webui/dayoffs_templ.go:31.34,33.6 1 0
github.com/serverkraken/flow/internal/adapter/webui/dayoffs_templ.go:36.3,38.33 3 0
github.com/serverkraken/flow/internal/adapter/webui/dayoffs_templ.go:38.33,40.4 1 0
github.com/serverkraken/flow/internal/adapter/webui/dayoffs_templ.go:41.3,43.32 3 0
github.com/serverkraken/flow/internal/adapter/webui/dayoffs_templ.go:43.32,45.4 1 0
github.com/serverkraken/flow/internal/adapter/webui/dayoffs_templ.go:46.3,47.32 2 0
github.com/serverkraken/flow/internal/adapter/webui/dayoffs_templ.go:47.32,49.4 1 0
github.com/serverkraken/flow/internal/adapter/webui/dayoffs_templ.go:50.3,51.32 2 0
github.com/serverkraken/flow/internal/adapter/webui/dayoffs_templ.go:51.32,53.4 1 0
github.com/serverkraken/flow/internal/adapter/webui/dayoffs_templ.go:54.3,54.13 1 0
github.com/serverkraken/flow/internal/adapter/webui/dayoffs_templ.go:58.51,59.131 1 0
github.com/serverkraken/flow/internal/adapter/webui/dayoffs_templ.go:59.131,61.71 2 0
github.com/serverkraken/flow/internal/adapter/webui/dayoffs_templ.go:61.71,63.4 1 0
github.com/serverkraken/flow/internal/adapter/webui/dayoffs_templ.go:64.3,65.31 2 0
github.com/serverkraken/flow/internal/adapter/webui/dayoffs_templ.go:65.31,66.17 1 0
github.com/serverkraken/flow/internal/adapter/webui/dayoffs_templ.go:66.17,68.34 2 0
github.com/serverkraken/flow/internal/adapter/webui/dayoffs_templ.go:68.34,70.6 1 0
github.com/serverkraken/flow/internal/adapter/webui/dayoffs_templ.go:73.3,75.33 3 0
github.com/serverkraken/flow/internal/adapter/webui/dayoffs_templ.go:75.33,77.4 1 0
github.com/serverkraken/flow/internal/adapter/webui/dayoffs_templ.go:78.3,80.32 3 0
github.com/serverkraken/flow/internal/adapter/webui/dayoffs_templ.go:80.32,82.4 1 0
github.com/serverkraken/flow/internal/adapter/webui/dayoffs_templ.go:83.3,85.32 3 0
github.com/serverkraken/flow/internal/adapter/webui/dayoffs_templ.go:85.32,87.4 1 0
github.com/serverkraken/flow/internal/adapter/webui/dayoffs_templ.go:88.3,89.32 2 0
github.com/serverkraken/flow/internal/adapter/webui/dayoffs_templ.go:89.32,91.4 1 0
github.com/serverkraken/flow/internal/adapter/webui/dayoffs_templ.go:92.3,93.32 2 0
github.com/serverkraken/flow/internal/adapter/webui/dayoffs_templ.go:93.32,95.4 1 0
github.com/serverkraken/flow/internal/adapter/webui/dayoffs_templ.go:96.3,96.31 1 0
github.com/serverkraken/flow/internal/adapter/webui/dayoffs_templ.go:96.31,98.33 2 0
github.com/serverkraken/flow/internal/adapter/webui/dayoffs_templ.go:98.33,100.5 1 0
github.com/serverkraken/flow/internal/adapter/webui/dayoffs_templ.go:101.4,103.33 3 0
github.com/serverkraken/flow/internal/adapter/webui/dayoffs_templ.go:103.33,105.5 1 0
github.com/serverkraken/flow/internal/adapter/webui/dayoffs_templ.go:106.4,107.33 2 0
github.com/serverkraken/flow/internal/adapter/webui/dayoffs_templ.go:107.33,109.5 1 0
github.com/serverkraken/flow/internal/adapter/webui/dayoffs_templ.go:110.4,111.33 2 0
github.com/serverkraken/flow/internal/adapter/webui/dayoffs_templ.go:111.33,113.5 1 0
github.com/serverkraken/flow/internal/adapter/webui/dayoffs_templ.go:114.4,114.17 1 0
github.com/serverkraken/flow/internal/adapter/webui/dayoffs_templ.go:114.17,117.34 3 0
github.com/serverkraken/flow/internal/adapter/webui/dayoffs_templ.go:117.34,119.6 1 0
github.com/serverkraken/flow/internal/adapter/webui/dayoffs_templ.go:120.5,121.34 2 0
github.com/serverkraken/flow/internal/adapter/webui/dayoffs_templ.go:121.34,123.6 1 0
github.com/serverkraken/flow/internal/adapter/webui/dayoffs_templ.go:124.5,125.34 2 0
github.com/serverkraken/flow/internal/adapter/webui/dayoffs_templ.go:125.34,127.6 1 0
github.com/serverkraken/flow/internal/adapter/webui/dayoffs_templ.go:128.10,131.34 3 0
github.com/serverkraken/flow/internal/adapter/webui/dayoffs_templ.go:131.34,133.6 1 0
github.com/serverkraken/flow/internal/adapter/webui/dayoffs_templ.go:134.5,135.34 2 0
github.com/serverkraken/flow/internal/adapter/webui/dayoffs_templ.go:135.34,137.6 1 0
github.com/serverkraken/flow/internal/adapter/webui/dayoffs_templ.go:138.5,139.34 2 0
github.com/serverkraken/flow/internal/adapter/webui/dayoffs_templ.go:139.34,141.6 1 0
github.com/serverkraken/flow/internal/adapter/webui/dayoffs_templ.go:142.5,144.34 3 0
github.com/serverkraken/flow/internal/adapter/webui/dayoffs_templ.go:144.34,146.6 1 0
github.com/serverkraken/flow/internal/adapter/webui/dayoffs_templ.go:147.5,148.34 2 0
github.com/serverkraken/flow/internal/adapter/webui/dayoffs_templ.go:148.34,150.6 1 0
github.com/serverkraken/flow/internal/adapter/webui/dayoffs_templ.go:152.4,153.33 2 0
github.com/serverkraken/flow/internal/adapter/webui/dayoffs_templ.go:153.33,155.5 1 0
github.com/serverkraken/flow/internal/adapter/webui/dayoffs_templ.go:156.4,156.18 1 0
github.com/serverkraken/flow/internal/adapter/webui/dayoffs_templ.go:156.18,158.34 2 0
github.com/serverkraken/flow/internal/adapter/webui/dayoffs_templ.go:158.34,160.6 1 0
github.com/serverkraken/flow/internal/adapter/webui/dayoffs_templ.go:161.5,163.34 3 0
github.com/serverkraken/flow/internal/adapter/webui/dayoffs_templ.go:163.34,165.6 1 0
github.com/serverkraken/flow/internal/adapter/webui/dayoffs_templ.go:166.5,167.34 2 0
github.com/serverkraken/flow/internal/adapter/webui/dayoffs_templ.go:167.34,169.6 1 0
github.com/serverkraken/flow/internal/adapter/webui/dayoffs_templ.go:170.5,171.34 2 0
github.com/serverkraken/flow/internal/adapter/webui/dayoffs_templ.go:171.34,173.6 1 0
github.com/serverkraken/flow/internal/adapter/webui/dayoffs_templ.go:175.4,176.33 2 0
github.com/serverkraken/flow/internal/adapter/webui/dayoffs_templ.go:176.33,178.5 1 0
github.com/serverkraken/flow/internal/adapter/webui/dayoffs_templ.go:180.3,181.32 2 0
github.com/serverkraken/flow/internal/adapter/webui/dayoffs_templ.go:181.32,183.4 1 0
github.com/serverkraken/flow/internal/adapter/webui/dayoffs_templ.go:184.3,186.32 3 0
github.com/serverkraken/flow/internal/adapter/webui/dayoffs_templ.go:186.32,188.4 1 0
github.com/serverkraken/flow/internal/adapter/webui/dayoffs_templ.go:189.3,190.32 2 0
github.com/serverkraken/flow/internal/adapter/webui/dayoffs_templ.go:190.32,192.4 1 0
github.com/serverkraken/flow/internal/adapter/webui/dayoffs_templ.go:193.3,194.32 2 0
github.com/serverkraken/flow/internal/adapter/webui/dayoffs_templ.go:194.32,196.4 1 0
github.com/serverkraken/flow/internal/adapter/webui/dayoffs_templ.go:197.3,197.13 1 0
github.com/serverkraken/flow/internal/adapter/webui/docs_templ.go:81.47,82.131 1 0
github.com/serverkraken/flow/internal/adapter/webui/docs_templ.go:82.131,84.71 2 0
github.com/serverkraken/flow/internal/adapter/webui/docs_templ.go:84.71,86.4 1 0
github.com/serverkraken/flow/internal/adapter/webui/docs_templ.go:87.3,88.31 2 0
github.com/serverkraken/flow/internal/adapter/webui/docs_templ.go:88.31,89.17 1 0
github.com/serverkraken/flow/internal/adapter/webui/docs_templ.go:89.17,91.34 2 0
github.com/serverkraken/flow/internal/adapter/webui/docs_templ.go:91.34,93.6 1 0
github.com/serverkraken/flow/internal/adapter/webui/docs_templ.go:96.3,98.33 3 0
github.com/serverkraken/flow/internal/adapter/webui/docs_templ.go:98.33,100.4 1 0
github.com/serverkraken/flow/internal/adapter/webui/docs_templ.go:101.3,103.32 3 0
github.com/serverkraken/flow/internal/adapter/webui/docs_templ.go:103.32,105.4 1 0
github.com/serverkraken/flow/internal/adapter/webui/docs_templ.go:106.3,108.32 3 0
github.com/serverkraken/flow/internal/adapter/webui/docs_templ.go:108.32,110.4 1 0
github.com/serverkraken/flow/internal/adapter/webui/docs_templ.go:111.3,112.32 2 0
github.com/serverkraken/flow/internal/adapter/webui/docs_templ.go:112.32,114.4 1 0
github.com/serverkraken/flow/internal/adapter/webui/docs_templ.go:115.3,116.32 2 0
github.com/serverkraken/flow/internal/adapter/webui/docs_templ.go:116.32,118.4 1 0
github.com/serverkraken/flow/internal/adapter/webui/docs_templ.go:119.3,120.32 2 0
github.com/serverkraken/flow/internal/adapter/webui/docs_templ.go:120.32,122.4 1 0
github.com/serverkraken/flow/internal/adapter/webui/docs_templ.go:123.3,124.32 2 0
github.com/serverkraken/flow/internal/adapter/webui/docs_templ.go:124.32,126.4 1 0
github.com/serverkraken/flow/internal/adapter/webui/docs_templ.go:127.3,127.13 1 0
github.com/serverkraken/flow/internal/adapter/webui/docs_templ.go:131.51,132.131 1 0
github.com/serverkraken/flow/internal/adapter/webui/docs_templ.go:132.131,134.71 2 0
github.com/serverkraken/flow/internal/adapter/webui/docs_templ.go:134.71,136.4 1 0
github.com/serverkraken/flow/internal/adapter/webui/docs_templ.go:137.3,138.31 2 0
github.com/serverkraken/flow/internal/adapter/webui/docs_templ.go:138.31,139.17 1 0
github.com/serverkraken/flow/internal/adapter/webui/docs_templ.go:139.17,141.34 2 0
github.com/serverkraken/flow/internal/adapter/webui/docs_templ.go:141.34,143.6 1 0
github.com/serverkraken/flow/internal/adapter/webui/docs_templ.go:146.3,148.33 3 0
github.com/serverkraken/flow/internal/adapter/webui/docs_templ.go:148.33,150.4 1 0
github.com/serverkraken/flow/internal/adapter/webui/docs_templ.go:151.3,153.32 3 0
github.com/serverkraken/flow/internal/adapter/webui/docs_templ.go:153.32,155.4 1 0
github.com/serverkraken/flow/internal/adapter/webui/docs_templ.go:156.3,157.32 2 0
github.com/serverkraken/flow/internal/adapter/webui/docs_templ.go:157.32,159.4 1 0
github.com/serverkraken/flow/internal/adapter/webui/docs_templ.go:160.3,160.13 1 0
github.com/serverkraken/flow/internal/adapter/webui/docs_templ.go:164.55,165.131 1 0
github.com/serverkraken/flow/internal/adapter/webui/docs_templ.go:165.131,167.71 2 0
github.com/serverkraken/flow/internal/adapter/webui/docs_templ.go:167.71,169.4 1 0
github.com/serverkraken/flow/internal/adapter/webui/docs_templ.go:170.3,171.31 2 0
github.com/serverkraken/flow/internal/adapter/webui/docs_templ.go:171.31,172.17 1 0
github.com/serverkraken/flow/internal/adapter/webui/docs_templ.go:172.17,174.34 2 0
github.com/serverkraken/flow/internal/adapter/webui/docs_templ.go:174.34,176.6 1 0
github.com/serverkraken/flow/internal/adapter/webui/docs_templ.go:179.3,181.33 3 0
github.com/serverkraken/flow/internal/adapter/webui/docs_templ.go:181.33,183.4 1 0
github.com/serverkraken/flow/internal/adapter/webui/docs_templ.go:184.3,186.32 3 0
github.com/serverkraken/flow/internal/adapter/webui/docs_templ.go:186.32,188.4 1 0
github.com/serverkraken/flow/internal/adapter/webui/docs_templ.go:189.3,189.34 1 0
github.com/serverkraken/flow/internal/adapter/webui/docs_templ.go:189.34,191.33 2 0
github.com/serverkraken/flow/internal/adapter/webui/docs_templ.go:191.33,193.5 1 0
github.com/serverkraken/flow/internal/adapter/webui/docs_templ.go:194.4,196.33 3 0
github.com/serverkraken/flow/internal/adapter/webui/docs_templ.go:196.33,198.5 1 0
github.com/serverkraken/flow/internal/adapter/webui/docs_templ.go:199.4,200.33 2 0
github.com/serverkraken/flow/internal/adapter/webui/docs_templ.go:200.33,202.5 1 0
github.com/serverkraken/flow/internal/adapter/webui/docs_templ.go:203.4,204.33 2 0
github.com/serverkraken/flow/internal/adapter/webui/docs_templ.go:204.33,206.5 1 0
github.com/serverkraken/flow/internal/adapter/webui/docs_templ.go:208.3,209.32 2 0
github.com/serverkraken/flow/internal/adapter/webui/docs_templ.go:209.32,211.4 1 0
github.com/serverkraken/flow/internal/adapter/webui/docs_templ.go:212.3,214.32 3 0
github.com/serverkraken/flow/internal/adapter/webui/docs_templ.go:214.32,216.4 1 0
github.com/serverkraken/flow/internal/adapter/webui/docs_templ.go:217.3,218.32 2 0
github.com/serverkraken/flow/internal/adapter/webui/docs_templ.go:218.32,220.4 1 0
github.com/serverkraken/flow/internal/adapter/webui/docs_templ.go:221.3,222.32 2 0
github.com/serverkraken/flow/internal/adapter/webui/docs_templ.go:222.32,224.4 1 0
github.com/serverkraken/flow/internal/adapter/webui/docs_templ.go:225.3,225.25 1 0
github.com/serverkraken/flow/internal/adapter/webui/docs_templ.go:225.25,227.33 2 0
github.com/serverkraken/flow/internal/adapter/webui/docs_templ.go:227.33,229.5 1 0
github.com/serverkraken/flow/internal/adapter/webui/docs_templ.go:230.4,230.32 1 0
github.com/serverkraken/flow/internal/adapter/webui/docs_templ.go:230.32,231.17 1 0
github.com/serverkraken/flow/internal/adapter/webui/docs_templ.go:231.17,233.35 2 0
github.com/serverkraken/flow/internal/adapter/webui/docs_templ.go:233.35,235.7 1 0
github.com/serverkraken/flow/internal/adapter/webui/docs_templ.go:236.6,238.35 3 0
github.com/serverkraken/flow/internal/adapter/webui/docs_templ.go:238.35,240.7 1 0
github.com/serverkraken/flow/internal/adapter/webui/docs_templ.go:241.6,242.35 2 0
github.com/serverkraken/flow/internal/adapter/webui/docs_templ.go:242.35,244.7 1 0
github.com/serverkraken/flow/internal/adapter/webui/docs_templ.go:245.6,247.35 3 0
github.com/serverkraken/flow/internal/adapter/webui/docs_templ.go:247.35,249.7 1 0
github.com/serverkraken/flow/internal/adapter/webui/docs_templ.go:250.6,251.35 2 0
github.com/serverkraken/flow/internal/adapter/webui/docs_templ.go:251.35,253.7 1 0
github.com/serverkraken/flow/internal/adapter/webui/docs_templ.go:254.6,255.35 2 0
github.com/serverkraken/flow/internal/adapter/webui/docs_templ.go:255.35,257.7 1 0
github.com/serverkraken/flow/internal/adapter/webui/docs_templ.go:258.11,260.35 2 0
github.com/serverkraken/flow/internal/adapter/webui/docs_templ.go:260.35,262.7 1 0
github.com/serverkraken/flow/internal/adapter/webui/docs_templ.go:263.6,265.35 3 0
github.com/serverkraken/flow/internal/adapter/webui/docs_templ.go:265.35,267.7 1 0
github.com/serverkraken/flow/internal/adapter/webui/docs_templ.go:268.6,269.35 2 0
github.com/serverkraken/flow/internal/adapter/webui/docs_templ.go:269.35,271.7 1 0
github.com/serverkraken/flow/internal/adapter/webui/docs_templ.go:272.6,274.35 3 0
github.com/serverkraken/flow/internal/adapter/webui/docs_templ.go:274.35,276.7 1 0
github.com/serverkraken/flow/internal/adapter/webui/docs_templ.go:277.6,278.35 2 0
github.com/serverkraken/flow/internal/adapter/webui/docs_templ.go:278.35,280.7 1 0
github.com/serverkraken/flow/internal/adapter/webui/docs_templ.go:281.6,282.35 2 0
github.com/serverkraken/flow/internal/adapter/webui/docs_templ.go:282.35,284.7 1 0
github.com/serverkraken/flow/internal/adapter/webui/docs_templ.go:287.4,287.29 1 0
github.com/serverkraken/flow/internal/adapter/webui/docs_templ.go:287.29,289.34 2 0
github.com/serverkraken/flow/internal/adapter/webui/docs_templ.go:289.34,291.6 1 0
github.com/serverkraken/flow/internal/adapter/webui/docs_templ.go:293.4,294.33 2 0
github.com/serverkraken/flow/internal/adapter/webui/docs_templ.go:294.33,296.5 1 0
github.com/serverkraken/flow/internal/adapter/webui/docs_templ.go:298.3,298.22 1 0
github.com/serverkraken/flow/internal/adapter/webui/docs_templ.go:298.22,299.27 1 0
github.com/serverkraken/flow/internal/adapter/webui/docs_templ.go:299.27,301.34 2 0
github.com/serverkraken/flow/internal/adapter/webui/docs_templ.go:301.34,303.6 1 0
github.com/serverkraken/flow/internal/adapter/webui/docs_templ.go:304.5,306.34 3 0
github.com/serverkraken/flow/internal/adapter/webui/docs_templ.go:306.34,308.6 1 0
github.com/serverkraken/flow/internal/adapter/webui/docs_templ.go:309.5,310.34 2 0
github.com/serverkraken/flow/internal/adapter/webui/docs_templ.go:310.34,312.6 1 0
github.com/serverkraken/flow/internal/adapter/webui/docs_templ.go:313.5,314.34 2 0
github.com/serverkraken/flow/internal/adapter/webui/docs_templ.go:314.34,316.6 1 0
github.com/serverkraken/flow/internal/adapter/webui/docs_templ.go:317.10,319.34 2 0
github.com/serverkraken/flow/internal/adapter/webui/docs_templ.go:319.34,321.6 1 0
github.com/serverkraken/flow/internal/adapter/webui/docs_templ.go:322.5,322.33 1 0
github.com/serverkraken/flow/internal/adapter/webui/docs_templ.go:322.33,324.35 2 0
github.com/serverkraken/flow/internal/adapter/webui/docs_templ.go:324.35,326.7 1 0
github.com/serverkraken/flow/internal/adapter/webui/docs_templ.go:327.6,329.35 3 0
github.com/serverkraken/flow/internal/adapter/webui/docs_templ.go:329.35,331.7 1 0
github.com/serverkraken/flow/internal/adapter/webui/docs_templ.go:332.6,333.35 2 0
github.com/serverkraken/flow/internal/adapter/webui/docs_templ.go:333.35,335.7 1 0
github.com/serverkraken/flow/internal/adapter/webui/docs_templ.go:336.6,338.35 3 0
github.com/serverkraken/flow/internal/adapter/webui/docs_templ.go:338.35,340.7 1 0
github.com/serverkraken/flow/internal/adapter/webui/docs_templ.go:341.6,342.35 2 0
github.com/serverkraken/flow/internal/adapter/webui/docs_templ.go:342.35,344.7 1 0
github.com/serverkraken/flow/internal/adapter/webui/docs_templ.go:345.6,346.35 2 0
github.com/serverkraken/flow/internal/adapter/webui/docs_templ.go:346.35,348.7 1 0
github.com/serverkraken/flow/internal/adapter/webui/docs_templ.go:349.6,351.35 3 0
github.com/serverkraken/flow/internal/adapter/webui/docs_templ.go:351.35,353.7 1 0
github.com/serverkraken/flow/internal/adapter/webui/docs_templ.go:354.6,355.35 2 0
github.com/serverkraken/flow/internal/adapter/webui/docs_templ.go:355.35,357.7 1 0
github.com/serverkraken/flow/internal/adapter/webui/docs_templ.go:358.6,359.35 2 0
github.com/serverkraken/flow/internal/adapter/webui/docs_templ.go:359.35,361.7 1 0
github.com/serverkraken/flow/internal/adapter/webui/docs_templ.go:362.6,363.35 2 0
github.com/serverkraken/flow/internal/adapter/webui/docs_templ.go:363.35,365.7 1 0
github.com/serverkraken/flow/internal/adapter/webui/docs_templ.go:366.6,367.35 2 0
github.com/serverkraken/flow/internal/adapter/webui/docs_templ.go:367.35,369.7 1 0
github.com/serverkraken/flow/internal/adapter/webui/docs_templ.go:371.5,372.34 2 0
github.com/serverkraken/flow/internal/adapter/webui/docs_templ.go:372.34,374.6 1 0
github.com/serverkraken/flow/internal/adapter/webui/docs_templ.go:376.9,377.24 1 0
github.com/serverkraken/flow/internal/adapter/webui/docs_templ.go:377.24,379.34 2 0
github.com/serverkraken/flow/internal/adapter/webui/docs_templ.go:379.34,381.6 1 0
github.com/serverkraken/flow/internal/adapter/webui/docs_templ.go:382.10,384.34 2 0
github.com/serverkraken/flow/internal/adapter/webui/docs_templ.go:384.34,386.6 1 0
github.com/serverkraken/flow/internal/adapter/webui/docs_templ.go:387.5,387.32 1 0
github.com/serverkraken/flow/internal/adapter/webui/docs_templ.go:387.32,389.35 2 0
github.com/serverkraken/flow/internal/adapter/webui/docs_templ.go:389.35,391.7 1 0
github.com/serverkraken/flow/internal/adapter/webui/docs_templ.go:392.6,394.35 3 0
github.com/serverkraken/flow/internal/adapter/webui/docs_templ.go:394.35,396.7 1 0
github.com/serverkraken/flow/internal/adapter/webui/docs_templ.go:397.6,398.35 2 0
github.com/serverkraken/flow/internal/adapter/webui/docs_templ.go:398.35,400.7 1 0
github.com/serverkraken/flow/internal/adapter/webui/docs_templ.go:401.6,403.35 3 0
github.com/serverkraken/flow/internal/adapter/webui/docs_templ.go:403.35,405.7 1 0
github.com/serverkraken/flow/internal/adapter/webui/docs_templ.go:406.6,407.35 2 0
github.com/serverkraken/flow/internal/adapter/webui/docs_templ.go:407.35,409.7 1 0
github.com/serverkraken/flow/internal/adapter/webui/docs_templ.go:410.6,411.35 2 0
github.com/serverkraken/flow/internal/adapter/webui/docs_templ.go:411.35,413.7 1 0
github.com/serverkraken/flow/internal/adapter/webui/docs_templ.go:414.6,416.35 3 0
github.com/serverkraken/flow/internal/adapter/webui/docs_templ.go:416.35,418.7 1 0
github.com/serverkraken/flow/internal/adapter/webui/docs_templ.go:419.6,420.35 2 0
github.com/serverkraken/flow/internal/adapter/webui/docs_templ.go:420.35,422.7 1 0
github.com/serverkraken/flow/internal/adapter/webui/docs_templ.go:423.6,424.35 2 0
github.com/serverkraken/flow/internal/adapter/webui/docs_templ.go:424.35,426.7 1 0
github.com/serverkraken/flow/internal/adapter/webui/docs_templ.go:427.6,429.35 3 0
github.com/serverkraken/flow/internal/adapter/webui/docs_templ.go:429.35,431.7 1 0
github.com/serverkraken/flow/internal/adapter/webui/docs_templ.go:432.6,433.35 2 0
github.com/serverkraken/flow/internal/adapter/webui/docs_templ.go:433.35,435.7 1 0
github.com/serverkraken/flow/internal/adapter/webui/docs_templ.go:436.6,437.35 2 0
github.com/serverkraken/flow/internal/adapter/webui/docs_templ.go:437.35,439.7 1 0
github.com/serverkraken/flow/internal/adapter/webui/docs_templ.go:440.6,440.27 1 0
github.com/serverkraken/flow/internal/adapter/webui/docs_templ.go:440.27,442.36 2 0
github.com/serverkraken/flow/internal/adapter/webui/docs_templ.go:442.36,444.8 1 0
github.com/serverkraken/flow/internal/adapter/webui/docs_templ.go:445.7,445.34 1 0
github.com/serverkraken/flow/internal/adapter/webui/docs_templ.go:445.34,447.37 2 0
github.com/serverkraken/flow/internal/adapter/webui/docs_templ.go:447.37,449.9 1 0
github.com/serverkraken/flow/internal/adapter/webui/docs_templ.go:450.8,452.37 3 0
github.com/serverkraken/flow/internal/adapter/webui/docs_templ.go:452.37,454.9 1 0
github.com/serverkraken/flow/internal/adapter/webui/docs_templ.go:455.8,456.37 2 0
github.com/serverkraken/flow/internal/adapter/webui/docs_templ.go:456.37,458.9 1 0
github.com/serverkraken/flow/internal/adapter/webui/docs_templ.go:459.8,460.37 2 0
github.com/serverkraken/flow/internal/adapter/webui/docs_templ.go:460.37,462.9 1 0
github.com/serverkraken/flow/internal/adapter/webui/docs_templ.go:464.7,465.36 2 0
github.com/serverkraken/flow/internal/adapter/webui/docs_templ.go:465.36,467.8 1 0
github.com/serverkraken/flow/internal/adapter/webui/docs_templ.go:469.6,470.35 2 0
github.com/serverkraken/flow/internal/adapter/webui/docs_templ.go:470.35,472.7 1 0
github.com/serverkraken/flow/internal/adapter/webui/docs_templ.go:474.5,475.34 2 0
github.com/serverkraken/flow/internal/adapter/webui/docs_templ.go:475.34,477.6 1 0
github.com/serverkraken/flow/internal/adapter/webui/docs_templ.go:480.3,480.13 1 0
github.com/serverkraken/flow/internal/adapter/webui/docs_templ.go:484.46,485.131 1 0
github.com/serverkraken/flow/internal/adapter/webui/docs_templ.go:485.131,487.71 2 0
github.com/serverkraken/flow/internal/adapter/webui/docs_templ.go:487.71,489.4 1 0
github.com/serverkraken/flow/internal/adapter/webui/docs_templ.go:490.3,491.31 2 0
github.com/serverkraken/flow/internal/adapter/webui/docs_templ.go:491.31,492.17 1 0
github.com/serverkraken/flow/internal/adapter/webui/docs_templ.go:492.17,494.34 2 0
github.com/serverkraken/flow/internal/adapter/webui/docs_templ.go:494.34,496.6 1 0
github.com/serverkraken/flow/internal/adapter/webui/docs_templ.go:499.3,501.34 3 0
github.com/serverkraken/flow/internal/adapter/webui/docs_templ.go:501.34,503.4 1 0
github.com/serverkraken/flow/internal/adapter/webui/docs_templ.go:504.3,506.32 3 0
github.com/serverkraken/flow/internal/adapter/webui/docs_templ.go:506.32,508.4 1 0
github.com/serverkraken/flow/internal/adapter/webui/docs_templ.go:509.3,509.23 1 0
github.com/serverkraken/flow/internal/adapter/webui/docs_templ.go:509.23,511.33 2 0
github.com/serverkraken/flow/internal/adapter/webui/docs_templ.go:511.33,513.5 1 0
github.com/serverkraken/flow/internal/adapter/webui/docs_templ.go:514.4,516.33 3 0
github.com/serverkraken/flow/internal/adapter/webui/docs_templ.go:516.33,518.5 1 0
github.com/serverkraken/flow/internal/adapter/webui/docs_templ.go:519.4,520.33 2 0
github.com/serverkraken/flow/internal/adapter/webui/docs_templ.go:520.33,522.5 1 0
github.com/serverkraken/flow/internal/adapter/webui/docs_templ.go:523.4,524.33 2 0
github.com/serverkraken/flow/internal/adapter/webui/docs_templ.go:524.33,526.5 1 0
github.com/serverkraken/flow/internal/adapter/webui/docs_templ.go:527.4,529.33 3 0
github.com/serverkraken/flow/internal/adapter/webui/docs_templ.go:529.33,531.5 1 0
github.com/serverkraken/flow/internal/adapter/webui/docs_templ.go:532.4,533.33 2 0
github.com/serverkraken/flow/internal/adapter/webui/docs_templ.go:533.33,535.5 1 0
github.com/serverkraken/flow/internal/adapter/webui/docs_templ.go:536.4,538.33 3 0
github.com/serverkraken/flow/internal/adapter/webui/docs_templ.go:538.33,540.5 1 0
github.com/serverkraken/flow/internal/adapter/webui/docs_templ.go:541.4,542.33 2 0
github.com/serverkraken/flow/internal/adapter/webui/docs_templ.go:542.33,544.5 1 0
github.com/serverkraken/flow/internal/adapter/webui/docs_templ.go:545.4,547.33 3 0
github.com/serverkraken/flow/internal/adapter/webui/docs_templ.go:547.33,549.5 1 0
github.com/serverkraken/flow/internal/adapter/webui/docs_templ.go:550.4,551.33 2 0
github.com/serverkraken/flow/internal/adapter/webui/docs_templ.go:551.33,553.5 1 0
github.com/serverkraken/flow/internal/adapter/webui/docs_templ.go:554.4,555.33 2 0
github.com/serverkraken/flow/internal/adapter/webui/docs_templ.go:555.33,557.5 1 0
github.com/serverkraken/flow/internal/adapter/webui/docs_templ.go:558.4,560.33 3 0
github.com/serverkraken/flow/internal/adapter/webui/docs_templ.go:560.33,562.5 1 0
github.com/serverkraken/flow/internal/adapter/webui/docs_templ.go:563.4,564.33 2 0
github.com/serverkraken/flow/internal/adapter/webui/docs_templ.go:564.33,566.5 1 0
github.com/serverkraken/flow/internal/adapter/webui/docs_templ.go:567.4,568.33 2 0
github.com/serverkraken/flow/internal/adapter/webui/docs_templ.go:568.33,570.5 1 0
github.com/serverkraken/flow/internal/adapter/webui/docs_templ.go:571.4,573.33 3 0
github.com/serverkraken/flow/internal/adapter/webui/docs_templ.go:573.33,575.5 1 0
github.com/serverkraken/flow/internal/adapter/webui/docs_templ.go:576.4,577.33 2 0
github.com/serverkraken/flow/internal/adapter/webui/docs_templ.go:577.33,579.5 1 0
github.com/serverkraken/flow/internal/adapter/webui/docs_templ.go:580.4,581.33 2 0
github.com/serverkraken/flow/internal/adapter/webui/docs_templ.go:581.33,583.5 1 0
github.com/serverkraken/flow/internal/adapter/webui/docs_templ.go:584.4,584.31 1 0
github.com/serverkraken/flow/internal/adapter/webui/docs_templ.go:584.31,586.34 2 0
github.com/serverkraken/flow/internal/adapter/webui/docs_templ.go:586.34,588.6 1 0
github.com/serverkraken/flow/internal/adapter/webui/docs_templ.go:589.5,589.38 1 0
github.com/serverkraken/flow/internal/adapter/webui/docs_templ.go:589.38,591.35 2 0
github.com/serverkraken/flow/internal/adapter/webui/docs_templ.go:591.35,593.7 1 0
github.com/serverkraken/flow/internal/adapter/webui/docs_templ.go:594.6,596.35 3 0
github.com/serverkraken/flow/internal/adapter/webui/docs_templ.go:596.35,598.7 1 0
github.com/serverkraken/flow/internal/adapter/webui/docs_templ.go:599.6,600.35 2 0
github.com/serverkraken/flow/internal/adapter/webui/docs_templ.go:600.35,602.7 1 0
github.com/serverkraken/flow/internal/adapter/webui/docs_templ.go:603.6,605.35 3 0
github.com/serverkraken/flow/internal/adapter/webui/docs_templ.go:605.35,607.7 1 0
github.com/serverkraken/flow/internal/adapter/webui/docs_templ.go:608.6,609.35 2 0
github.com/serverkraken/flow/internal/adapter/webui/docs_templ.go:609.35,611.7 1 0
github.com/serverkraken/flow/internal/adapter/webui/docs_templ.go:612.6,613.35 2 0
github.com/serverkraken/flow/internal/adapter/webui/docs_templ.go:613.35,615.7 1 0
github.com/serverkraken/flow/internal/adapter/webui/docs_templ.go:617.5,618.34 2 0
github.com/serverkraken/flow/internal/adapter/webui/docs_templ.go:618.34,620.6 1 0
github.com/serverkraken/flow/internal/adapter/webui/docs_templ.go:622.4,623.33 2 0
github.com/serverkraken/flow/internal/adapter/webui/docs_templ.go:623.33,625.5 1 0
github.com/serverkraken/flow/internal/adapter/webui/docs_templ.go:626.4,627.33 2 0
github.com/serverkraken/flow/internal/adapter/webui/docs_templ.go:627.33,629.5 1 0
github.com/serverkraken/flow/internal/adapter/webui/docs_templ.go:630.4,631.33 2 0
github.com/serverkraken/flow/internal/adapter/webui/docs_templ.go:631.33,633.5 1 0
github.com/serverkraken/flow/internal/adapter/webui/docs_templ.go:634.4,634.36 1 0
github.com/serverkraken/flow/internal/adapter/webui/docs_templ.go:634.36,636.34 2 0
github.com/serverkraken/flow/internal/adapter/webui/docs_templ.go:636.34,638.6 1 0
github.com/serverkraken/flow/internal/adapter/webui/docs_templ.go:639.5,639.44 1 0
github.com/serverkraken/flow/internal/adapter/webui/docs_templ.go:639.44,641.35 2 0
github.com/serverkraken/flow/internal/adapter/webui/docs_templ.go:641.35,643.7 1 0
github.com/serverkraken/flow/internal/adapter/webui/docs_templ.go:644.6,646.35 3 0
github.com/serverkraken/flow/internal/adapter/webui/docs_templ.go:646.35,648.7 1 0
github.com/serverkraken/flow/internal/adapter/webui/docs_templ.go:649.6,650.35 2 0
github.com/serverkraken/flow/internal/adapter/webui/docs_templ.go:650.35,652.7 1 0
github.com/serverkraken/flow/internal/adapter/webui/docs_templ.go:653.6,655.35 3 0
github.com/serverkraken/flow/internal/adapter/webui/docs_templ.go:655.35,657.7 1 0
github.com/serverkraken/flow/internal/adapter/webui/docs_templ.go:658.6,659.35 2 0
github.com/serverkraken/flow/internal/adapter/webui/docs_templ.go:659.35,661.7 1 0
github.com/serverkraken/flow/internal/adapter/webui/docs_templ.go:662.6,663.35 2 0
github.com/serverkraken/flow/internal/adapter/webui/docs_templ.go:663.35,665.7 1 0
github.com/serverkraken/flow/internal/adapter/webui/docs_templ.go:666.6,668.35 3 0
github.com/serverkraken/flow/internal/adapter/webui/docs_templ.go:668.35,670.7 1 0
github.com/serverkraken/flow/internal/adapter/webui/docs_templ.go:671.6,672.35 2 0
github.com/serverkraken/flow/internal/adapter/webui/docs_templ.go:672.35,674.7 1 0
github.com/serverkraken/flow/internal/adapter/webui/docs_templ.go:675.6,676.35 2 0
github.com/serverkraken/flow/internal/adapter/webui/docs_templ.go:676.35,678.7 1 0
github.com/serverkraken/flow/internal/adapter/webui/docs_templ.go:680.5,681.34 2 0
github.com/serverkraken/flow/internal/adapter/webui/docs_templ.go:681.34,683.6 1 0
github.com/serverkraken/flow/internal/adapter/webui/docs_templ.go:685.4,686.33 2 0
github.com/serverkraken/flow/internal/adapter/webui/docs_templ.go:686.33,688.5 1 0
github.com/serverkraken/flow/internal/adapter/webui/docs_templ.go:690.3,691.32 2 0
github.com/serverkraken/flow/internal/adapter/webui/docs_templ.go:691.32,693.4 1 0
github.com/serverkraken/flow/internal/adapter/webui/docs_templ.go:694.3,694.13 1 0
github.com/serverkraken/flow/internal/adapter/webui/docs_templ.go:698.66,699.131 1 0
github.com/serverkraken/flow/internal/adapter/webui/docs_templ.go:699.131,701.71 2 0
github.com/serverkraken/flow/internal/adapter/webui/docs_templ.go:701.71,703.4 1 0
github.com/serverkraken/flow/internal/adapter/webui/docs_templ.go:704.3,705.31 2 0
github.com/serverkraken/flow/internal/adapter/webui/docs_templ.go:705.31,706.17 1 0
github.com/serverkraken/flow/internal/adapter/webui/docs_templ.go:706.17,708.34 2 0
github.com/serverkraken/flow/internal/adapter/webui/docs_templ.go:708.34,710.6 1 0
github.com/serverkraken/flow/internal/adapter/webui/docs_templ.go:713.3,715.34 3 0
github.com/serverkraken/flow/internal/adapter/webui/docs_templ.go:715.34,717.4 1 0
github.com/serverkraken/flow/internal/adapter/webui/docs_templ.go:718.3,720.32 3 0
github.com/serverkraken/flow/internal/adapter/webui/docs_templ.go:720.32,722.4 1 0
github.com/serverkraken/flow/internal/adapter/webui/docs_templ.go:723.3,723.20 1 0
github.com/serverkraken/flow/internal/adapter/webui/docs_templ.go:723.20,725.33 2 0
github.com/serverkraken/flow/internal/adapter/webui/docs_templ.go:725.33,727.5 1 0
github.com/serverkraken/flow/internal/adapter/webui/docs_templ.go:728.4,730.33 3 0
github.com/serverkraken/flow/internal/adapter/webui/docs_templ.go:730.33,732.5 1 0
github.com/serverkraken/flow/internal/adapter/webui/docs_templ.go:733.4,734.33 2 0
github.com/serverkraken/flow/internal/adapter/webui/docs_templ.go:734.33,736.5 1 0
github.com/serverkraken/flow/internal/adapter/webui/docs_templ.go:737.4,738.33 2 0
github.com/serverkraken/flow/internal/adapter/webui/docs_templ.go:738.33,740.5 1 0
github.com/serverkraken/flow/internal/adapter/webui/docs_templ.go:742.3,742.21 1 0
github.com/serverkraken/flow/internal/adapter/webui/docs_templ.go:742.21,744.33 2 0
github.com/serverkraken/flow/internal/adapter/webui/docs_templ.go:744.33,746.5 1 0
github.com/serverkraken/flow/internal/adapter/webui/docs_templ.go:747.4,749.33 3 0
github.com/serverkraken/flow/internal/adapter/webui/docs_templ.go:749.33,751.5 1 0
github.com/serverkraken/flow/internal/adapter/webui/docs_templ.go:752.4,753.33 2 0
github.com/serverkraken/flow/internal/adapter/webui/docs_templ.go:753.33,755.5 1 0
github.com/serverkraken/flow/internal/adapter/webui/docs_templ.go:756.4,757.33 2 0
github.com/serverkraken/flow/internal/adapter/webui/docs_templ.go:757.33,759.5 1 0
github.com/serverkraken/flow/internal/adapter/webui/docs_templ.go:760.4,761.33 2 0
github.com/serverkraken/flow/internal/adapter/webui/docs_templ.go:761.33,763.5 1 0
github.com/serverkraken/flow/internal/adapter/webui/docs_templ.go:764.9,764.27 1 0
github.com/serverkraken/flow/internal/adapter/webui/docs_templ.go:764.27,766.33 2 0
github.com/serverkraken/flow/internal/adapter/webui/docs_templ.go:766.33,768.5 1 0
github.com/serverkraken/flow/internal/adapter/webui/docs_templ.go:769.4,770.33 2 0
github.com/serverkraken/flow/internal/adapter/webui/docs_templ.go:770.33,772.5 1 0
github.com/serverkraken/flow/internal/adapter/webui/docs_templ.go:773.4,774.33 2 0
github.com/serverkraken/flow/internal/adapter/webui/docs_templ.go:774.33,776.5 1 0
github.com/serverkraken/flow/internal/adapter/webui/docs_templ.go:777.9,779.33 2 0
github.com/serverkraken/flow/internal/adapter/webui/docs_templ.go:779.33,781.5 1 0
github.com/serverkraken/flow/internal/adapter/webui/docs_templ.go:782.4,783.33 2 0
github.com/serverkraken/flow/internal/adapter/webui/docs_templ.go:783.33,785.5 1 0
github.com/serverkraken/flow/internal/adapter/webui/docs_templ.go:786.4,787.33 2 0
github.com/serverkraken/flow/internal/adapter/webui/docs_templ.go:787.33,789.5 1 0
github.com/serverkraken/flow/internal/adapter/webui/docs_templ.go:791.3,792.32 2 0
github.com/serverkraken/flow/internal/adapter/webui/docs_templ.go:792.32,794.4 1 0
github.com/serverkraken/flow/internal/adapter/webui/docs_templ.go:795.3,795.13 1 0
github.com/serverkraken/flow/internal/adapter/webui/docs_templ.go:799.86,800.131 1 0
github.com/serverkraken/flow/internal/adapter/webui/docs_templ.go:800.131,802.71 2 0
github.com/serverkraken/flow/internal/adapter/webui/docs_templ.go:802.71,804.4 1 0
github.com/serverkraken/flow/internal/adapter/webui/docs_templ.go:805.3,806.31 2 0
github.com/serverkraken/flow/internal/adapter/webui/docs_templ.go:806.31,807.17 1 0
github.com/serverkraken/flow/internal/adapter/webui/docs_templ.go:807.17,809.34 2 0
github.com/serverkraken/flow/internal/adapter/webui/docs_templ.go:809.34,811.6 1 0
github.com/serverkraken/flow/internal/adapter/webui/docs_templ.go:814.3,816.34 3 0
github.com/serverkraken/flow/internal/adapter/webui/docs_templ.go:816.34,818.4 1 0
github.com/serverkraken/flow/internal/adapter/webui/docs_templ.go:819.3,821.32 3 0
github.com/serverkraken/flow/internal/adapter/webui/docs_templ.go:821.32,823.4 1 0
github.com/serverkraken/flow/internal/adapter/webui/docs_templ.go:824.3,824.15 1 0
github.com/serverkraken/flow/internal/adapter/webui/docs_templ.go:824.15,826.33 2 0
github.com/serverkraken/flow/internal/adapter/webui/docs_templ.go:826.33,828.5 1 0
github.com/serverkraken/flow/internal/adapter/webui/docs_templ.go:829.4,831.33 3 0
github.com/serverkraken/flow/internal/adapter/webui/docs_templ.go:831.33,833.5 1 0
github.com/serverkraken/flow/internal/adapter/webui/docs_templ.go:834.4,835.33 2 0
github.com/serverkraken/flow/internal/adapter/webui/docs_templ.go:835.33,837.5 1 0
github.com/serverkraken/flow/internal/adapter/webui/docs_templ.go:838.4,839.33 2 0
github.com/serverkraken/flow/internal/adapter/webui/docs_templ.go:839.33,841.5 1 0
github.com/serverkraken/flow/internal/adapter/webui/docs_templ.go:842.9,844.33 2 0
github.com/serverkraken/flow/internal/adapter/webui/docs_templ.go:844.33,846.5 1 0
github.com/serverkraken/flow/internal/adapter/webui/docs_templ.go:847.4,847.25 1 0
github.com/serverkraken/flow/internal/adapter/webui/docs_templ.go:847.25,849.34 2 0
github.com/serverkraken/flow/internal/adapter/webui/docs_templ.go:849.34,851.6 1 0
github.com/serverkraken/flow/internal/adapter/webui/docs_templ.go:853.4,854.33 2 0
github.com/serverkraken/flow/internal/adapter/webui/docs_templ.go:854.33,856.5 1 0
github.com/serverkraken/flow/internal/adapter/webui/docs_templ.go:857.4,857.28 1 0
github.com/serverkraken/flow/internal/adapter/webui/docs_templ.go:857.28,859.34 2 0
github.com/serverkraken/flow/internal/adapter/webui/docs_templ.go:859.34,861.6 1 0
github.com/serverkraken/flow/internal/adapter/webui/docs_templ.go:863.4,864.33 2 0
github.com/serverkraken/flow/internal/adapter/webui/docs_templ.go:864.33,866.5 1 0
github.com/serverkraken/flow/internal/adapter/webui/docs_templ.go:867.4,867.26 1 0
github.com/serverkraken/flow/internal/adapter/webui/docs_templ.go:867.26,869.34 2 0
github.com/serverkraken/flow/internal/adapter/webui/docs_templ.go:869.34,871.6 1 0
github.com/serverkraken/flow/internal/adapter/webui/docs_templ.go:873.4,874.33 2 0
github.com/serverkraken/flow/internal/adapter/webui/docs_templ.go:874.33,876.5 1 0
github.com/serverkraken/flow/internal/adapter/webui/docs_templ.go:877.4,877.26 1 0
github.com/serverkraken/flow/internal/adapter/webui/docs_templ.go:877.26,879.34 2 0
github.com/serverkraken/flow/internal/adapter/webui/docs_templ.go:879.34,881.6 1 0
github.com/serverkraken/flow/internal/adapter/webui/docs_templ.go:883.4,884.33 2 0
github.com/serverkraken/flow/internal/adapter/webui/docs_templ.go:884.33,886.5 1 0
github.com/serverkraken/flow/internal/adapter/webui/docs_templ.go:888.3,889.32 2 0
github.com/serverkraken/flow/internal/adapter/webui/docs_templ.go:889.32,891.4 1 0
github.com/serverkraken/flow/internal/adapter/webui/docs_templ.go:892.3,892.16 1 0
github.com/serverkraken/flow/internal/adapter/webui/docs_templ.go:892.16,894.33 2 0
github.com/serverkraken/flow/internal/adapter/webui/docs_templ.go:894.33,896.5 1 0
github.com/serverkraken/flow/internal/adapter/webui/docs_templ.go:898.3,899.32 2 0
github.com/serverkraken/flow/internal/adapter/webui/docs_templ.go:899.32,901.4 1 0
github.com/serverkraken/flow/internal/adapter/webui/docs_templ.go:902.3,902.15 1 0
github.com/serverkraken/flow/internal/adapter/webui/docs_templ.go:902.15,904.33 2 0
github.com/serverkraken/flow/internal/adapter/webui/docs_templ.go:904.33,906.5 1 0
github.com/serverkraken/flow/internal/adapter/webui/docs_templ.go:907.4,909.33 3 0
github.com/serverkraken/flow/internal/adapter/webui/docs_templ.go:909.33,911.5 1 0
github.com/serverkraken/flow/internal/adapter/webui/docs_templ.go:912.4,913.33 2 0
github.com/serverkraken/flow/internal/adapter/webui/docs_templ.go:913.33,915.5 1 0
github.com/serverkraken/flow/internal/adapter/webui/docs_templ.go:916.4,917.33 2 0
github.com/serverkraken/flow/internal/adapter/webui/docs_templ.go:917.33,919.5 1 0
github.com/serverkraken/flow/internal/adapter/webui/docs_templ.go:920.9,922.33 2 0
github.com/serverkraken/flow/internal/adapter/webui/docs_templ.go:922.33,924.5 1 0
github.com/serverkraken/flow/internal/adapter/webui/docs_templ.go:925.4,927.33 3 0
github.com/serverkraken/flow/internal/adapter/webui/docs_templ.go:927.33,929.5 1 0
github.com/serverkraken/flow/internal/adapter/webui/docs_templ.go:930.4,931.33 2 0
github.com/serverkraken/flow/internal/adapter/webui/docs_templ.go:931.33,933.5 1 0
github.com/serverkraken/flow/internal/adapter/webui/docs_templ.go:934.4,935.33 2 0
github.com/serverkraken/flow/internal/adapter/webui/docs_templ.go:935.33,937.5 1 0
github.com/serverkraken/flow/internal/adapter/webui/docs_templ.go:939.3,940.32 2 0
github.com/serverkraken/flow/internal/adapter/webui/docs_templ.go:940.32,942.4 1 0
github.com/serverkraken/flow/internal/adapter/webui/docs_templ.go:943.3,945.32 3 0
github.com/serverkraken/flow/internal/adapter/webui/docs_templ.go:945.32,947.4 1 0
github.com/serverkraken/flow/internal/adapter/webui/docs_templ.go:948.3,949.32 2 0
github.com/serverkraken/flow/internal/adapter/webui/docs_templ.go:949.32,951.4 1 0
github.com/serverkraken/flow/internal/adapter/webui/docs_templ.go:952.3,953.32 2 0
github.com/serverkraken/flow/internal/adapter/webui/docs_templ.go:953.32,955.4 1 0
github.com/serverkraken/flow/internal/adapter/webui/docs_templ.go:956.3,958.32 3 0
github.com/serverkraken/flow/internal/adapter/webui/docs_templ.go:958.32,960.4 1 0
github.com/serverkraken/flow/internal/adapter/webui/docs_templ.go:961.3,962.32 2 0
github.com/serverkraken/flow/internal/adapter/webui/docs_templ.go:962.32,964.4 1 0
github.com/serverkraken/flow/internal/adapter/webui/docs_templ.go:965.3,966.32 2 0
github.com/serverkraken/flow/internal/adapter/webui/docs_templ.go:966.32,968.4 1 0
github.com/serverkraken/flow/internal/adapter/webui/docs_templ.go:969.3,969.13 1 0
github.com/serverkraken/flow/internal/adapter/webui/export_templ.go:28.51,29.131 1 0
github.com/serverkraken/flow/internal/adapter/webui/export_templ.go:29.131,31.71 2 0
github.com/serverkraken/flow/internal/adapter/webui/export_templ.go:31.71,33.4 1 0
github.com/serverkraken/flow/internal/adapter/webui/export_templ.go:34.3,35.31 2 0
github.com/serverkraken/flow/internal/adapter/webui/export_templ.go:35.31,36.17 1 0
github.com/serverkraken/flow/internal/adapter/webui/export_templ.go:36.17,38.34 2 0
github.com/serverkraken/flow/internal/adapter/webui/export_templ.go:38.34,40.6 1 0
github.com/serverkraken/flow/internal/adapter/webui/export_templ.go:43.3,45.33 3 0
github.com/serverkraken/flow/internal/adapter/webui/export_templ.go:45.33,47.4 1 0
github.com/serverkraken/flow/internal/adapter/webui/export_templ.go:48.3,50.32 3 0
github.com/serverkraken/flow/internal/adapter/webui/export_templ.go:50.32,52.4 1 0
github.com/serverkraken/flow/internal/adapter/webui/export_templ.go:53.3,54.32 2 0
github.com/serverkraken/flow/internal/adapter/webui/export_templ.go:54.32,56.4 1 0
github.com/serverkraken/flow/internal/adapter/webui/export_templ.go:57.3,58.32 2 0
github.com/serverkraken/flow/internal/adapter/webui/export_templ.go:58.32,60.4 1 0
github.com/serverkraken/flow/internal/adapter/webui/export_templ.go:61.3,61.13 1 0
github.com/serverkraken/flow/internal/adapter/webui/export_templ.go:65.55,66.131 1 0
github.com/serverkraken/flow/internal/adapter/webui/export_templ.go:66.131,68.71 2 0
github.com/serverkraken/flow/internal/adapter/webui/export_templ.go:68.71,70.4 1 0
github.com/serverkraken/flow/internal/adapter/webui/export_templ.go:71.3,72.31 2 0
github.com/serverkraken/flow/internal/adapter/webui/export_templ.go:72.31,73.17 1 0
github.com/serverkraken/flow/internal/adapter/webui/export_templ.go:73.17,75.34 2 0
github.com/serverkraken/flow/internal/adapter/webui/export_templ.go:75.34,77.6 1 0
github.com/serverkraken/flow/internal/adapter/webui/export_templ.go:80.3,82.33 3 0
github.com/serverkraken/flow/internal/adapter/webui/export_templ.go:82.33,84.4 1 0
github.com/serverkraken/flow/internal/adapter/webui/export_templ.go:85.3,87.32 3 0
github.com/serverkraken/flow/internal/adapter/webui/export_templ.go:87.32,89.4 1 0
github.com/serverkraken/flow/internal/adapter/webui/export_templ.go:90.3,92.32 3 0
github.com/serverkraken/flow/internal/adapter/webui/export_templ.go:92.32,94.4 1 0
github.com/serverkraken/flow/internal/adapter/webui/export_templ.go:95.3,96.32 2 0
github.com/serverkraken/flow/internal/adapter/webui/export_templ.go:96.32,98.4 1 0
github.com/serverkraken/flow/internal/adapter/webui/export_templ.go:99.3,100.32 2 0
github.com/serverkraken/flow/internal/adapter/webui/export_templ.go:100.32,102.4 1 0
github.com/serverkraken/flow/internal/adapter/webui/export_templ.go:103.3,105.32 3 0
github.com/serverkraken/flow/internal/adapter/webui/export_templ.go:105.32,107.4 1 0
github.com/serverkraken/flow/internal/adapter/webui/export_templ.go:108.3,109.32 2 0
github.com/serverkraken/flow/internal/adapter/webui/export_templ.go:109.32,111.4 1 0
github.com/serverkraken/flow/internal/adapter/webui/export_templ.go:112.3,113.32 2 0
github.com/serverkraken/flow/internal/adapter/webui/export_templ.go:113.32,115.4 1 0
github.com/serverkraken/flow/internal/adapter/webui/export_templ.go:116.3,118.32 3 0
github.com/serverkraken/flow/internal/adapter/webui/export_templ.go:118.32,120.4 1 0
github.com/serverkraken/flow/internal/adapter/webui/export_templ.go:121.3,122.32 2 0
github.com/serverkraken/flow/internal/adapter/webui/export_templ.go:122.32,124.4 1 0
github.com/serverkraken/flow/internal/adapter/webui/export_templ.go:125.3,127.32 3 0
github.com/serverkraken/flow/internal/adapter/webui/export_templ.go:127.32,129.4 1 0
github.com/serverkraken/flow/internal/adapter/webui/export_templ.go:130.3,131.32 2 0
github.com/serverkraken/flow/internal/adapter/webui/export_templ.go:131.32,133.4 1 0
github.com/serverkraken/flow/internal/adapter/webui/export_templ.go:134.3,136.32 3 0
github.com/serverkraken/flow/internal/adapter/webui/export_templ.go:136.32,138.4 1 0
github.com/serverkraken/flow/internal/adapter/webui/export_templ.go:139.3,140.32 2 0
github.com/serverkraken/flow/internal/adapter/webui/export_templ.go:140.32,142.4 1 0
github.com/serverkraken/flow/internal/adapter/webui/export_templ.go:143.3,144.32 2 0
github.com/serverkraken/flow/internal/adapter/webui/export_templ.go:144.32,146.4 1 0
github.com/serverkraken/flow/internal/adapter/webui/export_templ.go:147.3,147.13 1 0
github.com/serverkraken/flow/internal/adapter/webui/export_templ.go:151.59,152.131 1 0
github.com/serverkraken/flow/internal/adapter/webui/export_templ.go:152.131,154.71 2 0
github.com/serverkraken/flow/internal/adapter/webui/export_templ.go:154.71,156.4 1 0
github.com/serverkraken/flow/internal/adapter/webui/export_templ.go:157.3,158.31 2 0
github.com/serverkraken/flow/internal/adapter/webui/export_templ.go:158.31,159.17 1 0
github.com/serverkraken/flow/internal/adapter/webui/export_templ.go:159.17,161.34 2 0
github.com/serverkraken/flow/internal/adapter/webui/export_templ.go:161.34,163.6 1 0
github.com/serverkraken/flow/internal/adapter/webui/export_templ.go:166.3,168.33 3 0
github.com/serverkraken/flow/internal/adapter/webui/export_templ.go:168.33,170.4 1 0
github.com/serverkraken/flow/internal/adapter/webui/export_templ.go:171.3,173.32 3 0
github.com/serverkraken/flow/internal/adapter/webui/export_templ.go:173.32,175.4 1 0
github.com/serverkraken/flow/internal/adapter/webui/export_templ.go:176.3,176.23 1 0
github.com/serverkraken/flow/internal/adapter/webui/export_templ.go:176.23,178.33 2 0
github.com/serverkraken/flow/internal/adapter/webui/export_templ.go:178.33,180.5 1 0
github.com/serverkraken/flow/internal/adapter/webui/export_templ.go:181.9,183.33 2 0
github.com/serverkraken/flow/internal/adapter/webui/export_templ.go:183.33,185.5 1 0
github.com/serverkraken/flow/internal/adapter/webui/export_templ.go:186.4,186.31 1 0
github.com/serverkraken/flow/internal/adapter/webui/export_templ.go:186.31,188.34 2 0
github.com/serverkraken/flow/internal/adapter/webui/export_templ.go:188.34,190.6 1 0
github.com/serverkraken/flow/internal/adapter/webui/export_templ.go:191.5,193.34 3 0
github.com/serverkraken/flow/internal/adapter/webui/export_templ.go:193.34,195.6 1 0
github.com/serverkraken/flow/internal/adapter/webui/export_templ.go:196.5,197.34 2 0
github.com/serverkraken/flow/internal/adapter/webui/export_templ.go:197.34,199.6 1 0
github.com/serverkraken/flow/internal/adapter/webui/export_templ.go:200.5,201.34 2 0
github.com/serverkraken/flow/internal/adapter/webui/export_templ.go:201.34,203.6 1 0
github.com/serverkraken/flow/internal/adapter/webui/export_templ.go:204.5,206.34 3 0
github.com/serverkraken/flow/internal/adapter/webui/export_templ.go:206.34,208.6 1 0
github.com/serverkraken/flow/internal/adapter/webui/export_templ.go:209.5,210.34 2 0
github.com/serverkraken/flow/internal/adapter/webui/export_templ.go:210.34,212.6 1 0
github.com/serverkraken/flow/internal/adapter/webui/export_templ.go:213.5,214.34 2 0
github.com/serverkraken/flow/internal/adapter/webui/export_templ.go:214.34,216.6 1 0
github.com/serverkraken/flow/internal/adapter/webui/export_templ.go:217.5,219.34 3 0
github.com/serverkraken/flow/internal/adapter/webui/export_templ.go:219.34,221.6 1 0
github.com/serverkraken/flow/internal/adapter/webui/export_templ.go:222.5,223.34 2 0
github.com/serverkraken/flow/internal/adapter/webui/export_templ.go:223.34,225.6 1 0
github.com/serverkraken/flow/internal/adapter/webui/export_templ.go:226.5,227.34 2 0
github.com/serverkraken/flow/internal/adapter/webui/export_templ.go:227.34,229.6 1 0
github.com/serverkraken/flow/internal/adapter/webui/export_templ.go:231.4,232.33 2 0
github.com/serverkraken/flow/internal/adapter/webui/export_templ.go:232.33,234.5 1 0
github.com/serverkraken/flow/internal/adapter/webui/export_templ.go:235.4,237.33 3 0
github.com/serverkraken/flow/internal/adapter/webui/export_templ.go:237.33,239.5 1 0
github.com/serverkraken/flow/internal/adapter/webui/export_templ.go:240.4,241.33 2 0
github.com/serverkraken/flow/internal/adapter/webui/export_templ.go:241.33,243.5 1 0
github.com/serverkraken/flow/internal/adapter/webui/export_templ.go:244.4,245.33 2 0
github.com/serverkraken/flow/internal/adapter/webui/export_templ.go:245.33,247.5 1 0
github.com/serverkraken/flow/internal/adapter/webui/export_templ.go:248.4,250.33 3 0
github.com/serverkraken/flow/internal/adapter/webui/export_templ.go:250.33,252.5 1 0
github.com/serverkraken/flow/internal/adapter/webui/export_templ.go:253.4,254.33 2 0
github.com/serverkraken/flow/internal/adapter/webui/export_templ.go:254.33,256.5 1 0
github.com/serverkraken/flow/internal/adapter/webui/export_templ.go:257.4,258.33 2 0
github.com/serverkraken/flow/internal/adapter/webui/export_templ.go:258.33,260.5 1 0
github.com/serverkraken/flow/internal/adapter/webui/export_templ.go:262.3,263.32 2 0
github.com/serverkraken/flow/internal/adapter/webui/export_templ.go:263.32,265.4 1 0
github.com/serverkraken/flow/internal/adapter/webui/export_templ.go:266.3,266.13 1 0
github.com/serverkraken/flow/internal/adapter/webui/format.go:10.37,11.11 1 1
github.com/serverkraken/flow/internal/adapter/webui/format.go:11.11,13.3 1 1
github.com/serverkraken/flow/internal/adapter/webui/format.go:14.2,14.70 1 1
github.com/serverkraken/flow/internal/adapter/webui/format.go:18.27,18.58 1 0
github.com/serverkraken/flow/internal/adapter/webui/format.go:22.40,25.2 2 0
github.com/serverkraken/flow/internal/adapter/webui/format.go:31.35,32.20 1 1
github.com/serverkraken/flow/internal/adapter/webui/format.go:32.20,34.3 1 1
github.com/serverkraken/flow/internal/adapter/webui/format.go:35.2,35.22 1 1
github.com/serverkraken/flow/internal/adapter/webui/format.go:35.22,37.3 1 1
github.com/serverkraken/flow/internal/adapter/webui/format.go:38.2,38.19 1 1
github.com/serverkraken/flow/internal/adapter/webui/format.go:42.44,44.13 2 1
github.com/serverkraken/flow/internal/adapter/webui/format.go:44.13,46.3 1 1
github.com/serverkraken/flow/internal/adapter/webui/format.go:47.2,47.15 1 1
github.com/serverkraken/flow/internal/adapter/webui/format.go:47.15,49.3 1 1
github.com/serverkraken/flow/internal/adapter/webui/format.go:50.2,50.40 1 1
github.com/serverkraken/flow/internal/adapter/webui/markdown.go:21.47,22.57 1 1
github.com/serverkraken/flow/internal/adapter/webui/markdown.go:22.57,24.3 1 1
github.com/serverkraken/flow/internal/adapter/webui/markdown.go:25.2,26.54 2 1
github.com/serverkraken/flow/internal/adapter/webui/markdown.go:26.54,28.3 1 0
github.com/serverkraken/flow/internal/adapter/webui/markdown.go:29.2,30.29 2 1
github.com/serverkraken/flow/internal/adapter/webui/static.go:13.35,15.16 2 0
github.com/serverkraken/flow/internal/adapter/webui/static.go:15.16,16.13 1 0
github.com/serverkraken/flow/internal/adapter/webui/static.go:18.2,18.31 1 0
github.com/serverkraken/flow/internal/adapter/webui/stats_templ.go:47.45,48.131 1 0
github.com/serverkraken/flow/internal/adapter/webui/stats_templ.go:48.131,50.71 2 0
github.com/serverkraken/flow/internal/adapter/webui/stats_templ.go:50.71,52.4 1 0
github.com/serverkraken/flow/internal/adapter/webui/stats_templ.go:53.3,54.31 2 0
github.com/serverkraken/flow/internal/adapter/webui/stats_templ.go:54.31,55.17 1 0
github.com/serverkraken/flow/internal/adapter/webui/stats_templ.go:55.17,57.34 2 0
github.com/serverkraken/flow/internal/adapter/webui/stats_templ.go:57.34,59.6 1 0
github.com/serverkraken/flow/internal/adapter/webui/stats_templ.go:62.3,64.33 3 0
github.com/serverkraken/flow/internal/adapter/webui/stats_templ.go:64.33,66.4 1 0
github.com/serverkraken/flow/internal/adapter/webui/stats_templ.go:67.3,69.32 3 0
github.com/serverkraken/flow/internal/adapter/webui/stats_templ.go:69.32,71.4 1 0
github.com/serverkraken/flow/internal/adapter/webui/stats_templ.go:72.3,74.32 3 0
github.com/serverkraken/flow/internal/adapter/webui/stats_templ.go:74.32,76.4 1 0
github.com/serverkraken/flow/internal/adapter/webui/stats_templ.go:77.3,78.32 2 0
github.com/serverkraken/flow/internal/adapter/webui/stats_templ.go:78.32,80.4 1 0
github.com/serverkraken/flow/internal/adapter/webui/stats_templ.go:81.3,82.32 2 0
github.com/serverkraken/flow/internal/adapter/webui/stats_templ.go:82.32,84.4 1 0
github.com/serverkraken/flow/internal/adapter/webui/stats_templ.go:85.3,86.32 2 0
github.com/serverkraken/flow/internal/adapter/webui/stats_templ.go:86.32,88.4 1 0
github.com/serverkraken/flow/internal/adapter/webui/stats_templ.go:89.3,90.32 2 0
github.com/serverkraken/flow/internal/adapter/webui/stats_templ.go:90.32,92.4 1 0
github.com/serverkraken/flow/internal/adapter/webui/stats_templ.go:93.3,93.13 1 0
github.com/serverkraken/flow/internal/adapter/webui/stats_templ.go:97.49,98.131 1 0
github.com/serverkraken/flow/internal/adapter/webui/stats_templ.go:98.131,100.71 2 0
github.com/serverkraken/flow/internal/adapter/webui/stats_templ.go:100.71,102.4 1 0
github.com/serverkraken/flow/internal/adapter/webui/stats_templ.go:103.3,104.31 2 0
github.com/serverkraken/flow/internal/adapter/webui/stats_templ.go:104.31,105.17 1 0
github.com/serverkraken/flow/internal/adapter/webui/stats_templ.go:105.17,107.34 2 0
github.com/serverkraken/flow/internal/adapter/webui/stats_templ.go:107.34,109.6 1 0
github.com/serverkraken/flow/internal/adapter/webui/stats_templ.go:112.3,114.33 3 0
github.com/serverkraken/flow/internal/adapter/webui/stats_templ.go:114.33,116.4 1 0
github.com/serverkraken/flow/internal/adapter/webui/stats_templ.go:117.3,119.32 3 0
github.com/serverkraken/flow/internal/adapter/webui/stats_templ.go:119.32,121.4 1 0
github.com/serverkraken/flow/internal/adapter/webui/stats_templ.go:122.3,124.32 3 0
github.com/serverkraken/flow/internal/adapter/webui/stats_templ.go:124.32,126.4 1 0
github.com/serverkraken/flow/internal/adapter/webui/stats_templ.go:127.3,128.32 2 0
github.com/serverkraken/flow/internal/adapter/webui/stats_templ.go:128.32,130.4 1 0
github.com/serverkraken/flow/internal/adapter/webui/stats_templ.go:131.3,133.32 3 0
github.com/serverkraken/flow/internal/adapter/webui/stats_templ.go:133.32,135.4 1 0
github.com/serverkraken/flow/internal/adapter/webui/stats_templ.go:136.3,137.32 2 0
github.com/serverkraken/flow/internal/adapter/webui/stats_templ.go:137.32,139.4 1 0
github.com/serverkraken/flow/internal/adapter/webui/stats_templ.go:140.3,141.32 2 0
github.com/serverkraken/flow/internal/adapter/webui/stats_templ.go:141.32,143.4 1 0
github.com/serverkraken/flow/internal/adapter/webui/stats_templ.go:144.3,146.32 3 0
github.com/serverkraken/flow/internal/adapter/webui/stats_templ.go:146.32,148.4 1 0
github.com/serverkraken/flow/internal/adapter/webui/stats_templ.go:149.3,150.32 2 0
github.com/serverkraken/flow/internal/adapter/webui/stats_templ.go:150.32,152.4 1 0
github.com/serverkraken/flow/internal/adapter/webui/stats_templ.go:153.3,154.32 2 0
github.com/serverkraken/flow/internal/adapter/webui/stats_templ.go:154.32,156.4 1 0
github.com/serverkraken/flow/internal/adapter/webui/stats_templ.go:157.3,159.32 3 0
github.com/serverkraken/flow/internal/adapter/webui/stats_templ.go:159.32,161.4 1 0
github.com/serverkraken/flow/internal/adapter/webui/stats_templ.go:162.3,163.32 2 0
github.com/serverkraken/flow/internal/adapter/webui/stats_templ.go:163.32,165.4 1 0
github.com/serverkraken/flow/internal/adapter/webui/stats_templ.go:166.3,167.32 2 0
github.com/serverkraken/flow/internal/adapter/webui/stats_templ.go:167.32,169.4 1 0
github.com/serverkraken/flow/internal/adapter/webui/stats_templ.go:170.3,172.32 3 0
github.com/serverkraken/flow/internal/adapter/webui/stats_templ.go:172.32,174.4 1 0
github.com/serverkraken/flow/internal/adapter/webui/stats_templ.go:175.3,176.32 2 0
github.com/serverkraken/flow/internal/adapter/webui/stats_templ.go:176.32,178.4 1 0
github.com/serverkraken/flow/internal/adapter/webui/stats_templ.go:179.3,180.32 2 0
github.com/serverkraken/flow/internal/adapter/webui/stats_templ.go:180.32,182.4 1 0
github.com/serverkraken/flow/internal/adapter/webui/stats_templ.go:183.3,185.32 3 0
github.com/serverkraken/flow/internal/adapter/webui/stats_templ.go:185.32,187.4 1 0
github.com/serverkraken/flow/internal/adapter/webui/stats_templ.go:188.3,189.32 2 0
github.com/serverkraken/flow/internal/adapter/webui/stats_templ.go:189.32,191.4 1 0
github.com/serverkraken/flow/internal/adapter/webui/stats_templ.go:192.3,193.32 2 0
github.com/serverkraken/flow/internal/adapter/webui/stats_templ.go:193.32,195.4 1 0
github.com/serverkraken/flow/internal/adapter/webui/stats_templ.go:196.3,198.32 3 0
github.com/serverkraken/flow/internal/adapter/webui/stats_templ.go:198.32,200.4 1 0
github.com/serverkraken/flow/internal/adapter/webui/stats_templ.go:201.3,202.32 2 0
github.com/serverkraken/flow/internal/adapter/webui/stats_templ.go:202.32,204.4 1 0
github.com/serverkraken/flow/internal/adapter/webui/stats_templ.go:205.3,206.32 2 0
github.com/serverkraken/flow/internal/adapter/webui/stats_templ.go:206.32,208.4 1 0
github.com/serverkraken/flow/internal/adapter/webui/stats_templ.go:209.3,211.32 3 0
github.com/serverkraken/flow/internal/adapter/webui/stats_templ.go:211.32,213.4 1 0
github.com/serverkraken/flow/internal/adapter/webui/stats_templ.go:214.3,215.32 2 0
github.com/serverkraken/flow/internal/adapter/webui/stats_templ.go:215.32,217.4 1 0
github.com/serverkraken/flow/internal/adapter/webui/stats_templ.go:218.3,220.32 3 0
github.com/serverkraken/flow/internal/adapter/webui/stats_templ.go:220.32,222.4 1 0
github.com/serverkraken/flow/internal/adapter/webui/stats_templ.go:223.3,224.32 2 0
github.com/serverkraken/flow/internal/adapter/webui/stats_templ.go:224.32,226.4 1 0
github.com/serverkraken/flow/internal/adapter/webui/stats_templ.go:227.3,228.32 2 0
github.com/serverkraken/flow/internal/adapter/webui/stats_templ.go:228.32,230.4 1 0
github.com/serverkraken/flow/internal/adapter/webui/stats_templ.go:231.3,233.32 3 0
github.com/serverkraken/flow/internal/adapter/webui/stats_templ.go:233.32,235.4 1 0
github.com/serverkraken/flow/internal/adapter/webui/stats_templ.go:236.3,237.32 2 0
github.com/serverkraken/flow/internal/adapter/webui/stats_templ.go:237.32,239.4 1 0
github.com/serverkraken/flow/internal/adapter/webui/stats_templ.go:240.3,241.32 2 0
github.com/serverkraken/flow/internal/adapter/webui/stats_templ.go:241.32,243.4 1 0
github.com/serverkraken/flow/internal/adapter/webui/stats_templ.go:244.3,246.32 3 0
github.com/serverkraken/flow/internal/adapter/webui/stats_templ.go:246.32,248.4 1 0
github.com/serverkraken/flow/internal/adapter/webui/stats_templ.go:249.3,250.32 2 0
github.com/serverkraken/flow/internal/adapter/webui/stats_templ.go:250.32,252.4 1 0
github.com/serverkraken/flow/internal/adapter/webui/stats_templ.go:253.3,255.32 3 0
github.com/serverkraken/flow/internal/adapter/webui/stats_templ.go:255.32,257.4 1 0
github.com/serverkraken/flow/internal/adapter/webui/stats_templ.go:258.3,259.32 2 0
github.com/serverkraken/flow/internal/adapter/webui/stats_templ.go:259.32,261.4 1 0
github.com/serverkraken/flow/internal/adapter/webui/stats_templ.go:262.3,263.32 2 0
github.com/serverkraken/flow/internal/adapter/webui/stats_templ.go:263.32,265.4 1 0
github.com/serverkraken/flow/internal/adapter/webui/stats_templ.go:266.3,268.32 3 0
github.com/serverkraken/flow/internal/adapter/webui/stats_templ.go:268.32,270.4 1 0
github.com/serverkraken/flow/internal/adapter/webui/stats_templ.go:271.3,272.32 2 0
github.com/serverkraken/flow/internal/adapter/webui/stats_templ.go:272.32,274.4 1 0
github.com/serverkraken/flow/internal/adapter/webui/stats_templ.go:275.3,276.32 2 0
github.com/serverkraken/flow/internal/adapter/webui/stats_templ.go:276.32,278.4 1 0
github.com/serverkraken/flow/internal/adapter/webui/stats_templ.go:279.3,279.30 1 0
github.com/serverkraken/flow/internal/adapter/webui/stats_templ.go:279.30,282.33 3 0
github.com/serverkraken/flow/internal/adapter/webui/stats_templ.go:282.33,284.5 1 0
github.com/serverkraken/flow/internal/adapter/webui/stats_templ.go:285.4,286.33 2 0
github.com/serverkraken/flow/internal/adapter/webui/stats_templ.go:286.33,288.5 1 0
github.com/serverkraken/flow/internal/adapter/webui/stats_templ.go:289.4,291.33 3 0
github.com/serverkraken/flow/internal/adapter/webui/stats_templ.go:291.33,293.5 1 0
github.com/serverkraken/flow/internal/adapter/webui/stats_templ.go:294.4,295.33 2 0
github.com/serverkraken/flow/internal/adapter/webui/stats_templ.go:295.33,297.5 1 0
github.com/serverkraken/flow/internal/adapter/webui/stats_templ.go:298.4,299.33 2 0
github.com/serverkraken/flow/internal/adapter/webui/stats_templ.go:299.33,301.5 1 0
github.com/serverkraken/flow/internal/adapter/webui/stats_templ.go:302.4,304.33 3 0
github.com/serverkraken/flow/internal/adapter/webui/stats_templ.go:304.33,306.5 1 0
github.com/serverkraken/flow/internal/adapter/webui/stats_templ.go:307.4,308.33 2 0
github.com/serverkraken/flow/internal/adapter/webui/stats_templ.go:308.33,310.5 1 0
github.com/serverkraken/flow/internal/adapter/webui/stats_templ.go:311.4,313.33 3 0
github.com/serverkraken/flow/internal/adapter/webui/stats_templ.go:313.33,315.5 1 0
github.com/serverkraken/flow/internal/adapter/webui/stats_templ.go:316.4,317.33 2 0
github.com/serverkraken/flow/internal/adapter/webui/stats_templ.go:317.33,319.5 1 0
github.com/serverkraken/flow/internal/adapter/webui/stats_templ.go:320.4,321.33 2 0
github.com/serverkraken/flow/internal/adapter/webui/stats_templ.go:321.33,323.5 1 0
github.com/serverkraken/flow/internal/adapter/webui/stats_templ.go:324.4,326.33 3 0
github.com/serverkraken/flow/internal/adapter/webui/stats_templ.go:326.33,328.5 1 0
github.com/serverkraken/flow/internal/adapter/webui/stats_templ.go:329.4,330.33 2 0
github.com/serverkraken/flow/internal/adapter/webui/stats_templ.go:330.33,332.5 1 0
github.com/serverkraken/flow/internal/adapter/webui/stats_templ.go:333.4,334.33 2 0
github.com/serverkraken/flow/internal/adapter/webui/stats_templ.go:334.33,336.5 1 0
github.com/serverkraken/flow/internal/adapter/webui/stats_templ.go:337.4,339.33 3 0
github.com/serverkraken/flow/internal/adapter/webui/stats_templ.go:339.33,341.5 1 0
github.com/serverkraken/flow/internal/adapter/webui/stats_templ.go:342.4,343.33 2 0
github.com/serverkraken/flow/internal/adapter/webui/stats_templ.go:343.33,345.5 1 0
github.com/serverkraken/flow/internal/adapter/webui/stats_templ.go:346.4,348.33 3 0
github.com/serverkraken/flow/internal/adapter/webui/stats_templ.go:348.33,350.5 1 0
github.com/serverkraken/flow/internal/adapter/webui/stats_templ.go:351.4,352.33 2 0
github.com/serverkraken/flow/internal/adapter/webui/stats_templ.go:352.33,354.5 1 0
github.com/serverkraken/flow/internal/adapter/webui/stats_templ.go:355.4,356.33 2 0
github.com/serverkraken/flow/internal/adapter/webui/stats_templ.go:356.33,358.5 1 0
github.com/serverkraken/flow/internal/adapter/webui/stats_templ.go:359.4,361.33 3 0
github.com/serverkraken/flow/internal/adapter/webui/stats_templ.go:361.33,363.5 1 0
github.com/serverkraken/flow/internal/adapter/webui/stats_templ.go:364.4,365.33 2 0
github.com/serverkraken/flow/internal/adapter/webui/stats_templ.go:365.33,367.5 1 0
github.com/serverkraken/flow/internal/adapter/webui/stats_templ.go:368.4,369.33 2 0
github.com/serverkraken/flow/internal/adapter/webui/stats_templ.go:369.33,371.5 1 0
github.com/serverkraken/flow/internal/adapter/webui/stats_templ.go:372.4,374.33 3 0
github.com/serverkraken/flow/internal/adapter/webui/stats_templ.go:374.33,376.5 1 0
github.com/serverkraken/flow/internal/adapter/webui/stats_templ.go:377.4,378.33 2 0
github.com/serverkraken/flow/internal/adapter/webui/stats_templ.go:378.33,380.5 1 0
github.com/serverkraken/flow/internal/adapter/webui/stats_templ.go:381.4,382.33 2 0
github.com/serverkraken/flow/internal/adapter/webui/stats_templ.go:382.33,384.5 1 0
github.com/serverkraken/flow/internal/adapter/webui/stats_templ.go:386.3,387.32 2 0
github.com/serverkraken/flow/internal/adapter/webui/stats_templ.go:387.32,389.4 1 0
github.com/serverkraken/flow/internal/adapter/webui/stats_templ.go:390.3,392.32 3 0
github.com/serverkraken/flow/internal/adapter/webui/stats_templ.go:392.32,394.4 1 0
github.com/serverkraken/flow/internal/adapter/webui/stats_templ.go:395.3,396.32 2 0
github.com/serverkraken/flow/internal/adapter/webui/stats_templ.go:396.32,398.4 1 0
github.com/serverkraken/flow/internal/adapter/webui/stats_templ.go:399.3,400.32 2 0
github.com/serverkraken/flow/internal/adapter/webui/stats_templ.go:400.32,402.4 1 0
github.com/serverkraken/flow/internal/adapter/webui/stats_templ.go:403.3,405.32 3 0
github.com/serverkraken/flow/internal/adapter/webui/stats_templ.go:405.32,407.4 1 0
github.com/serverkraken/flow/internal/adapter/webui/stats_templ.go:408.3,409.32 2 0
github.com/serverkraken/flow/internal/adapter/webui/stats_templ.go:409.32,411.4 1 0
github.com/serverkraken/flow/internal/adapter/webui/stats_templ.go:412.3,414.32 3 0
github.com/serverkraken/flow/internal/adapter/webui/stats_templ.go:414.32,416.4 1 0
github.com/serverkraken/flow/internal/adapter/webui/stats_templ.go:417.3,418.32 2 0
github.com/serverkraken/flow/internal/adapter/webui/stats_templ.go:418.32,420.4 1 0
github.com/serverkraken/flow/internal/adapter/webui/stats_templ.go:421.3,422.32 2 0
github.com/serverkraken/flow/internal/adapter/webui/stats_templ.go:422.32,424.4 1 0
github.com/serverkraken/flow/internal/adapter/webui/stats_templ.go:425.3,427.32 3 0
github.com/serverkraken/flow/internal/adapter/webui/stats_templ.go:427.32,429.4 1 0
github.com/serverkraken/flow/internal/adapter/webui/stats_templ.go:430.3,431.32 2 0
github.com/serverkraken/flow/internal/adapter/webui/stats_templ.go:431.32,433.4 1 0
github.com/serverkraken/flow/internal/adapter/webui/stats_templ.go:434.3,436.32 3 0
github.com/serverkraken/flow/internal/adapter/webui/stats_templ.go:436.32,438.4 1 0
github.com/serverkraken/flow/internal/adapter/webui/stats_templ.go:439.3,440.32 2 0
github.com/serverkraken/flow/internal/adapter/webui/stats_templ.go:440.32,442.4 1 0
github.com/serverkraken/flow/internal/adapter/webui/stats_templ.go:443.3,444.32 2 0
github.com/serverkraken/flow/internal/adapter/webui/stats_templ.go:444.32,446.4 1 0
github.com/serverkraken/flow/internal/adapter/webui/stats_templ.go:447.3,449.32 3 0
github.com/serverkraken/flow/internal/adapter/webui/stats_templ.go:449.32,451.4 1 0
github.com/serverkraken/flow/internal/adapter/webui/stats_templ.go:452.3,453.32 2 0
github.com/serverkraken/flow/internal/adapter/webui/stats_templ.go:453.32,455.4 1 0
github.com/serverkraken/flow/internal/adapter/webui/stats_templ.go:456.3,457.32 2 0
github.com/serverkraken/flow/internal/adapter/webui/stats_templ.go:457.32,459.4 1 0
github.com/serverkraken/flow/internal/adapter/webui/stats_templ.go:460.3,462.32 3 0
github.com/serverkraken/flow/internal/adapter/webui/stats_templ.go:462.32,464.4 1 0
github.com/serverkraken/flow/internal/adapter/webui/stats_templ.go:465.3,466.32 2 0
github.com/serverkraken/flow/internal/adapter/webui/stats_templ.go:466.32,468.4 1 0
github.com/serverkraken/flow/internal/adapter/webui/stats_templ.go:469.3,470.32 2 0
github.com/serverkraken/flow/internal/adapter/webui/stats_templ.go:470.32,472.4 1 0
github.com/serverkraken/flow/internal/adapter/webui/stats_templ.go:473.3,475.32 3 0
github.com/serverkraken/flow/internal/adapter/webui/stats_templ.go:475.32,477.4 1 0
github.com/serverkraken/flow/internal/adapter/webui/stats_templ.go:478.3,479.32 2 0
github.com/serverkraken/flow/internal/adapter/webui/stats_templ.go:479.32,481.4 1 0
github.com/serverkraken/flow/internal/adapter/webui/stats_templ.go:482.3,483.32 2 0
github.com/serverkraken/flow/internal/adapter/webui/stats_templ.go:483.32,485.4 1 0
github.com/serverkraken/flow/internal/adapter/webui/stats_templ.go:486.3,488.32 3 0
github.com/serverkraken/flow/internal/adapter/webui/stats_templ.go:488.32,490.4 1 0
github.com/serverkraken/flow/internal/adapter/webui/stats_templ.go:491.3,492.32 2 0
github.com/serverkraken/flow/internal/adapter/webui/stats_templ.go:492.32,494.4 1 0
github.com/serverkraken/flow/internal/adapter/webui/stats_templ.go:495.3,496.32 2 0
github.com/serverkraken/flow/internal/adapter/webui/stats_templ.go:496.32,498.4 1 0
github.com/serverkraken/flow/internal/adapter/webui/stats_templ.go:499.3,501.32 3 0
github.com/serverkraken/flow/internal/adapter/webui/stats_templ.go:501.32,503.4 1 0
github.com/serverkraken/flow/internal/adapter/webui/stats_templ.go:504.3,505.32 2 0
github.com/serverkraken/flow/internal/adapter/webui/stats_templ.go:505.32,507.4 1 0
github.com/serverkraken/flow/internal/adapter/webui/stats_templ.go:508.3,509.32 2 0
github.com/serverkraken/flow/internal/adapter/webui/stats_templ.go:509.32,511.4 1 0
github.com/serverkraken/flow/internal/adapter/webui/stats_templ.go:512.3,514.32 3 0
github.com/serverkraken/flow/internal/adapter/webui/stats_templ.go:514.32,516.4 1 0
github.com/serverkraken/flow/internal/adapter/webui/stats_templ.go:517.3,518.32 2 0
github.com/serverkraken/flow/internal/adapter/webui/stats_templ.go:518.32,520.4 1 0
github.com/serverkraken/flow/internal/adapter/webui/stats_templ.go:521.3,522.32 2 0
github.com/serverkraken/flow/internal/adapter/webui/stats_templ.go:522.32,524.4 1 0
github.com/serverkraken/flow/internal/adapter/webui/stats_templ.go:525.3,527.32 3 0
github.com/serverkraken/flow/internal/adapter/webui/stats_templ.go:527.32,529.4 1 0
github.com/serverkraken/flow/internal/adapter/webui/stats_templ.go:530.3,531.32 2 0
github.com/serverkraken/flow/internal/adapter/webui/stats_templ.go:531.32,533.4 1 0
github.com/serverkraken/flow/internal/adapter/webui/stats_templ.go:534.3,535.32 2 0
github.com/serverkraken/flow/internal/adapter/webui/stats_templ.go:535.32,537.4 1 0
github.com/serverkraken/flow/internal/adapter/webui/stats_templ.go:538.3,540.32 3 0
github.com/serverkraken/flow/internal/adapter/webui/stats_templ.go:540.32,542.4 1 0
github.com/serverkraken/flow/internal/adapter/webui/stats_templ.go:543.3,544.32 2 0
github.com/serverkraken/flow/internal/adapter/webui/stats_templ.go:544.32,546.4 1 0
github.com/serverkraken/flow/internal/adapter/webui/stats_templ.go:547.3,548.32 2 0
github.com/serverkraken/flow/internal/adapter/webui/stats_templ.go:548.32,550.4 1 0
github.com/serverkraken/flow/internal/adapter/webui/stats_templ.go:551.3,553.32 3 0
github.com/serverkraken/flow/internal/adapter/webui/stats_templ.go:553.32,555.4 1 0
github.com/serverkraken/flow/internal/adapter/webui/stats_templ.go:556.3,557.32 2 0
github.com/serverkraken/flow/internal/adapter/webui/stats_templ.go:557.32,559.4 1 0
github.com/serverkraken/flow/internal/adapter/webui/stats_templ.go:560.3,561.32 2 0
github.com/serverkraken/flow/internal/adapter/webui/stats_templ.go:561.32,563.4 1 0
github.com/serverkraken/flow/internal/adapter/webui/stats_templ.go:564.3,566.32 3 0
github.com/serverkraken/flow/internal/adapter/webui/stats_templ.go:566.32,568.4 1 0
github.com/serverkraken/flow/internal/adapter/webui/stats_templ.go:569.3,570.32 2 0
github.com/serverkraken/flow/internal/adapter/webui/stats_templ.go:570.32,572.4 1 0
github.com/serverkraken/flow/internal/adapter/webui/stats_templ.go:573.3,574.32 2 0
github.com/serverkraken/flow/internal/adapter/webui/stats_templ.go:574.32,576.4 1 0
github.com/serverkraken/flow/internal/adapter/webui/stats_templ.go:577.3,577.13 1 0
github.com/serverkraken/flow/internal/adapter/webui/wikilink.go:33.40,34.26 1 1
github.com/serverkraken/flow/internal/adapter/webui/wikilink.go:34.26,41.3 6 1
github.com/serverkraken/flow/internal/adapter/webui/wikilink.go:42.2,42.18 1 1
github.com/serverkraken/flow/internal/adapter/webui/wikilink.go:50.73,51.57 1 1
github.com/serverkraken/flow/internal/adapter/webui/wikilink.go:51.57,53.3 1 1
github.com/serverkraken/flow/internal/adapter/webui/wikilink.go:54.2,67.54 4 1
github.com/serverkraken/flow/internal/adapter/webui/wikilink.go:67.54,69.3 1 0
github.com/serverkraken/flow/internal/adapter/webui/wikilink.go:70.2,71.29 2 1
github.com/serverkraken/flow/internal/adapter/webui/wikilink.go:84.53,84.76 1 1
github.com/serverkraken/flow/internal/adapter/webui/wikilink.go:85.53,85.97 1 0
github.com/serverkraken/flow/internal/adapter/webui/wikilink.go:91.40,91.62 1 1
github.com/serverkraken/flow/internal/adapter/webui/wikilink.go:93.87,95.55 2 1
github.com/serverkraken/flow/internal/adapter/webui/wikilink.go:95.55,97.3 1 1
github.com/serverkraken/flow/internal/adapter/webui/wikilink.go:98.2,99.35 2 1
github.com/serverkraken/flow/internal/adapter/webui/wikilink.go:99.35,100.22 1 1
github.com/serverkraken/flow/internal/adapter/webui/wikilink.go:100.22,101.9 1 0
github.com/serverkraken/flow/internal/adapter/webui/wikilink.go:103.3,103.41 1 1
github.com/serverkraken/flow/internal/adapter/webui/wikilink.go:103.41,105.9 2 1
github.com/serverkraken/flow/internal/adapter/webui/wikilink.go:108.2,108.13 1 1
github.com/serverkraken/flow/internal/adapter/webui/wikilink.go:108.13,110.3 1 0
github.com/serverkraken/flow/internal/adapter/webui/wikilink.go:111.2,112.17 2 1
github.com/serverkraken/flow/internal/adapter/webui/wikilink.go:112.17,114.3 1 0
github.com/serverkraken/flow/internal/adapter/webui/wikilink.go:115.2,116.18 2 1
github.com/serverkraken/flow/internal/adapter/webui/wikilink.go:116.18,118.3 1 0
github.com/serverkraken/flow/internal/adapter/webui/wikilink.go:119.2,120.56 2 1
github.com/serverkraken/flow/internal/adapter/webui/wikilink.go:125.60,126.30 1 1
github.com/serverkraken/flow/internal/adapter/webui/wikilink.go:126.30,127.15 1 1
github.com/serverkraken/flow/internal/adapter/webui/wikilink.go:128.12,129.25 1 1
github.com/serverkraken/flow/internal/adapter/webui/wikilink.go:130.18,131.17 1 0
github.com/serverkraken/flow/internal/adapter/webui/wikilink.go:134.2,134.14 1 1
github.com/serverkraken/flow/internal/adapter/webui/wikilink.go:143.87,145.2 1 1
github.com/serverkraken/flow/internal/adapter/webui/wikilink.go:147.118,148.15 1 1
github.com/serverkraken/flow/internal/adapter/webui/wikilink.go:148.15,150.3 1 1
github.com/serverkraken/flow/internal/adapter/webui/wikilink.go:151.2,152.9 2 1
github.com/serverkraken/flow/internal/adapter/webui/wikilink.go:152.9,154.3 1 0
github.com/serverkraken/flow/internal/adapter/webui/wikilink.go:156.2,159.19 3 1
github.com/serverkraken/flow/internal/adapter/webui/wikilink.go:159.19,160.30 1 1
github.com/serverkraken/flow/internal/adapter/webui/wikilink.go:160.30,162.4 1 1
github.com/serverkraken/flow/internal/adapter/webui/wikilink.go:162.9,164.4 1 1
github.com/serverkraken/flow/internal/adapter/webui/wikilink.go:167.2,167.14 1 1
github.com/serverkraken/flow/internal/adapter/webui/wikilink.go:167.14,173.3 5 1
github.com/serverkraken/flow/internal/adapter/webui/wikilink.go:173.8,177.3 3 1
github.com/serverkraken/flow/internal/adapter/webui/wikilink.go:178.2,178.34 1 1
github.com/serverkraken/flow/internal/adapter/webui/worktime_templ.go:23.51,24.131 1 1
github.com/serverkraken/flow/internal/adapter/webui/worktime_templ.go:24.131,26.71 2 1
github.com/serverkraken/flow/internal/adapter/webui/worktime_templ.go:26.71,28.4 1 0
github.com/serverkraken/flow/internal/adapter/webui/worktime_templ.go:29.3,30.31 2 1
github.com/serverkraken/flow/internal/adapter/webui/worktime_templ.go:30.31,31.17 1 1
github.com/serverkraken/flow/internal/adapter/webui/worktime_templ.go:31.17,33.34 2 1
github.com/serverkraken/flow/internal/adapter/webui/worktime_templ.go:33.34,35.6 1 1
github.com/serverkraken/flow/internal/adapter/webui/worktime_templ.go:38.3,40.33 3 1
github.com/serverkraken/flow/internal/adapter/webui/worktime_templ.go:40.33,42.4 1 0
github.com/serverkraken/flow/internal/adapter/webui/worktime_templ.go:43.3,45.32 3 1
github.com/serverkraken/flow/internal/adapter/webui/worktime_templ.go:45.32,47.4 1 0
github.com/serverkraken/flow/internal/adapter/webui/worktime_templ.go:48.3,49.32 2 1
github.com/serverkraken/flow/internal/adapter/webui/worktime_templ.go:49.32,51.4 1 0
github.com/serverkraken/flow/internal/adapter/webui/worktime_templ.go:52.3,53.32 2 1
github.com/serverkraken/flow/internal/adapter/webui/worktime_templ.go:53.32,55.4 1 0
github.com/serverkraken/flow/internal/adapter/webui/worktime_templ.go:56.3,56.13 1 1
github.com/serverkraken/flow/internal/adapter/webui/worktime_templ.go:60.55,61.131 1 1
github.com/serverkraken/flow/internal/adapter/webui/worktime_templ.go:61.131,63.71 2 1
github.com/serverkraken/flow/internal/adapter/webui/worktime_templ.go:63.71,65.4 1 0
github.com/serverkraken/flow/internal/adapter/webui/worktime_templ.go:66.3,67.31 2 1
github.com/serverkraken/flow/internal/adapter/webui/worktime_templ.go:67.31,68.17 1 1
github.com/serverkraken/flow/internal/adapter/webui/worktime_templ.go:68.17,70.34 2 1
github.com/serverkraken/flow/internal/adapter/webui/worktime_templ.go:70.34,72.6 1 1
github.com/serverkraken/flow/internal/adapter/webui/worktime_templ.go:75.3,77.33 3 1
github.com/serverkraken/flow/internal/adapter/webui/worktime_templ.go:77.33,79.4 1 0
github.com/serverkraken/flow/internal/adapter/webui/worktime_templ.go:80.3,82.32 3 1
github.com/serverkraken/flow/internal/adapter/webui/worktime_templ.go:82.32,84.4 1 0
github.com/serverkraken/flow/internal/adapter/webui/worktime_templ.go:85.3,87.32 3 1
github.com/serverkraken/flow/internal/adapter/webui/worktime_templ.go:87.32,89.4 1 0
github.com/serverkraken/flow/internal/adapter/webui/worktime_templ.go:90.3,91.32 2 1
github.com/serverkraken/flow/internal/adapter/webui/worktime_templ.go:91.32,93.4 1 0
github.com/serverkraken/flow/internal/adapter/webui/worktime_templ.go:94.3,95.32 2 1
github.com/serverkraken/flow/internal/adapter/webui/worktime_templ.go:95.32,97.4 1 0
github.com/serverkraken/flow/internal/adapter/webui/worktime_templ.go:98.3,98.23 1 1
github.com/serverkraken/flow/internal/adapter/webui/worktime_templ.go:98.23,100.33 2 1
github.com/serverkraken/flow/internal/adapter/webui/worktime_templ.go:100.33,102.5 1 0
github.com/serverkraken/flow/internal/adapter/webui/worktime_templ.go:103.4,105.33 3 1
github.com/serverkraken/flow/internal/adapter/webui/worktime_templ.go:105.33,107.5 1 0
github.com/serverkraken/flow/internal/adapter/webui/worktime_templ.go:108.4,109.33 2 1
github.com/serverkraken/flow/internal/adapter/webui/worktime_templ.go:109.33,111.5 1 0
github.com/serverkraken/flow/internal/adapter/webui/worktime_templ.go:112.4,113.33 2 1
github.com/serverkraken/flow/internal/adapter/webui/worktime_templ.go:113.33,115.5 1 0
github.com/serverkraken/flow/internal/adapter/webui/worktime_templ.go:116.4,118.33 3 1
github.com/serverkraken/flow/internal/adapter/webui/worktime_templ.go:118.33,120.5 1 0
github.com/serverkraken/flow/internal/adapter/webui/worktime_templ.go:121.4,122.33 2 1
github.com/serverkraken/flow/internal/adapter/webui/worktime_templ.go:122.33,124.5 1 0
github.com/serverkraken/flow/internal/adapter/webui/worktime_templ.go:125.4,126.33 2 1
github.com/serverkraken/flow/internal/adapter/webui/worktime_templ.go:126.33,128.5 1 0
github.com/serverkraken/flow/internal/adapter/webui/worktime_templ.go:129.4,129.33 1 1
github.com/serverkraken/flow/internal/adapter/webui/worktime_templ.go:129.33,131.34 2 1
github.com/serverkraken/flow/internal/adapter/webui/worktime_templ.go:131.34,133.6 1 0
github.com/serverkraken/flow/internal/adapter/webui/worktime_templ.go:134.5,136.34 3 1
github.com/serverkraken/flow/internal/adapter/webui/worktime_templ.go:136.34,138.6 1 0
github.com/serverkraken/flow/internal/adapter/webui/worktime_templ.go:139.5,140.34 2 1
github.com/serverkraken/flow/internal/adapter/webui/worktime_templ.go:140.34,142.6 1 0
github.com/serverkraken/flow/internal/adapter/webui/worktime_templ.go:143.5,144.34 2 1
github.com/serverkraken/flow/internal/adapter/webui/worktime_templ.go:144.34,146.6 1 0
github.com/serverkraken/flow/internal/adapter/webui/worktime_templ.go:147.5,149.34 3 1
github.com/serverkraken/flow/internal/adapter/webui/worktime_templ.go:149.34,151.6 1 0
github.com/serverkraken/flow/internal/adapter/webui/worktime_templ.go:152.5,153.34 2 1
github.com/serverkraken/flow/internal/adapter/webui/worktime_templ.go:153.34,155.6 1 0
github.com/serverkraken/flow/internal/adapter/webui/worktime_templ.go:156.5,157.34 2 1
github.com/serverkraken/flow/internal/adapter/webui/worktime_templ.go:157.34,159.6 1 0
github.com/serverkraken/flow/internal/adapter/webui/worktime_templ.go:161.4,162.33 2 1
github.com/serverkraken/flow/internal/adapter/webui/worktime_templ.go:162.33,164.5 1 0
github.com/serverkraken/flow/internal/adapter/webui/worktime_templ.go:165.9,167.33 2 1
github.com/serverkraken/flow/internal/adapter/webui/worktime_templ.go:167.33,169.5 1 0
github.com/serverkraken/flow/internal/adapter/webui/worktime_templ.go:171.3,172.32 2 1
github.com/serverkraken/flow/internal/adapter/webui/worktime_templ.go:172.32,174.4 1 0
github.com/serverkraken/flow/internal/adapter/webui/worktime_templ.go:175.3,175.27 1 1
github.com/serverkraken/flow/internal/adapter/webui/worktime_templ.go:175.27,177.33 2 1
github.com/serverkraken/flow/internal/adapter/webui/worktime_templ.go:177.33,179.5 1 0
github.com/serverkraken/flow/internal/adapter/webui/worktime_templ.go:181.3,182.32 2 1
github.com/serverkraken/flow/internal/adapter/webui/worktime_templ.go:182.32,184.4 1 0
github.com/serverkraken/flow/internal/adapter/webui/worktime_templ.go:185.3,185.32 1 1
github.com/serverkraken/flow/internal/adapter/webui/worktime_templ.go:185.32,187.33 2 1
github.com/serverkraken/flow/internal/adapter/webui/worktime_templ.go:187.33,189.5 1 0
github.com/serverkraken/flow/internal/adapter/webui/worktime_templ.go:190.4,192.33 3 1
github.com/serverkraken/flow/internal/adapter/webui/worktime_templ.go:192.33,194.5 1 0
github.com/serverkraken/flow/internal/adapter/webui/worktime_templ.go:195.4,196.33 2 1
github.com/serverkraken/flow/internal/adapter/webui/worktime_templ.go:196.33,198.5 1 0
github.com/serverkraken/flow/internal/adapter/webui/worktime_templ.go:199.4,200.33 2 1
github.com/serverkraken/flow/internal/adapter/webui/worktime_templ.go:200.33,202.5 1 0
github.com/serverkraken/flow/internal/adapter/webui/worktime_templ.go:203.4,205.33 3 1
github.com/serverkraken/flow/internal/adapter/webui/worktime_templ.go:205.33,207.5 1 0
github.com/serverkraken/flow/internal/adapter/webui/worktime_templ.go:208.4,209.33 2 1
github.com/serverkraken/flow/internal/adapter/webui/worktime_templ.go:209.33,211.5 1 0
github.com/serverkraken/flow/internal/adapter/webui/worktime_templ.go:212.4,213.33 2 1
github.com/serverkraken/flow/internal/adapter/webui/worktime_templ.go:213.33,215.5 1 0
github.com/serverkraken/flow/internal/adapter/webui/worktime_templ.go:217.3,218.32 2 1
github.com/serverkraken/flow/internal/adapter/webui/worktime_templ.go:218.32,220.4 1 0
github.com/serverkraken/flow/internal/adapter/webui/worktime_templ.go:221.3,221.13 1 1
github.com/serverkraken/flow/internal/chunk/chunk.go:21.41,24.16 3 1
github.com/serverkraken/flow/internal/chunk/chunk.go:24.16,25.18 1 1
github.com/serverkraken/flow/internal/chunk/chunk.go:25.18,27.4 1 1
github.com/serverkraken/flow/internal/chunk/chunk.go:28.3,28.25 1 1
github.com/serverkraken/flow/internal/chunk/chunk.go:30.2,33.48 4 1
github.com/serverkraken/flow/internal/chunk/chunk.go:33.48,35.19 2 1
github.com/serverkraken/flow/internal/chunk/chunk.go:35.19,37.4 1 1
github.com/serverkraken/flow/internal/chunk/chunk.go:38.3,39.18 2 1
github.com/serverkraken/flow/internal/chunk/chunk.go:39.18,41.4 1 1
github.com/serverkraken/flow/internal/chunk/chunk.go:42.3,43.20 2 1
github.com/serverkraken/flow/internal/chunk/chunk.go:43.20,44.9 1 1
github.com/serverkraken/flow/internal/chunk/chunk.go:47.2,47.12 1 1
github.com/serverkraken/flow/internal/clientconfig/clientconfig.go:15.46,21.23 2 1
github.com/serverkraken/flow/internal/clientconfig/clientconfig.go:21.23,23.3 1 1
github.com/serverkraken/flow/internal/clientconfig/clientconfig.go:24.2,24.25 1 1
github.com/serverkraken/flow/internal/clientconfig/clientconfig.go:24.25,26.3 1 1
github.com/serverkraken/flow/internal/clientconfig/clientconfig.go:27.2,27.10 1 1
github.com/serverkraken/flow/internal/tui/screen/worktime/dayoffs/dialogs.go:42.57,46.2 3 1
github.com/serverkraken/flow/internal/tui/screen/worktime/dayoffs/dialogs.go:48.50,57.2 8 1
github.com/serverkraken/flow/internal/tui/screen/worktime/dayoffs/dialogs.go:59.53,60.29 1 1
github.com/serverkraken/flow/internal/tui/screen/worktime/dayoffs/dialogs.go:60.29,62.3 1 0
github.com/serverkraken/flow/internal/tui/screen/worktime/dayoffs/dialogs.go:63.2,66.15 4 1
github.com/serverkraken/flow/internal/tui/screen/worktime/dayoffs/dialogs.go:69.57,71.34 2 1
github.com/serverkraken/flow/internal/tui/screen/worktime/dayoffs/dialogs.go:71.34,72.33 1 1
github.com/serverkraken/flow/internal/tui/screen/worktime/dayoffs/dialogs.go:72.33,74.4 1 1
github.com/serverkraken/flow/internal/tui/screen/worktime/dayoffs/dialogs.go:76.2,77.15 2 1
github.com/serverkraken/flow/internal/tui/screen/worktime/dayoffs/dialogs.go:80.75,81.18 1 1
github.com/serverkraken/flow/internal/tui/screen/worktime/dayoffs/dialogs.go:82.20,83.30 1 1
github.com/serverkraken/flow/internal/tui/screen/worktime/dayoffs/dialogs.go:84.17,85.27 1 1
github.com/serverkraken/flow/internal/tui/screen/worktime/dayoffs/dialogs.go:86.20,89.16 3 1
github.com/serverkraken/flow/internal/tui/screen/worktime/dayoffs/dialogs.go:90.24,91.34 1 1
github.com/serverkraken/flow/internal/tui/screen/worktime/dayoffs/dialogs.go:93.2,93.15 1 0
github.com/serverkraken/flow/internal/tui/screen/worktime/dayoffs/dialogs.go:96.75,97.9 1 1
github.com/serverkraken/flow/internal/tui/screen/worktime/dayoffs/dialogs.go:98.28,99.24 1 0
github.com/serverkraken/flow/internal/tui/screen/worktime/dayoffs/dialogs.go:100.30,102.16 2 1
github.com/serverkraken/flow/internal/tui/screen/worktime/dayoffs/dialogs.go:102.16,104.4 1 0
github.com/serverkraken/flow/internal/tui/screen/worktime/dayoffs/dialogs.go:105.3,106.33 2 1
github.com/serverkraken/flow/internal/tui/screen/worktime/dayoffs/dialogs.go:107.34,108.46 1 0
github.com/serverkraken/flow/internal/tui/screen/worktime/dayoffs/dialogs.go:108.46,110.4 1 0
github.com/serverkraken/flow/internal/tui/screen/worktime/dayoffs/dialogs.go:111.58,112.25 1 1
github.com/serverkraken/flow/internal/tui/screen/worktime/dayoffs/dialogs.go:114.2,114.15 1 1
github.com/serverkraken/flow/internal/tui/screen/worktime/dayoffs/dialogs.go:117.72,118.16 1 1
github.com/serverkraken/flow/internal/tui/screen/worktime/dayoffs/dialogs.go:119.18,121.16 2 0
github.com/serverkraken/flow/internal/tui/screen/worktime/dayoffs/dialogs.go:122.31,124.16 2 1
github.com/serverkraken/flow/internal/tui/screen/worktime/dayoffs/dialogs.go:125.17,127.16 2 0
github.com/serverkraken/flow/internal/tui/screen/worktime/dayoffs/dialogs.go:128.20,129.43 1 1
github.com/serverkraken/flow/internal/tui/screen/worktime/dayoffs/dialogs.go:129.43,131.4 1 1
github.com/serverkraken/flow/internal/tui/screen/worktime/dayoffs/dialogs.go:132.3,133.16 2 0
github.com/serverkraken/flow/internal/tui/screen/worktime/dayoffs/dialogs.go:135.2,137.15 3 1
github.com/serverkraken/flow/internal/tui/screen/worktime/dayoffs/dialogs.go:140.33,146.2 4 1
github.com/serverkraken/flow/internal/tui/screen/worktime/dayoffs/dialogs.go:148.37,152.16 4 1
github.com/serverkraken/flow/internal/tui/screen/worktime/dayoffs/dialogs.go:152.16,154.3 1 0
github.com/serverkraken/flow/internal/tui/screen/worktime/dayoffs/dialogs.go:155.2,155.14 1 1
github.com/serverkraken/flow/internal/tui/screen/worktime/dayoffs/dialogs.go:155.14,157.3 1 1
github.com/serverkraken/flow/internal/tui/screen/worktime/dayoffs/dialogs.go:158.2,160.24 3 1
github.com/serverkraken/flow/internal/tui/screen/worktime/dayoffs/dialogs.go:160.24,163.81 3 1
github.com/serverkraken/flow/internal/tui/screen/worktime/dayoffs/dialogs.go:163.81,165.4 1 0
github.com/serverkraken/flow/internal/tui/screen/worktime/dayoffs/dialogs.go:166.3,166.21 1 1
github.com/serverkraken/flow/internal/tui/screen/worktime/dayoffs/dialogs.go:170.79,171.9 1 1
github.com/serverkraken/flow/internal/tui/screen/worktime/dayoffs/dialogs.go:172.28,173.24 1 0
github.com/serverkraken/flow/internal/tui/screen/worktime/dayoffs/dialogs.go:174.46,175.41 1 1
github.com/serverkraken/flow/internal/tui/screen/worktime/dayoffs/dialogs.go:175.41,177.4 1 1
github.com/serverkraken/flow/internal/tui/screen/worktime/dayoffs/dialogs.go:178.44,179.22 1 0
github.com/serverkraken/flow/internal/tui/screen/worktime/dayoffs/dialogs.go:179.22,181.4 1 0
github.com/serverkraken/flow/internal/tui/screen/worktime/dayoffs/dialogs.go:182.30,185.37 3 1
github.com/serverkraken/flow/internal/tui/screen/worktime/dayoffs/dialogs.go:187.2,187.15 1 1
github.com/serverkraken/flow/internal/tui/screen/worktime/dayoffs/dialogs.go:190.54,193.24 3 1
github.com/serverkraken/flow/internal/tui/screen/worktime/dayoffs/dialogs.go:193.24,196.71 3 1
github.com/serverkraken/flow/internal/tui/screen/worktime/dayoffs/dialogs.go:196.71,198.4 1 0
github.com/serverkraken/flow/internal/tui/screen/worktime/dayoffs/dialogs.go:199.3,199.21 1 1
github.com/serverkraken/flow/internal/tui/screen/worktime/dayoffs/dialogs.go:203.47,205.24 2 1
github.com/serverkraken/flow/internal/tui/screen/worktime/dayoffs/dialogs.go:205.24,208.52 3 1
github.com/serverkraken/flow/internal/tui/screen/worktime/dayoffs/dialogs.go:208.52,210.4 1 0
github.com/serverkraken/flow/internal/tui/screen/worktime/dayoffs/dialogs.go:211.3,211.21 1 1
github.com/serverkraken/flow/internal/tui/screen/worktime/dayoffs/dialogs.go:215.55,217.24 2 1
github.com/serverkraken/flow/internal/tui/screen/worktime/dayoffs/dialogs.go:217.24,220.54 3 1
github.com/serverkraken/flow/internal/tui/screen/worktime/dayoffs/dialogs.go:220.54,222.4 1 0
github.com/serverkraken/flow/internal/tui/screen/worktime/dayoffs/dialogs.go:223.3,223.21 1 1
github.com/serverkraken/flow/internal/tui/screen/worktime/dayoffs/dialogs.go:227.52,228.18 1 0
github.com/serverkraken/flow/internal/tui/screen/worktime/dayoffs/dialogs.go:229.20,230.101 1 0
github.com/serverkraken/flow/internal/tui/screen/worktime/dayoffs/dialogs.go:231.17,235.36 4 0
github.com/serverkraken/flow/internal/tui/screen/worktime/dayoffs/dialogs.go:235.36,237.4 1 0
github.com/serverkraken/flow/internal/tui/screen/worktime/dayoffs/dialogs.go:238.3,238.20 1 0
github.com/serverkraken/flow/internal/tui/screen/worktime/dayoffs/dialogs.go:239.20,240.30 1 0
github.com/serverkraken/flow/internal/tui/screen/worktime/dayoffs/dialogs.go:241.24,244.38 3 0
github.com/serverkraken/flow/internal/tui/screen/worktime/dayoffs/dialogs.go:244.38,246.19 2 0
github.com/serverkraken/flow/internal/tui/screen/worktime/dayoffs/dialogs.go:246.19,248.5 1 0
github.com/serverkraken/flow/internal/tui/screen/worktime/dayoffs/dialogs.go:249.4,249.83 1 0
github.com/serverkraken/flow/internal/tui/screen/worktime/dayoffs/dialogs.go:251.3,251.20 1 0
github.com/serverkraken/flow/internal/tui/screen/worktime/dayoffs/dialogs.go:253.2,253.11 1 0
github.com/serverkraken/flow/internal/tui/screen/worktime/dayoffs/dialogs.go:256.46,257.18 1 0
github.com/serverkraken/flow/internal/tui/screen/worktime/dayoffs/dialogs.go:258.20,259.85 1 0
github.com/serverkraken/flow/internal/tui/screen/worktime/dayoffs/dialogs.go:260.17,261.120 1 0
github.com/serverkraken/flow/internal/tui/screen/worktime/dayoffs/dialogs.go:262.20,263.85 1 0
github.com/serverkraken/flow/internal/tui/screen/worktime/dayoffs/dialogs.go:264.24,265.120 1 0
github.com/serverkraken/flow/internal/tui/screen/worktime/dayoffs/dialogs.go:267.2,267.12 1 0
github.com/serverkraken/flow/internal/tui/screen/worktime/dayoffs/dialogs.go:270.32,273.23 3 1
github.com/serverkraken/flow/internal/tui/screen/worktime/dayoffs/dialogs.go:273.23,274.27 1 1
github.com/serverkraken/flow/internal/tui/screen/worktime/dayoffs/dialogs.go:274.27,276.4 1 0
github.com/serverkraken/flow/internal/tui/screen/worktime/dayoffs/dialogs.go:277.3,277.25 1 1
github.com/serverkraken/flow/internal/tui/screen/worktime/dayoffs/dialogs.go:279.2,279.10 1 1
github.com/serverkraken/flow/internal/tui/screen/worktime/dayoffs/route.go:58.70,60.2 1 1
github.com/serverkraken/flow/internal/tui/screen/worktime/dayoffs/route.go:62.32,62.49 1 1
github.com/serverkraken/flow/internal/tui/screen/worktime/dayoffs/route.go:64.32,64.54 1 1
github.com/serverkraken/flow/internal/tui/screen/worktime/dayoffs/route.go:66.35,68.24 2 1
github.com/serverkraken/flow/internal/tui/screen/worktime/dayoffs/route.go:68.24,73.17 5 1
github.com/serverkraken/flow/internal/tui/screen/worktime/dayoffs/route.go:73.17,75.4 1 0
github.com/serverkraken/flow/internal/tui/screen/worktime/dayoffs/route.go:76.3,77.55 2 1
github.com/serverkraken/flow/internal/tui/screen/worktime/dayoffs/route.go:81.60,82.25 1 1
github.com/serverkraken/flow/internal/tui/screen/worktime/dayoffs/route.go:83.17,85.19 2 1
github.com/serverkraken/flow/internal/tui/screen/worktime/dayoffs/route.go:85.19,87.31 2 1
github.com/serverkraken/flow/internal/tui/screen/worktime/dayoffs/route.go:87.31,88.24 1 1
github.com/serverkraken/flow/internal/tui/screen/worktime/dayoffs/route.go:88.24,90.6 1 0
github.com/serverkraken/flow/internal/tui/screen/worktime/dayoffs/route.go:90.11,92.6 1 1
github.com/serverkraken/flow/internal/tui/screen/worktime/dayoffs/route.go:95.3,95.16 1 1
github.com/serverkraken/flow/internal/tui/screen/worktime/dayoffs/route.go:96.17,97.24 1 1
github.com/serverkraken/flow/internal/tui/screen/worktime/dayoffs/route.go:98.25,101.52 3 1
github.com/serverkraken/flow/internal/tui/screen/worktime/dayoffs/route.go:101.52,103.4 1 1
github.com/serverkraken/flow/internal/tui/screen/worktime/dayoffs/route.go:104.3,104.16 1 0
github.com/serverkraken/flow/internal/tui/screen/worktime/dayoffs/route.go:105.22,106.31 1 1
github.com/serverkraken/flow/internal/tui/screen/worktime/dayoffs/route.go:106.31,108.4 1 1
github.com/serverkraken/flow/internal/tui/screen/worktime/dayoffs/route.go:109.3,109.16 1 1
github.com/serverkraken/flow/internal/tui/screen/worktime/dayoffs/route.go:110.23,111.24 1 1
github.com/serverkraken/flow/internal/tui/screen/worktime/dayoffs/route.go:113.2,113.15 1 0
github.com/serverkraken/flow/internal/tui/screen/worktime/dayoffs/route.go:116.69,117.28 1 1
github.com/serverkraken/flow/internal/tui/screen/worktime/dayoffs/route.go:117.28,119.3 1 1
github.com/serverkraken/flow/internal/tui/screen/worktime/dayoffs/route.go:120.2,120.16 1 1
github.com/serverkraken/flow/internal/tui/screen/worktime/dayoffs/route.go:121.11,122.22 1 0
github.com/serverkraken/flow/internal/tui/screen/worktime/dayoffs/route.go:122.22,124.4 1 0
github.com/serverkraken/flow/internal/tui/screen/worktime/dayoffs/route.go:125.11,126.22 1 0
github.com/serverkraken/flow/internal/tui/screen/worktime/dayoffs/route.go:126.22,128.4 1 0
github.com/serverkraken/flow/internal/tui/screen/worktime/dayoffs/route.go:129.11,130.28 1 1
github.com/serverkraken/flow/internal/tui/screen/worktime/dayoffs/route.go:131.11,132.21 1 1
github.com/serverkraken/flow/internal/tui/screen/worktime/dayoffs/route.go:133.11,134.24 1 1
github.com/serverkraken/flow/internal/tui/screen/worktime/dayoffs/route.go:135.11,136.28 1 1
github.com/serverkraken/flow/internal/tui/screen/worktime/dayoffs/route.go:137.26,138.30 1 1
github.com/serverkraken/flow/internal/tui/screen/worktime/dayoffs/route.go:140.2,140.15 1 0
github.com/serverkraken/flow/internal/tui/screen/worktime/dayoffs/route.go:143.44,144.15 1 1
github.com/serverkraken/flow/internal/tui/screen/worktime/dayoffs/route.go:144.15,146.3 1 0
github.com/serverkraken/flow/internal/tui/screen/worktime/dayoffs/route.go:147.2,147.18 1 1
github.com/serverkraken/flow/internal/tui/screen/worktime/dayoffs/route.go:147.18,149.3 1 0
github.com/serverkraken/flow/internal/tui/screen/worktime/dayoffs/route.go:150.2,150.28 1 1
github.com/serverkraken/flow/internal/tui/screen/worktime/dayoffs/route.go:150.28,152.3 1 0
github.com/serverkraken/flow/internal/tui/screen/worktime/dayoffs/route.go:153.2,156.42 4 1
github.com/serverkraken/flow/internal/tui/screen/worktime/dayoffs/route.go:156.42,159.54 3 0
github.com/serverkraken/flow/internal/tui/screen/worktime/dayoffs/route.go:159.54,161.4 1 0
github.com/serverkraken/flow/internal/tui/screen/worktime/dayoffs/route.go:162.3,162.38 1 0
github.com/serverkraken/flow/internal/tui/screen/worktime/dayoffs/route.go:162.38,162.66 1 0
github.com/serverkraken/flow/internal/tui/screen/worktime/dayoffs/route.go:163.3,164.24 2 0
github.com/serverkraken/flow/internal/tui/screen/worktime/dayoffs/route.go:164.24,166.4 1 0
github.com/serverkraken/flow/internal/tui/screen/worktime/dayoffs/route.go:167.3,167.66 1 0
github.com/serverkraken/flow/internal/tui/screen/worktime/dayoffs/route.go:169.2,170.16 2 1
github.com/serverkraken/flow/internal/tui/screen/worktime/dayoffs/route.go:170.16,172.3 1 1
github.com/serverkraken/flow/internal/tui/screen/worktime/dayoffs/route.go:173.2,175.22 3 1
github.com/serverkraken/flow/internal/tui/screen/worktime/dayoffs/route.go:175.22,177.3 1 1
github.com/serverkraken/flow/internal/tui/screen/worktime/dayoffs/route.go:178.2,178.27 1 1
github.com/serverkraken/flow/internal/tui/screen/worktime/dayoffs/route.go:178.27,180.18 2 1
github.com/serverkraken/flow/internal/tui/screen/worktime/dayoffs/route.go:180.18,182.4 1 0
github.com/serverkraken/flow/internal/tui/screen/worktime/dayoffs/route.go:183.3,184.20 2 1
github.com/serverkraken/flow/internal/tui/screen/worktime/dayoffs/route.go:184.20,186.4 1 1
github.com/serverkraken/flow/internal/tui/screen/worktime/dayoffs/route.go:187.3,187.28 1 1
github.com/serverkraken/flow/internal/tui/screen/worktime/dayoffs/route.go:189.2,189.19 1 1
github.com/serverkraken/flow/internal/tui/screen/worktime/dayoffs/route.go:192.43,193.28 1 0
github.com/serverkraken/flow/internal/tui/screen/worktime/dayoffs/route.go:193.28,195.3 1 0
github.com/serverkraken/flow/internal/tui/screen/worktime/dayoffs/route.go:196.2,201.3 1 0
github.com/serverkraken/flow/internal/tui/screen/worktime/dayoffs/route.go:204.58,205.13 1 1
github.com/serverkraken/flow/internal/tui/screen/worktime/dayoffs/route.go:205.13,207.3 1 1
github.com/serverkraken/flow/internal/tui/screen/worktime/dayoffs/route.go:208.2,208.14 1 0
github.com/serverkraken/flow/internal/tui/screen/worktime/dayoffs/route.go:211.38,216.29 2 0
github.com/serverkraken/flow/internal/tui/screen/worktime/dayoffs/route.go:216.29,218.3 1 0
github.com/serverkraken/flow/internal/tui/screen/worktime/dayoffs/route.go:219.2,219.12 1 0
github.com/serverkraken/flow/internal/tui/screen/worktime/dayoffs/route.go:222.35,223.29 1 1
github.com/serverkraken/flow/internal/tui/screen/worktime/dayoffs/route.go:224.62,225.14 1 1
github.com/serverkraken/flow/internal/tui/screen/worktime/dayoffs/route.go:227.2,227.14 1 1
github.com/serverkraken/flow/internal/tui/screen/worktime/export/export_logic.go:11.65,15.16 4 1
github.com/serverkraken/flow/internal/tui/screen/worktime/export/export_logic.go:16.15,18.51 2 1
github.com/serverkraken/flow/internal/tui/screen/worktime/export/export_logic.go:19.12,21.72 2 0
github.com/serverkraken/flow/internal/tui/screen/worktime/export/export_logic.go:22.17,26.59 4 0
github.com/serverkraken/flow/internal/tui/screen/worktime/export/export_logic.go:27.10,28.52 1 0
github.com/serverkraken/flow/internal/tui/screen/worktime/export/export_logic.go:32.50,34.2 1 1
github.com/serverkraken/flow/internal/tui/screen/worktime/export/export_logic.go:36.37,37.17 1 1
github.com/serverkraken/flow/internal/tui/screen/worktime/export/export_logic.go:37.17,38.48 1 0
github.com/serverkraken/flow/internal/tui/screen/worktime/export/export_logic.go:38.48,40.4 1 0
github.com/serverkraken/flow/internal/tui/screen/worktime/export/export_logic.go:42.2,42.40 1 1
github.com/serverkraken/flow/internal/tui/screen/worktime/export/export_logic.go:42.40,43.48 1 0
github.com/serverkraken/flow/internal/tui/screen/worktime/export/export_logic.go:43.48,45.4 1 0
github.com/serverkraken/flow/internal/tui/screen/worktime/export/export_logic.go:47.2,47.13 1 1
github.com/serverkraken/flow/internal/tui/screen/worktime/export/export_logic.go:50.44,50.99 1 0
github.com/serverkraken/flow/internal/tui/screen/worktime/export/export_logic.go:51.44,53.2 1 0
github.com/serverkraken/flow/internal/tui/screen/worktime/export/export_logic.go:55.56,57.26 2 0
github.com/serverkraken/flow/internal/tui/screen/worktime/export/export_logic.go:57.26,58.15 1 0
github.com/serverkraken/flow/internal/tui/screen/worktime/export/export_logic.go:58.15,60.9 2 0
github.com/serverkraken/flow/internal/tui/screen/worktime/export/export_logic.go:63.2,63.47 1 0
github.com/serverkraken/flow/internal/tui/screen/worktime/export/route.go:44.92,45.16 1 1
github.com/serverkraken/flow/internal/tui/screen/worktime/export/route.go:45.16,47.3 1 0
github.com/serverkraken/flow/internal/tui/screen/worktime/export/route.go:48.2,53.3 2 1
github.com/serverkraken/flow/internal/tui/screen/worktime/export/route.go:56.32,56.51 1 1
github.com/serverkraken/flow/internal/tui/screen/worktime/export/route.go:57.32,57.46 1 0
github.com/serverkraken/flow/internal/tui/screen/worktime/export/route.go:59.60,60.25 1 1
github.com/serverkraken/flow/internal/tui/screen/worktime/export/route.go:61.15,63.16 2 1
github.com/serverkraken/flow/internal/tui/screen/worktime/export/route.go:64.14,66.16 2 0
github.com/serverkraken/flow/internal/tui/screen/worktime/export/route.go:67.23,68.24 1 1
github.com/serverkraken/flow/internal/tui/screen/worktime/export/route.go:70.2,70.15 1 0
github.com/serverkraken/flow/internal/tui/screen/worktime/export/route.go:73.69,75.50 1 1
github.com/serverkraken/flow/internal/tui/screen/worktime/export/route.go:75.50,77.3 1 0
github.com/serverkraken/flow/internal/tui/screen/worktime/export/route.go:78.2,78.9 1 1
github.com/serverkraken/flow/internal/tui/screen/worktime/export/route.go:79.60,80.30 1 0
github.com/serverkraken/flow/internal/tui/screen/worktime/export/route.go:81.28,82.30 1 0
github.com/serverkraken/flow/internal/tui/screen/worktime/export/route.go:83.30,84.23 1 1
github.com/serverkraken/flow/internal/tui/screen/worktime/export/route.go:85.53,87.28 2 0
github.com/serverkraken/flow/internal/tui/screen/worktime/export/route.go:87.28,89.4 1 0
github.com/serverkraken/flow/internal/tui/screen/worktime/export/route.go:90.3,90.20 1 0
github.com/serverkraken/flow/internal/tui/screen/worktime/export/route.go:91.34,92.37 1 0
github.com/serverkraken/flow/internal/tui/screen/worktime/export/route.go:92.37,93.36 1 0
github.com/serverkraken/flow/internal/tui/screen/worktime/export/route.go:93.36,95.5 1 0
github.com/serverkraken/flow/internal/tui/screen/worktime/export/route.go:96.4,96.12 1 0
github.com/serverkraken/flow/internal/tui/screen/worktime/export/route.go:98.20,100.37 2 0
github.com/serverkraken/flow/internal/tui/screen/worktime/export/route.go:100.37,100.53 1 0
github.com/serverkraken/flow/internal/tui/screen/worktime/export/route.go:102.2,102.15 1 0
github.com/serverkraken/flow/internal/tui/screen/worktime/export/route.go:107.71,108.30 1 1
github.com/serverkraken/flow/internal/tui/screen/worktime/export/route.go:108.30,110.3 1 1
github.com/serverkraken/flow/internal/tui/screen/worktime/export/route.go:111.2,111.16 1 0
github.com/serverkraken/flow/internal/tui/screen/worktime/export/route.go:112.26,113.25 1 0
github.com/serverkraken/flow/internal/tui/screen/worktime/export/route.go:115.2,115.12 1 0
github.com/serverkraken/flow/internal/tui/screen/worktime/export/route.go:118.37,119.17 1 0
github.com/serverkraken/flow/internal/tui/screen/worktime/export/route.go:120.9,122.27 2 0
github.com/serverkraken/flow/internal/tui/screen/worktime/export/route.go:122.27,124.4 1 0
github.com/serverkraken/flow/internal/tui/screen/worktime/export/route.go:125.3,125.18 1 0
github.com/serverkraken/flow/internal/tui/screen/worktime/export/route.go:126.9,128.18 2 0
github.com/serverkraken/flow/internal/tui/screen/worktime/export/route.go:132.51,133.17 1 0
github.com/serverkraken/flow/internal/tui/screen/worktime/export/route.go:134.9,137.18 3 0
github.com/serverkraken/flow/internal/tui/screen/worktime/export/route.go:138.9,141.18 3 0
github.com/serverkraken/flow/internal/tui/screen/worktime/export/route.go:142.9,144.22 2 0
github.com/serverkraken/flow/internal/tui/screen/worktime/export/route.go:148.31,149.19 1 0
github.com/serverkraken/flow/internal/tui/screen/worktime/export/route.go:149.19,151.3 1 0
github.com/serverkraken/flow/internal/tui/screen/worktime/export/route.go:154.34,157.32 3 1
github.com/serverkraken/flow/internal/tui/screen/worktime/export/route.go:157.32,160.3 2 1
github.com/serverkraken/flow/internal/tui/screen/worktime/export/route.go:161.2,161.21 1 1
github.com/serverkraken/flow/internal/tui/screen/worktime/export/route.go:161.21,164.3 2 1
github.com/serverkraken/flow/internal/tui/screen/worktime/export/route.go:165.2,167.24 3 1
github.com/serverkraken/flow/internal/tui/screen/worktime/export/route.go:167.24,171.17 4 1
github.com/serverkraken/flow/internal/tui/screen/worktime/export/route.go:171.17,173.4 1 0
github.com/serverkraken/flow/internal/tui/screen/worktime/export/route.go:174.3,174.54 1 1
github.com/serverkraken/flow/internal/tui/screen/worktime/export/route.go:174.54,176.4 1 0
github.com/serverkraken/flow/internal/tui/screen/worktime/export/route.go:177.3,177.29 1 1
github.com/serverkraken/flow/internal/tui/screen/worktime/export/route.go:181.44,184.44 3 1
github.com/serverkraken/flow/internal/tui/screen/worktime/export/route.go:184.44,186.21 2 1
github.com/serverkraken/flow/internal/tui/screen/worktime/export/route.go:186.21,189.4 2 1
github.com/serverkraken/flow/internal/tui/screen/worktime/export/route.go:190.3,190.50 1 1
github.com/serverkraken/flow/internal/tui/screen/worktime/export/route.go:192.2,197.20 6 1
github.com/serverkraken/flow/internal/tui/screen/worktime/export/route.go:197.20,199.3 1 1
github.com/serverkraken/flow/internal/tui/screen/worktime/export/route.go:200.2,200.19 1 1
github.com/serverkraken/flow/internal/tui/screen/worktime/export/route.go:204.43,211.2 1 0
github.com/serverkraken/flow/internal/tui/screen/worktime/export/route.go:214.52,219.2 4 1
github.com/serverkraken/flow/internal/tui/screen/worktime/export/route.go:223.57,228.2 4 1
github.com/serverkraken/flow/internal/tui/screen/worktime/statsrange/route.go:47.70,49.2 1 1
github.com/serverkraken/flow/internal/tui/screen/worktime/statsrange/route.go:51.32,51.50 1 0
github.com/serverkraken/flow/internal/tui/screen/worktime/statsrange/route.go:53.32,53.54 1 1
github.com/serverkraken/flow/internal/tui/screen/worktime/statsrange/route.go:55.35,57.24 2 1
github.com/serverkraken/flow/internal/tui/screen/worktime/statsrange/route.go:57.24,61.17 4 1
github.com/serverkraken/flow/internal/tui/screen/worktime/statsrange/route.go:61.17,63.4 1 0
github.com/serverkraken/flow/internal/tui/screen/worktime/statsrange/route.go:64.3,65.48 2 1
github.com/serverkraken/flow/internal/tui/screen/worktime/statsrange/route.go:69.60,70.25 1 1
github.com/serverkraken/flow/internal/tui/screen/worktime/statsrange/route.go:71.17,73.19 2 1
github.com/serverkraken/flow/internal/tui/screen/worktime/statsrange/route.go:73.19,75.4 1 1
github.com/serverkraken/flow/internal/tui/screen/worktime/statsrange/route.go:76.3,76.16 1 1
github.com/serverkraken/flow/internal/tui/screen/worktime/statsrange/route.go:77.22,78.32 1 0
github.com/serverkraken/flow/internal/tui/screen/worktime/statsrange/route.go:78.32,80.4 1 0
github.com/serverkraken/flow/internal/tui/screen/worktime/statsrange/route.go:81.3,81.16 1 0
github.com/serverkraken/flow/internal/tui/screen/worktime/statsrange/route.go:82.23,83.17 1 1
github.com/serverkraken/flow/internal/tui/screen/worktime/statsrange/route.go:84.12,85.24 1 1
github.com/serverkraken/flow/internal/tui/screen/worktime/statsrange/route.go:85.24,88.5 2 1
github.com/serverkraken/flow/internal/tui/screen/worktime/statsrange/route.go:89.4,89.17 1 0
github.com/serverkraken/flow/internal/tui/screen/worktime/statsrange/route.go:90.12,91.23 1 1
github.com/serverkraken/flow/internal/tui/screen/worktime/statsrange/route.go:91.23,94.5 2 1
github.com/serverkraken/flow/internal/tui/screen/worktime/statsrange/route.go:95.4,95.17 1 0
github.com/serverkraken/flow/internal/tui/screen/worktime/statsrange/route.go:96.11,97.43 1 0
github.com/serverkraken/flow/internal/tui/screen/worktime/statsrange/route.go:97.43,99.5 1 0
github.com/serverkraken/flow/internal/tui/screen/worktime/statsrange/route.go:102.2,102.15 1 0
github.com/serverkraken/flow/internal/tui/screen/worktime/statsrange/route.go:105.44,106.15 1 1
github.com/serverkraken/flow/internal/tui/screen/worktime/statsrange/route.go:106.15,108.3 1 0
github.com/serverkraken/flow/internal/tui/screen/worktime/statsrange/route.go:109.2,109.18 1 1
github.com/serverkraken/flow/internal/tui/screen/worktime/statsrange/route.go:109.18,111.3 1 0
github.com/serverkraken/flow/internal/tui/screen/worktime/statsrange/route.go:112.2,113.22 2 1
github.com/serverkraken/flow/internal/tui/screen/worktime/statsrange/route.go:113.22,115.3 1 1
github.com/serverkraken/flow/internal/tui/screen/worktime/statsrange/route.go:116.2,130.27 5 1
github.com/serverkraken/flow/internal/tui/screen/worktime/statsrange/route.go:130.27,132.3 1 1
github.com/serverkraken/flow/internal/tui/screen/worktime/statsrange/route.go:133.2,133.24 1 1
github.com/serverkraken/flow/internal/tui/screen/worktime/statsrange/route.go:133.24,137.3 1 0
github.com/serverkraken/flow/internal/tui/screen/worktime/statsrange/route.go:138.2,138.19 1 1
github.com/serverkraken/flow/internal/tui/screen/worktime/statsrange/route.go:141.43,149.2 1 0
github.com/serverkraken/flow/internal/tui/screen/worktime/statsrange/route.go:153.60,154.16 1 0
github.com/serverkraken/flow/internal/tui/screen/worktime/statsrange/route.go:155.26,156.25 1 0
github.com/serverkraken/flow/internal/tui/screen/worktime/statsrange/route.go:158.2,158.12 1 0
github.com/serverkraken/flow/internal/tui/screen/worktime/statsrange/route.go:163.36,164.29 1 0
github.com/serverkraken/flow/internal/tui/screen/worktime/statsrange/route.go:166.58,167.14 1 0
github.com/serverkraken/flow/internal/tui/screen/worktime/statsrange/route.go:169.2,169.14 1 0
github.com/serverkraken/flow/internal/tui/screen/worktime/week/route.go:44.70,46.2 1 1
github.com/serverkraken/flow/internal/tui/screen/worktime/week/route.go:48.32,48.50 1 1
github.com/serverkraken/flow/internal/tui/screen/worktime/week/route.go:50.32,50.54 1 1
github.com/serverkraken/flow/internal/tui/screen/worktime/week/route.go:52.35,54.24 2 1
github.com/serverkraken/flow/internal/tui/screen/worktime/week/route.go:54.24,59.3 4 1
github.com/serverkraken/flow/internal/tui/screen/worktime/week/route.go:62.60,63.25 1 1
github.com/serverkraken/flow/internal/tui/screen/worktime/week/route.go:64.17,66.16 2 1
github.com/serverkraken/flow/internal/tui/screen/worktime/week/route.go:67.22,68.32 1 0
github.com/serverkraken/flow/internal/tui/screen/worktime/week/route.go:68.32,70.4 1 0
github.com/serverkraken/flow/internal/tui/screen/worktime/week/route.go:71.3,71.16 1 0
github.com/serverkraken/flow/internal/tui/screen/worktime/week/route.go:72.23,73.42 1 1
github.com/serverkraken/flow/internal/tui/screen/worktime/week/route.go:73.42,75.4 1 1
github.com/serverkraken/flow/internal/tui/screen/worktime/week/route.go:77.2,77.15 1 0
github.com/serverkraken/flow/internal/tui/screen/worktime/week/route.go:80.44,81.15 1 1
github.com/serverkraken/flow/internal/tui/screen/worktime/week/route.go:81.15,83.3 1 0
github.com/serverkraken/flow/internal/tui/screen/worktime/week/route.go:84.2,84.18 1 1
github.com/serverkraken/flow/internal/tui/screen/worktime/week/route.go:84.18,86.3 1 0
github.com/serverkraken/flow/internal/tui/screen/worktime/week/route.go:87.2,90.27 4 1
github.com/serverkraken/flow/internal/tui/screen/worktime/week/route.go:90.27,92.16 2 1
github.com/serverkraken/flow/internal/tui/screen/worktime/week/route.go:92.16,94.4 1 1
github.com/serverkraken/flow/internal/tui/screen/worktime/week/route.go:95.3,96.22 2 1
github.com/serverkraken/flow/internal/tui/screen/worktime/week/route.go:96.22,98.4 1 1
github.com/serverkraken/flow/internal/tui/screen/worktime/week/route.go:99.3,102.36 2 1
github.com/serverkraken/flow/internal/tui/screen/worktime/week/route.go:104.2,104.19 1 1
github.com/serverkraken/flow/internal/tui/screen/worktime/week/route.go:107.43,114.2 1 0
github.com/serverkraken/flow/internal/tui/screen/worktime/week/route.go:118.60,119.16 1 1
github.com/serverkraken/flow/internal/tui/screen/worktime/week/route.go:120.26,121.25 1 1
github.com/serverkraken/flow/internal/tui/screen/worktime/week/route.go:123.2,123.12 1 0
github.com/serverkraken/flow/internal/tui/screen/worktime/week/route.go:128.36,129.29 1 0
github.com/serverkraken/flow/internal/tui/screen/worktime/week/route.go:131.58,132.14 1 0
github.com/serverkraken/flow/internal/tui/screen/worktime/week/route.go:134.2,134.14 1 0
github.com/serverkraken/flow/internal/config/config.go:23.55,36.68 2 1
github.com/serverkraken/flow/internal/config/config.go:36.68,37.40 1 1
github.com/serverkraken/flow/internal/config/config.go:37.40,39.4 1 1
github.com/serverkraken/flow/internal/config/config.go:41.2,41.24 1 1
github.com/serverkraken/flow/internal/config/config.go:41.24,43.3 1 1
github.com/serverkraken/flow/internal/config/config.go:44.2,52.4 1 1
github.com/serverkraken/flow/internal/config/config.go:52.4,53.18 1 1
github.com/serverkraken/flow/internal/config/config.go:53.18,55.4 1 1
github.com/serverkraken/flow/internal/config/config.go:57.2,57.15 1 1
github.com/serverkraken/flow/internal/config/config.go:61.38,63.2 1 1
github.com/serverkraken/flow/internal/domain/aggregate.go:15.46,17.2 1 1
github.com/serverkraken/flow/internal/domain/aggregate.go:38.9,39.23 1 1
github.com/serverkraken/flow/internal/domain/aggregate.go:39.23,41.3 1 1
github.com/serverkraken/flow/internal/domain/aggregate.go:42.2,44.41 3 1
github.com/serverkraken/flow/internal/domain/aggregate.go:44.41,44.89 1 1
github.com/serverkraken/flow/internal/domain/aggregate.go:46.2,53.27 3 1
github.com/serverkraken/flow/internal/domain/aggregate.go:53.27,55.23 2 1
github.com/serverkraken/flow/internal/domain/aggregate.go:55.23,58.4 2 1
github.com/serverkraken/flow/internal/domain/aggregate.go:59.3,59.18 1 1
github.com/serverkraken/flow/internal/domain/aggregate.go:59.18,61.36 2 1
github.com/serverkraken/flow/internal/domain/aggregate.go:61.36,65.5 3 1
github.com/serverkraken/flow/internal/domain/aggregate.go:67.3,67.24 1 1
github.com/serverkraken/flow/internal/domain/aggregate.go:67.24,69.32 2 1
github.com/serverkraken/flow/internal/domain/aggregate.go:69.32,71.5 1 1
github.com/serverkraken/flow/internal/domain/aggregate.go:72.4,72.37 1 1
github.com/serverkraken/flow/internal/domain/aggregate.go:74.3,74.32 1 1
github.com/serverkraken/flow/internal/domain/aggregate.go:74.32,77.4 2 1
github.com/serverkraken/flow/internal/domain/aggregate.go:79.2,79.29 1 1
github.com/serverkraken/flow/internal/domain/aggregate.go:79.29,81.3 1 1
github.com/serverkraken/flow/internal/domain/aggregate.go:82.2,87.24 4 1
github.com/serverkraken/flow/internal/domain/aggregate.go:87.24,89.3 1 1
github.com/serverkraken/flow/internal/domain/aggregate.go:90.2,90.11 1 1
github.com/serverkraken/flow/internal/domain/aggregate.go:96.73,98.27 2 1
github.com/serverkraken/flow/internal/domain/aggregate.go:98.27,99.25 1 1
github.com/serverkraken/flow/internal/domain/aggregate.go:99.25,100.12 1 1
github.com/serverkraken/flow/internal/domain/aggregate.go:102.3,102.26 1 1
github.com/serverkraken/flow/internal/domain/aggregate.go:102.26,104.18 2 1
github.com/serverkraken/flow/internal/domain/aggregate.go:104.18,106.5 1 1
github.com/serverkraken/flow/internal/domain/aggregate.go:107.9,109.4 1 1
github.com/serverkraken/flow/internal/domain/aggregate.go:111.2,111.13 1 1
github.com/serverkraken/flow/internal/domain/aggregate.go:120.76,122.40 2 1
github.com/serverkraken/flow/internal/domain/aggregate.go:122.40,124.25 2 1
github.com/serverkraken/flow/internal/domain/aggregate.go:124.25,125.12 1 1
github.com/serverkraken/flow/internal/domain/aggregate.go:127.3,127.26 1 1
github.com/serverkraken/flow/internal/domain/aggregate.go:127.26,129.4 1 1
github.com/serverkraken/flow/internal/domain/aggregate.go:129.9,130.9 1 1
github.com/serverkraken/flow/internal/domain/aggregate.go:133.2,133.15 1 1
github.com/serverkraken/flow/internal/domain/aggregate.go:153.9,155.22 2 1
github.com/serverkraken/flow/internal/domain/aggregate.go:155.22,157.3 1 1
github.com/serverkraken/flow/internal/domain/aggregate.go:158.2,163.29 5 1
github.com/serverkraken/flow/internal/domain/aggregate.go:163.29,165.3 1 1
github.com/serverkraken/flow/internal/domain/aggregate.go:166.2,170.24 4 1
github.com/serverkraken/flow/internal/domain/aggregate.go:170.24,173.3 1 0
github.com/serverkraken/flow/internal/domain/aggregate.go:174.2,174.11 1 1
github.com/serverkraken/flow/internal/domain/aggregate.go:179.106,181.28 2 1
github.com/serverkraken/flow/internal/domain/aggregate.go:181.28,182.48 1 1
github.com/serverkraken/flow/internal/domain/aggregate.go:182.48,184.4 1 1
github.com/serverkraken/flow/internal/domain/aggregate.go:186.2,186.42 1 1
github.com/serverkraken/flow/internal/domain/aggregate.go:186.42,186.92 1 0
github.com/serverkraken/flow/internal/domain/aggregate.go:187.2,188.28 2 1
github.com/serverkraken/flow/internal/domain/aggregate.go:188.28,190.3 1 1
github.com/serverkraken/flow/internal/domain/aggregate.go:191.2,191.24 1 1
github.com/serverkraken/flow/internal/domain/aggregate.go:196.55,198.28 2 1
github.com/serverkraken/flow/internal/domain/aggregate.go:198.28,200.23 2 1
github.com/serverkraken/flow/internal/domain/aggregate.go:200.23,203.4 2 1
github.com/serverkraken/flow/internal/domain/aggregate.go:204.3,204.18 1 1
github.com/serverkraken/flow/internal/domain/aggregate.go:204.18,206.36 2 1
github.com/serverkraken/flow/internal/domain/aggregate.go:206.36,210.5 3 1
github.com/serverkraken/flow/internal/domain/aggregate.go:212.3,212.32 1 1
github.com/serverkraken/flow/internal/domain/aggregate.go:212.32,215.4 2 0
github.com/serverkraken/flow/internal/domain/aggregate.go:231.3,232.54 1 1
github.com/serverkraken/flow/internal/domain/aggregate.go:232.54,233.20 1 1
github.com/serverkraken/flow/internal/domain/aggregate.go:233.20,234.12 1 0
github.com/serverkraken/flow/internal/domain/aggregate.go:236.3,237.41 2 1
github.com/serverkraken/flow/internal/domain/aggregate.go:237.41,238.36 1 1
github.com/serverkraken/flow/internal/domain/aggregate.go:238.36,240.5 1 1
github.com/serverkraken/flow/internal/domain/aggregate.go:241.4,242.12 2 1
github.com/serverkraken/flow/internal/domain/aggregate.go:244.3,244.30 1 1
github.com/serverkraken/flow/internal/domain/aggregate.go:250.38,252.2 1 1
github.com/serverkraken/flow/internal/domain/aggregate.go:256.73,258.28 2 1
github.com/serverkraken/flow/internal/domain/aggregate.go:258.28,259.48 1 1
github.com/serverkraken/flow/internal/domain/aggregate.go:259.48,261.4 1 1
github.com/serverkraken/flow/internal/domain/aggregate.go:263.2,263.12 1 1
github.com/serverkraken/flow/internal/domain/aggregate.go:273.17,275.54 2 1
github.com/serverkraken/flow/internal/domain/aggregate.go:275.54,276.20 1 1
github.com/serverkraken/flow/internal/domain/aggregate.go:276.20,277.12 1 1
github.com/serverkraken/flow/internal/domain/aggregate.go:279.3,279.22 1 1
github.com/serverkraken/flow/internal/domain/aggregate.go:281.2,281.12 1 1
github.com/serverkraken/flow/internal/domain/aggregate.go:298.23,305.54 6 1
github.com/serverkraken/flow/internal/domain/aggregate.go:305.54,306.20 1 1
github.com/serverkraken/flow/internal/domain/aggregate.go:306.20,307.12 1 1
github.com/serverkraken/flow/internal/domain/aggregate.go:309.3,312.22 4 1
github.com/serverkraken/flow/internal/domain/aggregate.go:312.22,315.4 2 1
github.com/serverkraken/flow/internal/domain/aggregate.go:318.2,318.28 1 1
github.com/serverkraken/flow/internal/domain/aggregate.go:318.28,319.48 1 1
github.com/serverkraken/flow/internal/domain/aggregate.go:319.48,321.4 1 1
github.com/serverkraken/flow/internal/domain/aggregate.go:324.2,324.64 1 1
github.com/serverkraken/flow/internal/domain/aggregate.go:324.64,326.26 2 1
github.com/serverkraken/flow/internal/domain/aggregate.go:326.26,328.4 1 1
github.com/serverkraken/flow/internal/domain/aggregate.go:329.3,329.30 1 1
github.com/serverkraken/flow/internal/domain/aggregate.go:332.2,334.12 3 1
github.com/serverkraken/flow/internal/domain/dayoff.go:24.32,25.11 1 1
github.com/serverkraken/flow/internal/domain/dayoff.go:26.19,27.20 1 1
github.com/serverkraken/flow/internal/domain/dayoff.go:28.20,29.18 1 1
github.com/serverkraken/flow/internal/domain/dayoff.go:30.16,31.17 1 1
github.com/serverkraken/flow/internal/domain/dayoff.go:33.2,33.18 1 1
github.com/serverkraken/flow/internal/domain/dayoff.go:38.39,39.47 1 1
github.com/serverkraken/flow/internal/domain/dayoff.go:40.34,41.27 1 1
github.com/serverkraken/flow/internal/domain/dayoff.go:42.33,43.28 1 1
github.com/serverkraken/flow/internal/domain/dayoff.go:44.41,45.24 1 1
github.com/serverkraken/flow/internal/domain/dayoff.go:47.2,47.18 1 1
github.com/serverkraken/flow/internal/domain/dayoff_range.go:10.119,13.21 3 1
github.com/serverkraken/flow/internal/domain/dayoff_range.go:13.21,15.3 1 1
github.com/serverkraken/flow/internal/domain/dayoff_range.go:16.2,17.62 2 1
github.com/serverkraken/flow/internal/domain/dayoff_range.go:17.62,18.87 1 1
github.com/serverkraken/flow/internal/domain/dayoff_range.go:18.87,19.12 1 1
github.com/serverkraken/flow/internal/domain/dayoff_range.go:21.3,21.87 1 1
github.com/serverkraken/flow/internal/domain/dayoff_range.go:23.2,23.12 1 1
github.com/serverkraken/flow/internal/domain/dayrecord.go:33.53,34.35 1 0
github.com/serverkraken/flow/internal/domain/dayrecord.go:34.35,36.3 1 0
github.com/serverkraken/flow/internal/domain/dayrecord.go:37.2,39.28 3 0
github.com/serverkraken/flow/internal/domain/dayrecord.go:39.28,41.3 1 0
github.com/serverkraken/flow/internal/domain/dayrecord.go:42.2,42.34 1 0
github.com/serverkraken/flow/internal/domain/document.go:19.36,20.11 1 1
github.com/serverkraken/flow/internal/domain/document.go:21.47,22.14 1 1
github.com/serverkraken/flow/internal/domain/document.go:24.2,24.14 1 1
github.com/serverkraken/flow/internal/domain/document.go:51.28,53.2 1 1
github.com/serverkraken/flow/internal/domain/document.go:56.36,58.2 1 1
github.com/serverkraken/flow/internal/domain/document.go:62.36,63.21 1 1
github.com/serverkraken/flow/internal/domain/document.go:63.21,65.3 1 1
github.com/serverkraken/flow/internal/domain/document.go:66.2,66.72 1 1
github.com/serverkraken/flow/internal/domain/document.go:66.72,68.3 1 1
github.com/serverkraken/flow/internal/domain/document.go:69.2,69.41 1 1
github.com/serverkraken/flow/internal/domain/document.go:69.41,71.3 1 1
github.com/serverkraken/flow/internal/domain/document.go:72.2,72.21 1 1
github.com/serverkraken/flow/internal/domain/document.go:72.21,74.3 1 1
github.com/serverkraken/flow/internal/domain/document.go:75.2,75.12 1 1
github.com/serverkraken/flow/internal/domain/export.go:47.30,51.2 3 1
github.com/serverkraken/flow/internal/domain/export.go:55.37,56.11 1 1
github.com/serverkraken/flow/internal/domain/export.go:56.11,58.3 1 0
github.com/serverkraken/flow/internal/domain/export.go:59.2,59.70 1 1
github.com/serverkraken/flow/internal/domain/export.go:64.48,67.31 3 1
github.com/serverkraken/flow/internal/domain/export.go:67.31,75.3 1 1
github.com/serverkraken/flow/internal/domain/export.go:76.2,77.19 2 1
github.com/serverkraken/flow/internal/domain/export.go:82.49,108.32 6 1
github.com/serverkraken/flow/internal/domain/export.go:108.32,110.20 2 1
github.com/serverkraken/flow/internal/domain/export.go:110.20,114.4 3 1
github.com/serverkraken/flow/internal/domain/export.go:115.3,115.22 1 1
github.com/serverkraken/flow/internal/domain/export.go:115.22,118.4 2 1
github.com/serverkraken/flow/internal/domain/export.go:119.3,119.44 1 1
github.com/serverkraken/flow/internal/domain/export.go:121.2,121.31 1 1
github.com/serverkraken/flow/internal/domain/export.go:121.31,126.3 1 1
github.com/serverkraken/flow/internal/domain/export.go:127.2,129.24 3 1
github.com/serverkraken/flow/internal/domain/export.go:135.53,141.32 6 1
github.com/serverkraken/flow/internal/domain/export.go:141.32,143.22 2 1
github.com/serverkraken/flow/internal/domain/export.go:143.22,146.4 2 1
github.com/serverkraken/flow/internal/domain/export.go:147.3,148.24 2 1
github.com/serverkraken/flow/internal/domain/export.go:150.2,152.29 3 1
github.com/serverkraken/flow/internal/domain/export.go:152.29,154.3 1 1
github.com/serverkraken/flow/internal/domain/export.go:155.2,156.25 2 1
github.com/serverkraken/flow/internal/domain/export.go:156.25,158.3 1 1
github.com/serverkraken/flow/internal/domain/export.go:159.2,160.31 2 1
github.com/serverkraken/flow/internal/domain/export.go:160.31,164.3 1 1
github.com/serverkraken/flow/internal/domain/export.go:165.2,165.15 1 1
github.com/serverkraken/flow/internal/domain/export.go:175.52,176.18 1 1
github.com/serverkraken/flow/internal/domain/export.go:176.18,178.3 1 0
github.com/serverkraken/flow/internal/domain/export.go:179.2,179.43 1 1
github.com/serverkraken/flow/internal/domain/frontmatter.go:22.67,24.36 2 1
github.com/serverkraken/flow/internal/domain/frontmatter.go:24.36,26.3 1 1
github.com/serverkraken/flow/internal/domain/frontmatter.go:27.2,30.34 3 1
github.com/serverkraken/flow/internal/domain/frontmatter.go:30.34,33.13 3 1
github.com/serverkraken/flow/internal/domain/frontmatter.go:33.13,35.4 1 1
github.com/serverkraken/flow/internal/domain/frontmatter.go:35.9,37.4 1 1
github.com/serverkraken/flow/internal/domain/frontmatter.go:38.3,38.37 1 1
github.com/serverkraken/flow/internal/domain/frontmatter.go:38.37,40.14 2 1
github.com/serverkraken/flow/internal/domain/frontmatter.go:40.14,42.5 1 1
github.com/serverkraken/flow/internal/domain/frontmatter.go:42.10,44.5 1 1
github.com/serverkraken/flow/internal/domain/frontmatter.go:45.4,45.9 1 1
github.com/serverkraken/flow/internal/domain/frontmatter.go:47.3,47.13 1 1
github.com/serverkraken/flow/internal/domain/frontmatter.go:47.13,48.9 1 1
github.com/serverkraken/flow/internal/domain/frontmatter.go:50.3,50.16 1 1
github.com/serverkraken/flow/internal/domain/frontmatter.go:52.2,52.13 1 1
github.com/serverkraken/flow/internal/domain/frontmatter.go:52.13,54.3 1 1
github.com/serverkraken/flow/internal/domain/frontmatter.go:56.2,59.64 2 1
github.com/serverkraken/flow/internal/domain/frontmatter.go:59.64,61.3 1 1
github.com/serverkraken/flow/internal/domain/frontmatter.go:62.2,62.50 1 1
github.com/serverkraken/flow/internal/domain/frontmatter.go:67.42,70.23 3 1
github.com/serverkraken/flow/internal/domain/frontmatter.go:70.23,72.25 2 1
github.com/serverkraken/flow/internal/domain/frontmatter.go:72.25,73.12 1 1
github.com/serverkraken/flow/internal/domain/frontmatter.go:75.3,76.23 2 1
github.com/serverkraken/flow/internal/domain/frontmatter.go:78.2,78.12 1 1
github.com/serverkraken/flow/internal/domain/frontmatter.go:83.46,85.25 2 1
github.com/serverkraken/flow/internal/domain/frontmatter.go:85.25,86.28 1 1
github.com/serverkraken/flow/internal/domain/frontmatter.go:86.28,88.4 1 1
github.com/serverkraken/flow/internal/domain/frontmatter.go:90.2,91.27 2 1
github.com/serverkraken/flow/internal/domain/frontmatter.go:91.27,93.3 1 1
github.com/serverkraken/flow/internal/domain/frontmatter.go:94.2,94.38 1 1
github.com/serverkraken/flow/internal/domain/frontmatter.go:94.38,95.35 1 1
github.com/serverkraken/flow/internal/domain/frontmatter.go:95.35,97.4 1 1
github.com/serverkraken/flow/internal/domain/frontmatter.go:98.3,98.33 1 1
github.com/serverkraken/flow/internal/domain/frontmatter.go:100.2,100.12 1 1
github.com/serverkraken/flow/internal/domain/holidays_de.go:22.73,23.16 1 1
github.com/serverkraken/flow/internal/domain/holidays_de.go:23.16,25.3 1 0
github.com/serverkraken/flow/internal/domain/holidays_de.go:26.2,34.34 4 1
github.com/serverkraken/flow/internal/domain/holidays_de.go:34.34,36.3 1 1
github.com/serverkraken/flow/internal/domain/holidays_de.go:38.2,59.24 3 1
github.com/serverkraken/flow/internal/domain/holidays_de.go:59.24,60.32 1 1
github.com/serverkraken/flow/internal/domain/holidays_de.go:60.32,61.12 1 1
github.com/serverkraken/flow/internal/domain/holidays_de.go:63.3,68.5 1 1
github.com/serverkraken/flow/internal/domain/holidays_de.go:70.2,70.12 1 1
github.com/serverkraken/flow/internal/domain/holidays_de.go:74.37,76.11 2 1
github.com/serverkraken/flow/internal/domain/holidays_de.go:77.10,78.14 1 1
github.com/serverkraken/flow/internal/domain/holidays_de.go:79.13,80.14 1 1
github.com/serverkraken/flow/internal/domain/holidays_de.go:81.16,82.14 1 1
github.com/serverkraken/flow/internal/domain/holidays_de.go:83.68,84.14 1 1
github.com/serverkraken/flow/internal/domain/holidays_de.go:86.2,86.10 1 1
github.com/serverkraken/flow/internal/domain/holidays_de.go:92.50,93.21 1 1
github.com/serverkraken/flow/internal/domain/holidays_de.go:93.21,95.3 1 1
github.com/serverkraken/flow/internal/domain/holidays_de.go:96.2,96.18 1 1
github.com/serverkraken/flow/internal/domain/holidays_de.go:96.18,98.3 1 1
github.com/serverkraken/flow/internal/domain/holidays_de.go:99.2,99.26 1 1
github.com/serverkraken/flow/internal/domain/holidays_de.go:99.26,100.16 1 1
github.com/serverkraken/flow/internal/domain/holidays_de.go:100.16,102.4 1 1
github.com/serverkraken/flow/internal/domain/holidays_de.go:104.2,104.14 1 1
github.com/serverkraken/flow/internal/domain/holidays_de.go:110.59,126.2 15 1
github.com/serverkraken/flow/internal/domain/holidays_de.go:131.56,133.62 2 1
github.com/serverkraken/flow/internal/domain/holidays_de.go:133.62,134.36 1 1
github.com/serverkraken/flow/internal/domain/holidays_de.go:134.36,136.4 1 1
github.com/serverkraken/flow/internal/domain/icalescape.go:9.34,18.2 2 1
github.com/serverkraken/flow/internal/domain/ics.go:22.67,25.41 3 1
github.com/serverkraken/flow/internal/domain/ics.go:25.41,25.89 1 1
github.com/serverkraken/flow/internal/domain/ics.go:27.2,35.27 8 1
github.com/serverkraken/flow/internal/domain/ics.go:35.27,39.20 4 1
github.com/serverkraken/flow/internal/domain/ics.go:39.20,41.4 1 1
github.com/serverkraken/flow/internal/domain/ics.go:48.3,60.34 10 1
github.com/serverkraken/flow/internal/domain/ics.go:62.2,64.12 3 1
github.com/serverkraken/flow/internal/domain/ics.go:71.49,75.2 2 1
github.com/serverkraken/flow/internal/domain/money.go:19.43,23.2 3 1
github.com/serverkraken/flow/internal/domain/money.go:27.32,29.11 2 1
github.com/serverkraken/flow/internal/domain/money.go:29.11,31.3 1 0
github.com/serverkraken/flow/internal/domain/money.go:32.2,32.68 1 1
github.com/serverkraken/flow/internal/domain/project.go:33.81,34.9 1 1
github.com/serverkraken/flow/internal/domain/project.go:35.16,36.69 1 1
github.com/serverkraken/flow/internal/domain/project.go:37.21,38.72 1 1
github.com/serverkraken/flow/internal/domain/project.go:39.18,40.71 1 1
github.com/serverkraken/flow/internal/domain/project.go:41.18,42.71 1 1
github.com/serverkraken/flow/internal/domain/project.go:44.2,47.8 1 1
github.com/serverkraken/flow/internal/domain/records.go:16.114,19.29 3 1
github.com/serverkraken/flow/internal/domain/records.go:19.29,24.13 5 1
github.com/serverkraken/flow/internal/domain/records.go:24.13,26.4 1 0
github.com/serverkraken/flow/internal/domain/records.go:27.3,28.10 2 1
github.com/serverkraken/flow/internal/domain/records.go:28.10,31.4 2 1
github.com/serverkraken/flow/internal/domain/records.go:32.3,33.78 2 1
github.com/serverkraken/flow/internal/domain/records.go:35.2,36.26 2 1
github.com/serverkraken/flow/internal/domain/records.go:36.26,38.3 1 1
github.com/serverkraken/flow/internal/domain/records.go:39.2,39.38 1 1
github.com/serverkraken/flow/internal/domain/records.go:39.38,39.80 1 1
github.com/serverkraken/flow/internal/domain/records.go:40.2,40.12 1 1
github.com/serverkraken/flow/internal/domain/search.go:17.47,21.2 3 1
github.com/serverkraken/flow/internal/domain/settings.go:42.47,44.11 2 1
github.com/serverkraken/flow/internal/domain/settings.go:45.13,46.11 1 1
github.com/serverkraken/flow/internal/domain/settings.go:47.16,48.11 1 1
github.com/serverkraken/flow/internal/domain/settings.go:49.68,50.11 1 1
github.com/serverkraken/flow/internal/domain/settings.go:52.2,52.29 1 1
github.com/serverkraken/flow/internal/domain/stats.go:71.40,73.28 2 1
github.com/serverkraken/flow/internal/domain/stats.go:73.28,74.14 1 1
github.com/serverkraken/flow/internal/domain/stats.go:74.14,75.12 1 1
github.com/serverkraken/flow/internal/domain/stats.go:77.3,77.70 1 1
github.com/serverkraken/flow/internal/domain/stats.go:79.2,79.38 1 1
github.com/serverkraken/flow/internal/domain/stats.go:79.38,80.35 1 1
github.com/serverkraken/flow/internal/domain/stats.go:80.35,82.4 1 1
github.com/serverkraken/flow/internal/domain/stats.go:83.3,83.33 1 1
github.com/serverkraken/flow/internal/domain/stats.go:85.2,85.27 1 1
github.com/serverkraken/flow/internal/domain/stats.go:85.27,87.3 1 1
github.com/serverkraken/flow/internal/domain/stats.go:88.2,88.12 1 1
github.com/serverkraken/flow/internal/domain/user.go:14.74,15.14 1 1
github.com/serverkraken/flow/internal/domain/user.go:15.14,17.3 1 1
github.com/serverkraken/flow/internal/domain/user.go:18.2,18.15 1 1
github.com/serverkraken/flow/internal/domain/user.go:18.15,20.3 1 1
github.com/serverkraken/flow/internal/domain/user.go:21.2,21.100 1 1
github.com/serverkraken/flow/internal/domain/wikilink.go:14.45,16.32 2 1
github.com/serverkraken/flow/internal/domain/wikilink.go:16.32,17.35 1 1
github.com/serverkraken/flow/internal/domain/wikilink.go:17.35,18.12 1 1
github.com/serverkraken/flow/internal/domain/wikilink.go:20.3,21.37 2 1
github.com/serverkraken/flow/internal/domain/wikilink.go:21.37,22.20 1 1
github.com/serverkraken/flow/internal/domain/wikilink.go:22.20,23.10 1 1
github.com/serverkraken/flow/internal/domain/wikilink.go:25.4,25.36 1 1
github.com/serverkraken/flow/internal/domain/wikilink.go:25.36,27.10 2 1
github.com/serverkraken/flow/internal/domain/wikilink.go:30.3,30.14 1 1
github.com/serverkraken/flow/internal/domain/wikilink.go:30.14,31.12 1 1
github.com/serverkraken/flow/internal/domain/wikilink.go:33.3,34.19 2 1
github.com/serverkraken/flow/internal/domain/wikilink.go:34.19,35.12 1 1
github.com/serverkraken/flow/internal/domain/wikilink.go:37.3,38.14 2 1
github.com/serverkraken/flow/internal/domain/wikilink.go:40.2,40.12 1 1
github.com/serverkraken/flow/internal/domain/wikilink.go:46.60,47.30 1 1
github.com/serverkraken/flow/internal/domain/wikilink.go:47.30,48.15 1 1
github.com/serverkraken/flow/internal/domain/wikilink.go:49.12,50.25 1 1
github.com/serverkraken/flow/internal/domain/wikilink.go:51.18,52.17 1 1
github.com/serverkraken/flow/internal/domain/wikilink.go:55.2,55.14 1 1
github.com/serverkraken/flow/internal/domain/wikilink.go:70.35,71.26 1 1
github.com/serverkraken/flow/internal/domain/wikilink.go:71.26,73.3 1 1
github.com/serverkraken/flow/internal/domain/wikilink.go:74.2,74.17 1 1
github.com/serverkraken/flow/internal/domain/wikilink.go:81.84,83.21 2 1
github.com/serverkraken/flow/internal/domain/wikilink.go:83.21,85.23 2 1
github.com/serverkraken/flow/internal/domain/wikilink.go:85.23,86.12 1 1
github.com/serverkraken/flow/internal/domain/wikilink.go:88.3,88.44 1 1
github.com/serverkraken/flow/internal/domain/wikilink.go:88.44,90.4 1 1
github.com/serverkraken/flow/internal/domain/wikilink.go:91.3,91.40 1 1
github.com/serverkraken/flow/internal/domain/wikilink.go:91.40,93.4 1 1
github.com/serverkraken/flow/internal/domain/wikilink.go:95.2,95.17 1 1
github.com/serverkraken/flow/internal/domain/wikilink.go:95.17,97.3 1 1
github.com/serverkraken/flow/internal/domain/wikilink.go:98.2,98.26 1 1
github.com/serverkraken/flow/internal/domain/wikilink.go:103.44,105.21 2 1
github.com/serverkraken/flow/internal/domain/wikilink.go:105.21,107.3 1 1
github.com/serverkraken/flow/internal/domain/wikilink.go:108.2,110.27 3 1
github.com/serverkraken/flow/internal/domain/wikilink.go:110.27,111.23 1 1
github.com/serverkraken/flow/internal/domain/wikilink.go:111.23,114.4 2 1
github.com/serverkraken/flow/internal/domain/wikilink.go:116.2,116.12 1 1
github.com/serverkraken/flow/internal/domain/workcalendar.go:7.65,8.18 1 0
github.com/serverkraken/flow/internal/domain/workcalendar.go:8.18,10.3 1 0
github.com/serverkraken/flow/internal/domain/workcalendar.go:11.2,11.21 1 0
github.com/serverkraken/flow/internal/domain/workcalendar.go:14.34,17.2 2 0
github.com/serverkraken/flow/internal/domain/worksession.go:22.37,22.61 1 1
github.com/serverkraken/flow/internal/domain/worksession.go:26.59,27.19 1 1
github.com/serverkraken/flow/internal/domain/worksession.go:27.19,29.3 1 1
github.com/serverkraken/flow/internal/domain/worksession.go:30.2,30.25 1 1
github.com/serverkraken/flow/internal/domain/worksession.go:35.98,36.9 1 1
github.com/serverkraken/flow/internal/domain/worksession.go:37.16,38.73 1 1
github.com/serverkraken/flow/internal/domain/worksession.go:39.21,40.76 1 1
github.com/serverkraken/flow/internal/domain/worksession.go:42.2,42.105 1 1
github.com/serverkraken/flow/internal/testutil/fakes.go:20.36,20.50 1 0
github.com/serverkraken/flow/internal/testutil/fakes.go:27.36,32.2 4 1
github.com/serverkraken/flow/internal/testutil/fakes.go:34.25,35.12 1 1
github.com/serverkraken/flow/internal/testutil/fakes.go:35.12,37.3 1 0
github.com/serverkraken/flow/internal/testutil/fakes.go:38.2,39.12 2 1
github.com/serverkraken/flow/internal/testutil/fakes.go:39.12,42.3 2 1
github.com/serverkraken/flow/internal/testutil/fakes.go:43.2,43.18 1 1
github.com/serverkraken/flow/internal/testutil/fakes.go:51.40,51.98 1 1
github.com/serverkraken/flow/internal/testutil/fakes.go:53.92,58.2 4 1
github.com/serverkraken/flow/internal/testutil/fakes.go:60.86,64.9 4 1
github.com/serverkraken/flow/internal/testutil/fakes.go:64.9,66.3 1 1
github.com/serverkraken/flow/internal/testutil/fakes.go:67.2,67.15 1 1
github.com/serverkraken/flow/internal/testutil/fakes.go:70.84,73.28 3 0
github.com/serverkraken/flow/internal/testutil/fakes.go:73.28,74.17 1 0
github.com/serverkraken/flow/internal/testutil/fakes.go:74.17,76.4 1 0
github.com/serverkraken/flow/internal/testutil/fakes.go:78.2,78.45 1 0
github.com/serverkraken/flow/internal/testutil/fakes.go:86.79,88.2 1 0
github.com/serverkraken/flow/internal/testutil/fakes.go:96.46,98.2 1 0
github.com/serverkraken/flow/internal/testutil/fakes.go:100.96,105.2 4 0
github.com/serverkraken/flow/internal/testutil/fakes.go:107.94,111.24 4 0
github.com/serverkraken/flow/internal/testutil/fakes.go:111.24,112.27 1 0
github.com/serverkraken/flow/internal/testutil/fakes.go:112.27,114.4 1 0
github.com/serverkraken/flow/internal/testutil/fakes.go:116.2,116.17 1 0
github.com/serverkraken/flow/internal/testutil/fakes.go:119.95,123.33 4 0
github.com/serverkraken/flow/internal/testutil/fakes.go:123.33,125.3 1 0
github.com/serverkraken/flow/internal/testutil/fakes.go:126.2,126.15 1 0
github.com/serverkraken/flow/internal/testutil/fakes.go:129.101,133.33 4 0
github.com/serverkraken/flow/internal/testutil/fakes.go:133.33,135.3 1 0
github.com/serverkraken/flow/internal/testutil/fakes.go:136.2,138.12 3 0
github.com/serverkraken/flow/internal/testutil/fakes.go:148.46,150.2 1 1
github.com/serverkraken/flow/internal/testutil/fakes.go:152.105,155.20 3 1
github.com/serverkraken/flow/internal/testutil/fakes.go:155.20,156.25 1 0
github.com/serverkraken/flow/internal/testutil/fakes.go:156.25,157.48 1 0
github.com/serverkraken/flow/internal/testutil/fakes.go:157.48,159.5 1 0
github.com/serverkraken/flow/internal/testutil/fakes.go:162.2,163.16 2 1
github.com/serverkraken/flow/internal/testutil/fakes.go:166.105,169.24 3 0
github.com/serverkraken/flow/internal/testutil/fakes.go:169.24,170.44 1 0
github.com/serverkraken/flow/internal/testutil/fakes.go:170.44,172.4 1 0
github.com/serverkraken/flow/internal/testutil/fakes.go:174.2,174.41 1 0
github.com/serverkraken/flow/internal/testutil/fakes.go:177.135,181.50 4 0
github.com/serverkraken/flow/internal/testutil/fakes.go:181.50,183.3 1 0
github.com/serverkraken/flow/internal/testutil/fakes.go:184.2,187.15 4 0
github.com/serverkraken/flow/internal/testutil/fakes.go:190.173,194.33 4 1
github.com/serverkraken/flow/internal/testutil/fakes.go:194.33,196.3 1 1
github.com/serverkraken/flow/internal/testutil/fakes.go:197.2,201.17 5 1
github.com/serverkraken/flow/internal/testutil/fakes.go:201.17,204.3 2 1
github.com/serverkraken/flow/internal/testutil/fakes.go:204.8,206.3 1 0
github.com/serverkraken/flow/internal/testutil/fakes.go:207.2,208.15 2 1
github.com/serverkraken/flow/internal/testutil/fakes.go:211.80,215.33 4 1
github.com/serverkraken/flow/internal/testutil/fakes.go:215.33,217.3 1 1
github.com/serverkraken/flow/internal/testutil/fakes.go:218.2,219.12 2 1
github.com/serverkraken/flow/internal/testutil/fakes.go:222.115,226.24 4 0
github.com/serverkraken/flow/internal/testutil/fakes.go:226.24,227.53 1 0
github.com/serverkraken/flow/internal/testutil/fakes.go:227.53,229.4 1 0
github.com/serverkraken/flow/internal/testutil/fakes.go:231.2,231.17 1 0
github.com/serverkraken/flow/internal/testutil/fakes.go:240.44,240.102 1 0
github.com/serverkraken/flow/internal/testutil/fakes.go:242.49,242.98 1 0
github.com/serverkraken/flow/internal/testutil/fakes.go:244.89,249.2 4 0
github.com/serverkraken/flow/internal/testutil/fakes.go:251.90,256.2 4 0
github.com/serverkraken/flow/internal/testutil/fakes.go:258.117,262.54 4 0
github.com/serverkraken/flow/internal/testutil/fakes.go:262.54,263.43 1 0
github.com/serverkraken/flow/internal/testutil/fakes.go:263.43,265.4 1 0
github.com/serverkraken/flow/internal/testutil/fakes.go:267.2,267.17 1 0
github.com/serverkraken/flow/internal/testutil/fakes.go:278.56,284.2 1 0
github.com/serverkraken/flow/internal/testutil/fakes.go:286.96,290.9 4 0
github.com/serverkraken/flow/internal/testutil/fakes.go:290.9,292.3 1 0
github.com/serverkraken/flow/internal/testutil/fakes.go:293.2,294.9 2 0
github.com/serverkraken/flow/internal/testutil/fakes.go:294.9,296.3 1 0
github.com/serverkraken/flow/internal/testutil/fakes.go:297.2,298.39 2 0
github.com/serverkraken/flow/internal/testutil/fakes.go:298.39,300.3 1 0
github.com/serverkraken/flow/internal/testutil/fakes.go:301.2,301.112 1 0
github.com/serverkraken/flow/internal/testutil/fakes.go:304.93,309.2 4 0
github.com/serverkraken/flow/internal/testutil/fakes.go:311.135,316.28 5 0
github.com/serverkraken/flow/internal/testutil/fakes.go:316.28,318.3 1 0
github.com/serverkraken/flow/internal/testutil/fakes.go:319.2,320.12 2 0
github.com/serverkraken/flow/internal/testutil/fakes.go:329.50,331.2 1 0
github.com/serverkraken/flow/internal/testutil/fakes.go:333.83,338.2 4 0
github.com/serverkraken/flow/internal/testutil/fakes.go:340.87,344.9 4 0
github.com/serverkraken/flow/internal/testutil/fakes.go:344.9,346.3 1 0
github.com/serverkraken/flow/internal/testutil/fakes.go:347.2,347.23 1 0
github.com/serverkraken/flow/internal/testutil/fakes.go:350.103,354.25 4 0
github.com/serverkraken/flow/internal/testutil/fakes.go:354.25,355.26 1 0
github.com/serverkraken/flow/internal/testutil/fakes.go:355.26,357.4 1 0
github.com/serverkraken/flow/internal/testutil/fakes.go:359.2,359.17 1 0
github.com/serverkraken/flow/internal/testutil/fakes.go:362.84,365.53 3 0
github.com/serverkraken/flow/internal/testutil/fakes.go:365.53,367.3 1 0
github.com/serverkraken/flow/internal/testutil/fakes.go:368.2,368.12 1 0
github.com/serverkraken/flow/internal/testutil/fakes.go:381.48,388.2 1 1
github.com/serverkraken/flow/internal/testutil/fakes.go:395.44,398.2 2 1
github.com/serverkraken/flow/internal/testutil/fakes.go:400.77,402.22 2 1
github.com/serverkraken/flow/internal/testutil/fakes.go:402.22,404.3 1 0
github.com/serverkraken/flow/internal/testutil/fakes.go:405.2,405.48 1 1
github.com/serverkraken/flow/internal/testutil/fakes.go:408.99,412.31 4 1
github.com/serverkraken/flow/internal/testutil/fakes.go:412.31,413.83 1 1
github.com/serverkraken/flow/internal/testutil/fakes.go:413.83,415.4 1 0
github.com/serverkraken/flow/internal/testutil/fakes.go:417.2,418.15 2 1
github.com/serverkraken/flow/internal/testutil/fakes.go:421.97,425.33 4 0
github.com/serverkraken/flow/internal/testutil/fakes.go:425.33,427.3 1 0
github.com/serverkraken/flow/internal/testutil/fakes.go:428.2,428.15 1 0
github.com/serverkraken/flow/internal/testutil/fakes.go:431.112,435.24 4 1
github.com/serverkraken/flow/internal/testutil/fakes.go:435.24,436.55 1 1
github.com/serverkraken/flow/internal/testutil/fakes.go:436.55,438.4 1 1
github.com/serverkraken/flow/internal/testutil/fakes.go:441.2,441.32 1 1
github.com/serverkraken/flow/internal/testutil/fakes.go:441.32,442.37 1 1
github.com/serverkraken/flow/internal/testutil/fakes.go:442.37,443.48 1 1
github.com/serverkraken/flow/internal/testutil/fakes.go:443.48,445.5 1 0
github.com/serverkraken/flow/internal/testutil/fakes.go:448.2,448.17 1 1
github.com/serverkraken/flow/internal/testutil/fakes.go:451.43,452.25 1 1
github.com/serverkraken/flow/internal/testutil/fakes.go:452.25,454.26 2 1
github.com/serverkraken/flow/internal/testutil/fakes.go:454.26,455.14 1 1
github.com/serverkraken/flow/internal/testutil/fakes.go:455.14,457.10 2 1
github.com/serverkraken/flow/internal/testutil/fakes.go:460.3,460.13 1 1
github.com/serverkraken/flow/internal/testutil/fakes.go:460.13,462.4 1 1
github.com/serverkraken/flow/internal/testutil/fakes.go:464.2,464.13 1 1
github.com/serverkraken/flow/internal/testutil/fakes.go:467.99,471.42 4 0
github.com/serverkraken/flow/internal/testutil/fakes.go:471.42,473.3 1 0
github.com/serverkraken/flow/internal/testutil/fakes.go:475.2,481.22 7 0
github.com/serverkraken/flow/internal/testutil/fakes.go:484.81,488.33 4 0
github.com/serverkraken/flow/internal/testutil/fakes.go:488.33,490.3 1 0
github.com/serverkraken/flow/internal/testutil/fakes.go:491.2,493.12 3 0
github.com/serverkraken/flow/internal/testutil/fakes.go:496.105,499.23 3 1
github.com/serverkraken/flow/internal/testutil/fakes.go:499.23,502.3 2 1
github.com/serverkraken/flow/internal/testutil/fakes.go:503.2,506.12 4 1
github.com/serverkraken/flow/internal/testutil/fakes.go:509.113,513.38 4 1
github.com/serverkraken/flow/internal/testutil/fakes.go:513.38,515.34 2 1
github.com/serverkraken/flow/internal/testutil/fakes.go:515.34,516.12 1 1
github.com/serverkraken/flow/internal/testutil/fakes.go:518.3,518.31 1 1
github.com/serverkraken/flow/internal/testutil/fakes.go:518.31,519.25 1 1
github.com/serverkraken/flow/internal/testutil/fakes.go:519.25,521.10 2 1
github.com/serverkraken/flow/internal/testutil/fakes.go:525.2,525.17 1 1
github.com/serverkraken/flow/internal/testutil/fakes.go:528.117,533.24 5 1
github.com/serverkraken/flow/internal/testutil/fakes.go:533.24,534.56 1 1
github.com/serverkraken/flow/internal/testutil/fakes.go:534.56,535.12 1 1
github.com/serverkraken/flow/internal/testutil/fakes.go:537.3,539.26 3 1
github.com/serverkraken/flow/internal/testutil/fakes.go:539.26,540.12 1 1
github.com/serverkraken/flow/internal/testutil/fakes.go:542.3,542.106 1 1
github.com/serverkraken/flow/internal/testutil/fakes.go:544.2,544.32 1 1
github.com/serverkraken/flow/internal/testutil/fakes.go:544.32,545.37 1 1
github.com/serverkraken/flow/internal/testutil/fakes.go:545.37,546.48 1 0
github.com/serverkraken/flow/internal/testutil/fakes.go:546.48,548.5 1 0
github.com/serverkraken/flow/internal/testutil/fakes.go:551.2,551.17 1 1
github.com/serverkraken/flow/internal/testutil/fakes.go:556.52,558.21 2 1
github.com/serverkraken/flow/internal/testutil/fakes.go:558.21,560.3 1 0
github.com/serverkraken/flow/internal/testutil/fakes.go:561.2,561.98 1 1
github.com/serverkraken/flow/internal/testutil/fakes.go:564.101,568.24 4 1
github.com/serverkraken/flow/internal/testutil/fakes.go:568.24,569.43 1 1
github.com/serverkraken/flow/internal/testutil/fakes.go:569.43,571.25 2 1
github.com/serverkraken/flow/internal/testutil/fakes.go:571.25,572.10 1 0
github.com/serverkraken/flow/internal/testutil/fakes.go:576.2,576.17 1 1
github.com/serverkraken/flow/internal/testutil/fakes.go:579.128,583.26 4 1
github.com/serverkraken/flow/internal/testutil/fakes.go:583.26,585.3 1 1
github.com/serverkraken/flow/internal/testutil/fakes.go:586.2,587.29 2 1
github.com/serverkraken/flow/internal/testutil/fakes.go:587.29,589.3 1 1
github.com/serverkraken/flow/internal/testutil/fakes.go:590.2,590.12 1 1
github.com/serverkraken/flow/internal/testutil/fakes.go:593.152,597.24 4 1
github.com/serverkraken/flow/internal/testutil/fakes.go:597.24,598.56 1 1
github.com/serverkraken/flow/internal/testutil/fakes.go:598.56,599.12 1 1
github.com/serverkraken/flow/internal/testutil/fakes.go:601.3,603.36 3 1
github.com/serverkraken/flow/internal/testutil/fakes.go:603.36,605.18 2 1
github.com/serverkraken/flow/internal/testutil/fakes.go:605.18,608.5 2 1
github.com/serverkraken/flow/internal/testutil/fakes.go:610.3,610.24 1 1
github.com/serverkraken/flow/internal/testutil/fakes.go:610.24,611.12 1 1
github.com/serverkraken/flow/internal/testutil/fakes.go:613.3,613.106 1 1
github.com/serverkraken/flow/internal/testutil/fakes.go:615.2,615.39 1 1
github.com/serverkraken/flow/internal/testutil/fakes.go:615.39,615.85 1 0
github.com/serverkraken/flow/internal/testutil/fakes.go:616.2,616.23 1 1
github.com/serverkraken/flow/internal/testutil/fakes.go:616.23,618.3 1 0
github.com/serverkraken/flow/internal/testutil/fakes.go:619.2,619.18 1 1
github.com/serverkraken/flow/internal/testutil/fakes.go:622.37,623.37 1 1
github.com/serverkraken/flow/internal/testutil/fakes.go:623.37,625.3 1 0
github.com/serverkraken/flow/internal/testutil/fakes.go:626.2,627.19 2 1
github.com/serverkraken/flow/internal/testutil/fakes.go:627.19,631.3 3 1
github.com/serverkraken/flow/internal/testutil/fakes.go:632.2,632.24 1 1
github.com/serverkraken/flow/internal/testutil/fakes.go:632.24,634.3 1 0
github.com/serverkraken/flow/internal/testutil/fakes.go:635.2,635.46 1 1
github.com/serverkraken/flow/internal/testutil/fakes.go:647.38,647.72 1 1
github.com/serverkraken/flow/internal/testutil/fakes.go:649.86,650.18 1 1
github.com/serverkraken/flow/internal/testutil/fakes.go:650.18,652.3 1 1
github.com/serverkraken/flow/internal/testutil/fakes.go:653.2,654.26 2 1
github.com/serverkraken/flow/internal/testutil/fakes.go:654.26,656.3 1 1
github.com/serverkraken/flow/internal/testutil/fakes.go:657.2,657.17 1 1
github.com/serverkraken/flow/internal/testutil/fakes.go:660.45,664.27 4 1
github.com/serverkraken/flow/internal/testutil/fakes.go:664.27,669.3 4 1
github.com/serverkraken/flow/internal/testutil/fakes.go:670.2,670.42 1 1
github.com/serverkraken/flow/internal/testutil/fakes.go:670.42,671.20 1 1
github.com/serverkraken/flow/internal/testutil/fakes.go:671.20,673.4 1 1
github.com/serverkraken/flow/internal/testutil/fakes.go:675.2,675.10 1 1
github.com/serverkraken/flow/internal/tui/dayoffs.go:20.40,21.21 1 1
github.com/serverkraken/flow/internal/tui/dayoffs.go:21.21,23.3 1 1
github.com/serverkraken/flow/internal/tui/dayoffs.go:24.2,24.24 1 0
github.com/serverkraken/flow/internal/tui/dayoffs.go:24.24,30.17 5 0
github.com/serverkraken/flow/internal/tui/dayoffs.go:30.17,32.4 1 0
github.com/serverkraken/flow/internal/tui/dayoffs.go:33.3,33.38 1 0
github.com/serverkraken/flow/internal/tui/dayoffs.go:37.41,38.21 1 1
github.com/serverkraken/flow/internal/tui/dayoffs.go:38.21,40.3 1 1
github.com/serverkraken/flow/internal/tui/dayoffs.go:41.2,41.24 1 0
github.com/serverkraken/flow/internal/tui/dayoffs.go:41.24,45.17 4 0
github.com/serverkraken/flow/internal/tui/dayoffs.go:45.17,47.4 1 0
github.com/serverkraken/flow/internal/tui/dayoffs.go:48.3,48.40 1 0
github.com/serverkraken/flow/internal/tui/dayoffs.go:52.53,53.21 1 0
github.com/serverkraken/flow/internal/tui/dayoffs.go:53.21,55.3 1 0
github.com/serverkraken/flow/internal/tui/dayoffs.go:56.2,57.24 2 0
github.com/serverkraken/flow/internal/tui/dayoffs.go:57.24,60.76 3 0
github.com/serverkraken/flow/internal/tui/dayoffs.go:60.76,62.4 1 0
github.com/serverkraken/flow/internal/tui/dayoffs.go:63.3,63.28 1 0
github.com/serverkraken/flow/internal/tui/dayoffs.go:67.38,72.21 3 1
github.com/serverkraken/flow/internal/tui/dayoffs.go:72.21,75.3 2 0
github.com/serverkraken/flow/internal/tui/dayoffs.go:75.8,77.43 2 1
github.com/serverkraken/flow/internal/tui/dayoffs.go:77.43,81.50 3 1
github.com/serverkraken/flow/internal/tui/dayoffs.go:81.50,83.5 1 1
github.com/serverkraken/flow/internal/tui/dayoffs.go:84.4,84.46 1 1
github.com/serverkraken/flow/internal/tui/dayoffs.go:84.46,84.88 1 0
github.com/serverkraken/flow/internal/tui/dayoffs.go:85.4,86.32 2 1
github.com/serverkraken/flow/internal/tui/dayoffs.go:86.32,88.5 1 1
github.com/serverkraken/flow/internal/tui/dayoffs.go:89.4,89.76 1 1
github.com/serverkraken/flow/internal/tui/dayoffs.go:91.3,91.37 1 1
github.com/serverkraken/flow/internal/tui/dayoffs.go:94.2,94.25 1 1
github.com/serverkraken/flow/internal/tui/dayoffs.go:94.25,96.3 1 1
github.com/serverkraken/flow/internal/tui/dayoffs.go:97.2,97.30 1 1
github.com/serverkraken/flow/internal/tui/dayoffs.go:97.30,100.18 3 1
github.com/serverkraken/flow/internal/tui/dayoffs.go:100.18,102.4 1 0
github.com/serverkraken/flow/internal/tui/dayoffs.go:103.3,103.56 1 1
github.com/serverkraken/flow/internal/tui/dayoffs.go:105.2,106.21 2 1
github.com/serverkraken/flow/internal/tui/dayoffs.go:106.21,108.3 1 0
github.com/serverkraken/flow/internal/tui/dayoffs.go:108.8,110.3 1 1
github.com/serverkraken/flow/internal/tui/dayoffs.go:111.2,114.10 4 1
github.com/serverkraken/flow/internal/tui/dayoffs.go:119.39,120.13 1 1
github.com/serverkraken/flow/internal/tui/dayoffs.go:120.13,122.3 1 1
github.com/serverkraken/flow/internal/tui/dayoffs.go:123.2,123.14 1 1
github.com/serverkraken/flow/internal/tui/dayoffs.go:128.72,129.21 1 1
github.com/serverkraken/flow/internal/tui/dayoffs.go:129.21,130.10 1 1
github.com/serverkraken/flow/internal/tui/dayoffs.go:131.29,134.17 3 1
github.com/serverkraken/flow/internal/tui/dayoffs.go:135.31,137.17 2 0
github.com/serverkraken/flow/internal/tui/dayoffs.go:137.17,140.5 1 0
github.com/serverkraken/flow/internal/tui/dayoffs.go:141.4,143.34 3 0
github.com/serverkraken/flow/internal/tui/dayoffs.go:144.35,145.46 1 0
github.com/serverkraken/flow/internal/tui/dayoffs.go:145.46,147.5 1 0
github.com/serverkraken/flow/internal/tui/dayoffs.go:148.4,148.17 1 0
github.com/serverkraken/flow/internal/tui/dayoffs.go:149.59,151.17 2 0
github.com/serverkraken/flow/internal/tui/dayoffs.go:153.3,153.16 1 0
github.com/serverkraken/flow/internal/tui/dayoffs.go:156.2,156.19 1 1
github.com/serverkraken/flow/internal/tui/dayoffs.go:156.19,160.3 3 1
github.com/serverkraken/flow/internal/tui/dayoffs.go:161.2,161.15 1 0
github.com/serverkraken/flow/internal/tui/dayoffs.go:165.38,170.29 2 1
github.com/serverkraken/flow/internal/tui/dayoffs.go:170.29,172.3 1 1
github.com/serverkraken/flow/internal/tui/dayoffs.go:173.2,173.12 1 0
github.com/serverkraken/flow/internal/tui/dayoffs.go:177.33,179.13 2 1
github.com/serverkraken/flow/internal/tui/dayoffs.go:179.13,181.3 1 1
github.com/serverkraken/flow/internal/tui/dayoffs.go:182.2,183.22 2 1
github.com/serverkraken/flow/internal/tui/dayoffs.go:183.22,184.25 1 1
github.com/serverkraken/flow/internal/tui/dayoffs.go:184.25,186.4 1 1
github.com/serverkraken/flow/internal/tui/dayoffs.go:187.3,187.24 1 1
github.com/serverkraken/flow/internal/tui/dayoffs.go:189.2,189.10 1 1
github.com/serverkraken/flow/internal/tui/docs.go:88.91,90.2 1 1
github.com/serverkraken/flow/internal/tui/docs.go:121.35,123.2 1 1
github.com/serverkraken/flow/internal/tui/docs.go:125.37,126.21 1 1
github.com/serverkraken/flow/internal/tui/docs.go:126.21,128.3 1 1
github.com/serverkraken/flow/internal/tui/docs.go:129.2,129.24 1 1
github.com/serverkraken/flow/internal/tui/docs.go:129.24,133.17 4 1
github.com/serverkraken/flow/internal/tui/docs.go:133.17,135.4 1 0
github.com/serverkraken/flow/internal/tui/docs.go:136.3,136.35 1 1
github.com/serverkraken/flow/internal/tui/docs.go:143.48,144.21 1 1
github.com/serverkraken/flow/internal/tui/docs.go:144.21,146.3 1 0
github.com/serverkraken/flow/internal/tui/docs.go:147.2,148.24 2 1
github.com/serverkraken/flow/internal/tui/docs.go:148.24,152.17 4 0
github.com/serverkraken/flow/internal/tui/docs.go:152.17,154.4 1 0
github.com/serverkraken/flow/internal/tui/docs.go:155.3,155.35 1 0
github.com/serverkraken/flow/internal/tui/docs.go:159.39,160.21 1 0
github.com/serverkraken/flow/internal/tui/docs.go:160.21,162.3 1 0
github.com/serverkraken/flow/internal/tui/docs.go:163.2,163.24 1 0
github.com/serverkraken/flow/internal/tui/docs.go:163.24,167.17 4 0
github.com/serverkraken/flow/internal/tui/docs.go:167.17,169.4 1 0
github.com/serverkraken/flow/internal/tui/docs.go:170.3,170.35 1 0
github.com/serverkraken/flow/internal/tui/docs.go:174.40,175.21 1 1
github.com/serverkraken/flow/internal/tui/docs.go:175.21,177.3 1 0
github.com/serverkraken/flow/internal/tui/docs.go:178.2,178.24 1 1
github.com/serverkraken/flow/internal/tui/docs.go:178.24,180.17 2 1
github.com/serverkraken/flow/internal/tui/docs.go:180.17,182.4 1 0
github.com/serverkraken/flow/internal/tui/docs.go:183.3,183.28 1 1
github.com/serverkraken/flow/internal/tui/docs.go:188.62,189.21 1 1
github.com/serverkraken/flow/internal/tui/docs.go:189.21,191.3 1 0
github.com/serverkraken/flow/internal/tui/docs.go:192.2,192.24 1 1
github.com/serverkraken/flow/internal/tui/docs.go:192.24,196.17 4 1
github.com/serverkraken/flow/internal/tui/docs.go:196.17,198.4 1 0
github.com/serverkraken/flow/internal/tui/docs.go:199.3,199.15 1 1
github.com/serverkraken/flow/internal/tui/docs.go:199.15,201.4 1 1
github.com/serverkraken/flow/internal/tui/docs.go:202.3,202.30 1 1
github.com/serverkraken/flow/internal/tui/docs.go:207.53,208.21 1 1
github.com/serverkraken/flow/internal/tui/docs.go:208.21,210.3 1 1
github.com/serverkraken/flow/internal/tui/docs.go:211.2,211.24 1 1
github.com/serverkraken/flow/internal/tui/docs.go:211.24,215.17 4 0
github.com/serverkraken/flow/internal/tui/docs.go:215.17,217.4 1 0
github.com/serverkraken/flow/internal/tui/docs.go:218.3,218.34 1 0
github.com/serverkraken/flow/internal/tui/docs.go:224.116,225.21 1 1
github.com/serverkraken/flow/internal/tui/docs.go:225.21,227.3 1 1
github.com/serverkraken/flow/internal/tui/docs.go:228.2,229.16 2 1
github.com/serverkraken/flow/internal/tui/docs.go:229.16,231.3 1 1
github.com/serverkraken/flow/internal/tui/docs.go:232.2,232.118 1 1
github.com/serverkraken/flow/internal/tui/docs.go:237.39,238.58 1 0
github.com/serverkraken/flow/internal/tui/docs.go:238.58,240.17 2 0
github.com/serverkraken/flow/internal/tui/docs.go:240.17,242.4 1 0
github.com/serverkraken/flow/internal/tui/docs.go:243.3,251.4 2 0
github.com/serverkraken/flow/internal/tui/docs.go:256.53,257.21 1 1
github.com/serverkraken/flow/internal/tui/docs.go:257.21,259.3 1 0
github.com/serverkraken/flow/internal/tui/docs.go:260.2,260.24 1 1
github.com/serverkraken/flow/internal/tui/docs.go:260.24,263.21 3 1
github.com/serverkraken/flow/internal/tui/docs.go:263.21,266.19 1 1
github.com/serverkraken/flow/internal/tui/docs.go:266.19,268.5 1 0
github.com/serverkraken/flow/internal/tui/docs.go:269.4,269.24 1 1
github.com/serverkraken/flow/internal/tui/docs.go:271.3,273.18 1 1
github.com/serverkraken/flow/internal/tui/docs.go:273.18,275.4 1 0
github.com/serverkraken/flow/internal/tui/docs.go:276.3,276.23 1 1
github.com/serverkraken/flow/internal/tui/docs.go:280.49,281.21 1 1
github.com/serverkraken/flow/internal/tui/docs.go:281.21,283.3 1 0
github.com/serverkraken/flow/internal/tui/docs.go:284.2,284.24 1 1
github.com/serverkraken/flow/internal/tui/docs.go:284.24,287.58 3 1
github.com/serverkraken/flow/internal/tui/docs.go:287.58,289.4 1 0
github.com/serverkraken/flow/internal/tui/docs.go:290.3,290.23 1 1
github.com/serverkraken/flow/internal/tui/docs.go:294.61,295.27 1 1
github.com/serverkraken/flow/internal/tui/docs.go:296.21,298.27 2 1
github.com/serverkraken/flow/internal/tui/docs.go:298.27,300.4 1 1
github.com/serverkraken/flow/internal/tui/docs.go:301.3,301.16 1 1
github.com/serverkraken/flow/internal/tui/docs.go:302.18,304.61 2 1
github.com/serverkraken/flow/internal/tui/docs.go:304.61,306.4 1 0
github.com/serverkraken/flow/internal/tui/docs.go:307.3,312.34 6 1
github.com/serverkraken/flow/internal/tui/docs.go:313.20,316.34 3 1
github.com/serverkraken/flow/internal/tui/docs.go:316.34,317.45 1 1
github.com/serverkraken/flow/internal/tui/docs.go:317.45,319.5 1 1
github.com/serverkraken/flow/internal/tui/docs.go:321.3,321.30 1 1
github.com/serverkraken/flow/internal/tui/docs.go:321.30,322.18 1 1
github.com/serverkraken/flow/internal/tui/docs.go:322.18,323.13 1 1
github.com/serverkraken/flow/internal/tui/docs.go:325.4,326.94 2 0
github.com/serverkraken/flow/internal/tui/docs.go:328.3,328.16 1 1
github.com/serverkraken/flow/internal/tui/docs.go:329.21,334.16 5 0
github.com/serverkraken/flow/internal/tui/docs.go:335.21,339.16 4 0
github.com/serverkraken/flow/internal/tui/docs.go:340.22,342.33 2 1
github.com/serverkraken/flow/internal/tui/docs.go:343.16,346.84 2 1
github.com/serverkraken/flow/internal/tui/docs.go:346.84,348.4 1 1
github.com/serverkraken/flow/internal/tui/docs.go:348.9,350.4 1 1
github.com/serverkraken/flow/internal/tui/docs.go:351.3,351.45 1 1
github.com/serverkraken/flow/internal/tui/docs.go:351.45,353.4 1 1
github.com/serverkraken/flow/internal/tui/docs.go:354.3,354.31 1 1
github.com/serverkraken/flow/internal/tui/docs.go:355.17,356.27 1 0
github.com/serverkraken/flow/internal/tui/docs.go:357.21,360.21 3 1
github.com/serverkraken/flow/internal/tui/docs.go:360.21,363.4 2 1
github.com/serverkraken/flow/internal/tui/docs.go:364.3,365.27 2 1
github.com/serverkraken/flow/internal/tui/docs.go:366.19,368.23 2 1
github.com/serverkraken/flow/internal/tui/docs.go:369.14,371.16 2 1
github.com/serverkraken/flow/internal/tui/docs.go:372.23,373.26 1 1
github.com/serverkraken/flow/internal/tui/docs.go:375.2,375.15 1 1
github.com/serverkraken/flow/internal/tui/docs.go:378.70,379.16 1 1
github.com/serverkraken/flow/internal/tui/docs.go:380.20,381.30 1 1
github.com/serverkraken/flow/internal/tui/docs.go:382.20,383.30 1 1
github.com/serverkraken/flow/internal/tui/docs.go:384.21,385.30 1 1
github.com/serverkraken/flow/internal/tui/docs.go:386.18,387.30 1 1
github.com/serverkraken/flow/internal/tui/docs.go:388.16,389.10 1 1
github.com/serverkraken/flow/internal/tui/docs.go:390.29,391.36 1 1
github.com/serverkraken/flow/internal/tui/docs.go:391.36,395.5 3 0
github.com/serverkraken/flow/internal/tui/docs.go:396.4,400.17 5 1
github.com/serverkraken/flow/internal/tui/docs.go:401.65,402.22 1 1
github.com/serverkraken/flow/internal/tui/docs.go:403.54,405.17 2 0
github.com/serverkraken/flow/internal/tui/docs.go:406.29,408.17 2 1
github.com/serverkraken/flow/internal/tui/docs.go:409.31,410.32 1 1
github.com/serverkraken/flow/internal/tui/docs.go:411.22,412.24 1 1
github.com/serverkraken/flow/internal/tui/docs.go:412.24,414.5 1 1
github.com/serverkraken/flow/internal/tui/docs.go:415.4,415.44 1 1
github.com/serverkraken/flow/internal/tui/docs.go:417.3,417.16 1 0
github.com/serverkraken/flow/internal/tui/docs.go:420.2,420.9 1 1
github.com/serverkraken/flow/internal/tui/docs.go:421.64,422.21 1 1
github.com/serverkraken/flow/internal/tui/docs.go:423.21,424.28 1 1
github.com/serverkraken/flow/internal/tui/docs.go:424.28,426.4 1 1
github.com/serverkraken/flow/internal/tui/docs.go:427.3,427.16 1 1
github.com/serverkraken/flow/internal/tui/docs.go:428.21,429.16 1 1
github.com/serverkraken/flow/internal/tui/docs.go:429.16,431.4 1 1
github.com/serverkraken/flow/internal/tui/docs.go:432.3,432.16 1 1
github.com/serverkraken/flow/internal/tui/docs.go:433.30,434.23 1 1
github.com/serverkraken/flow/internal/tui/docs.go:434.23,436.4 1 1
github.com/serverkraken/flow/internal/tui/docs.go:437.3,437.47 1 1
github.com/serverkraken/flow/internal/tui/docs.go:438.21,445.16 7 1
github.com/serverkraken/flow/internal/tui/docs.go:446.21,447.23 1 1
github.com/serverkraken/flow/internal/tui/docs.go:447.23,449.4 1 1
github.com/serverkraken/flow/internal/tui/docs.go:450.3,450.47 1 1
github.com/serverkraken/flow/internal/tui/docs.go:451.21,452.23 1 1
github.com/serverkraken/flow/internal/tui/docs.go:452.23,454.4 1 1
github.com/serverkraken/flow/internal/tui/docs.go:455.3,456.16 2 1
github.com/serverkraken/flow/internal/tui/docs.go:457.21,458.25 1 0
github.com/serverkraken/flow/internal/tui/docs.go:459.21,464.16 5 1
github.com/serverkraken/flow/internal/tui/docs.go:466.2,466.15 1 0
github.com/serverkraken/flow/internal/tui/docs.go:470.54,472.2 1 1
github.com/serverkraken/flow/internal/tui/docs.go:475.39,476.12 1 1
github.com/serverkraken/flow/internal/tui/docs.go:476.12,478.3 1 0
github.com/serverkraken/flow/internal/tui/docs.go:479.2,479.13 1 1
github.com/serverkraken/flow/internal/tui/docs.go:479.13,480.16 1 1
github.com/serverkraken/flow/internal/tui/docs.go:480.16,482.4 1 1
github.com/serverkraken/flow/internal/tui/docs.go:483.3,483.15 1 0
github.com/serverkraken/flow/internal/tui/docs.go:485.2,485.30 1 1
github.com/serverkraken/flow/internal/tui/docs.go:490.61,491.56 1 1
github.com/serverkraken/flow/internal/tui/docs.go:491.56,493.3 1 0
github.com/serverkraken/flow/internal/tui/docs.go:494.2,495.17 2 1
github.com/serverkraken/flow/internal/tui/docs.go:496.15,499.28 3 1
github.com/serverkraken/flow/internal/tui/docs.go:499.28,500.17 1 1
github.com/serverkraken/flow/internal/tui/docs.go:500.17,502.5 1 1
github.com/serverkraken/flow/internal/tui/docs.go:503.4,503.14 1 1
github.com/serverkraken/flow/internal/tui/docs.go:505.16,506.23 1 0
github.com/serverkraken/flow/internal/tui/docs.go:506.23,508.4 1 0
github.com/serverkraken/flow/internal/tui/docs.go:509.3,509.39 1 0
github.com/serverkraken/flow/internal/tui/docs.go:511.2,511.15 1 0
github.com/serverkraken/flow/internal/tui/docs.go:515.53,517.2 1 1
github.com/serverkraken/flow/internal/tui/docs.go:521.76,522.9 1 1
github.com/serverkraken/flow/internal/tui/docs.go:523.28,525.16 2 1
github.com/serverkraken/flow/internal/tui/docs.go:526.28,528.16 2 1
github.com/serverkraken/flow/internal/tui/docs.go:529.30,531.25 1 1
github.com/serverkraken/flow/internal/tui/docs.go:531.25,534.4 2 1
github.com/serverkraken/flow/internal/tui/docs.go:535.3,535.32 1 1
github.com/serverkraken/flow/internal/tui/docs.go:535.32,538.4 2 1
github.com/serverkraken/flow/internal/tui/docs.go:539.3,539.42 1 1
github.com/serverkraken/flow/internal/tui/docs.go:539.42,542.4 2 1
github.com/serverkraken/flow/internal/tui/docs.go:543.3,544.37 2 0
github.com/serverkraken/flow/internal/tui/docs.go:545.26,547.46 1 1
github.com/serverkraken/flow/internal/tui/docs.go:547.46,549.4 1 1
github.com/serverkraken/flow/internal/tui/docs.go:550.3,550.16 1 1
github.com/serverkraken/flow/internal/tui/docs.go:551.34,552.18 1 1
github.com/serverkraken/flow/internal/tui/docs.go:553.16,554.35 1 1
github.com/serverkraken/flow/internal/tui/docs.go:555.17,556.37 1 1
github.com/serverkraken/flow/internal/tui/docs.go:558.3,558.16 1 1
github.com/serverkraken/flow/internal/tui/docs.go:559.20,560.18 1 1
github.com/serverkraken/flow/internal/tui/docs.go:561.16,562.23 1 1
github.com/serverkraken/flow/internal/tui/docs.go:563.17,564.24 1 1
github.com/serverkraken/flow/internal/tui/docs.go:566.3,566.16 1 1
github.com/serverkraken/flow/internal/tui/docs.go:568.2,568.15 1 0
github.com/serverkraken/flow/internal/tui/docs.go:571.51,573.24 2 1
github.com/serverkraken/flow/internal/tui/docs.go:573.24,576.3 2 1
github.com/serverkraken/flow/internal/tui/docs.go:579.76,580.9 1 1
github.com/serverkraken/flow/internal/tui/docs.go:581.21,583.23 2 1
github.com/serverkraken/flow/internal/tui/docs.go:583.23,585.4 1 0
github.com/serverkraken/flow/internal/tui/docs.go:586.3,586.42 1 1
github.com/serverkraken/flow/internal/tui/docs.go:587.45,589.16 2 1
github.com/serverkraken/flow/internal/tui/docs.go:591.2,591.15 1 0
github.com/serverkraken/flow/internal/tui/docs.go:594.76,595.9 1 1
github.com/serverkraken/flow/internal/tui/docs.go:596.28,598.16 2 1
github.com/serverkraken/flow/internal/tui/docs.go:599.21,600.43 1 0
github.com/serverkraken/flow/internal/tui/docs.go:600.43,602.4 1 0
github.com/serverkraken/flow/internal/tui/docs.go:603.3,603.16 1 0
github.com/serverkraken/flow/internal/tui/docs.go:604.21,605.25 1 0
github.com/serverkraken/flow/internal/tui/docs.go:605.25,607.4 1 0
github.com/serverkraken/flow/internal/tui/docs.go:608.3,608.16 1 0
github.com/serverkraken/flow/internal/tui/docs.go:609.21,610.41 1 1
github.com/serverkraken/flow/internal/tui/docs.go:610.41,612.4 1 1
github.com/serverkraken/flow/internal/tui/docs.go:613.3,613.16 1 1
github.com/serverkraken/flow/internal/tui/docs.go:614.21,616.16 2 1
github.com/serverkraken/flow/internal/tui/docs.go:617.30,621.23 4 1
github.com/serverkraken/flow/internal/tui/docs.go:623.2,623.15 1 0
github.com/serverkraken/flow/internal/tui/docs.go:626.76,627.9 1 1
github.com/serverkraken/flow/internal/tui/docs.go:628.28,632.16 4 1
github.com/serverkraken/flow/internal/tui/docs.go:633.30,634.19 1 0
github.com/serverkraken/flow/internal/tui/docs.go:634.19,635.46 1 0
github.com/serverkraken/flow/internal/tui/docs.go:635.46,637.5 1 0
github.com/serverkraken/flow/internal/tui/docs.go:638.4,638.40 1 0
github.com/serverkraken/flow/internal/tui/docs.go:640.3,640.29 1 0
github.com/serverkraken/flow/internal/tui/docs.go:640.29,642.4 1 0
github.com/serverkraken/flow/internal/tui/docs.go:643.3,643.59 1 0
github.com/serverkraken/flow/internal/tui/docs.go:644.36,645.40 1 0
github.com/serverkraken/flow/internal/tui/docs.go:645.40,647.4 1 0
github.com/serverkraken/flow/internal/tui/docs.go:648.3,648.16 1 0
github.com/serverkraken/flow/internal/tui/docs.go:649.36,650.22 1 0
github.com/serverkraken/flow/internal/tui/docs.go:650.22,652.4 1 0
github.com/serverkraken/flow/internal/tui/docs.go:653.3,653.16 1 0
github.com/serverkraken/flow/internal/tui/docs.go:654.50,656.16 2 0
github.com/serverkraken/flow/internal/tui/docs.go:657.36,659.16 2 1
github.com/serverkraken/flow/internal/tui/docs.go:661.2,661.15 1 0
github.com/serverkraken/flow/internal/tui/docs.go:665.48,666.23 1 1
github.com/serverkraken/flow/internal/tui/docs.go:666.23,667.13 1 1
github.com/serverkraken/flow/internal/tui/docs.go:667.13,669.4 1 1
github.com/serverkraken/flow/internal/tui/docs.go:671.2,671.22 1 1
github.com/serverkraken/flow/internal/tui/docs.go:675.46,676.23 1 0
github.com/serverkraken/flow/internal/tui/docs.go:676.23,677.13 1 0
github.com/serverkraken/flow/internal/tui/docs.go:677.13,679.4 1 0
github.com/serverkraken/flow/internal/tui/docs.go:681.2,681.14 1 0
github.com/serverkraken/flow/internal/tui/docs.go:684.61,685.33 1 1
github.com/serverkraken/flow/internal/tui/docs.go:685.33,686.13 1 1
github.com/serverkraken/flow/internal/tui/docs.go:686.13,688.4 1 1
github.com/serverkraken/flow/internal/tui/docs.go:690.2,690.24 1 0
github.com/serverkraken/flow/internal/tui/docs.go:693.32,695.17 2 1
github.com/serverkraken/flow/internal/tui/docs.go:695.17,697.3 1 1
github.com/serverkraken/flow/internal/tui/docs.go:698.2,698.29 1 1
github.com/serverkraken/flow/internal/tui/docs.go:720.91,728.48 4 1
github.com/serverkraken/flow/internal/tui/docs.go:728.48,729.70 1 1
github.com/serverkraken/flow/internal/tui/docs.go:729.70,730.28 1 1
github.com/serverkraken/flow/internal/tui/docs.go:730.28,731.13 1 0
github.com/serverkraken/flow/internal/tui/docs.go:733.4,735.19 3 1
github.com/serverkraken/flow/internal/tui/docs.go:735.19,737.5 1 1
github.com/serverkraken/flow/internal/tui/docs.go:738.4,738.19 1 1
github.com/serverkraken/flow/internal/tui/docs.go:738.19,740.5 1 0
github.com/serverkraken/flow/internal/tui/docs.go:741.4,741.102 1 1
github.com/serverkraken/flow/internal/tui/docs.go:744.2,744.40 1 1
github.com/serverkraken/flow/internal/tui/docs.go:744.40,746.3 1 1
github.com/serverkraken/flow/internal/tui/docs.go:747.2,747.34 1 1
github.com/serverkraken/flow/internal/tui/docs.go:747.34,748.39 1 1
github.com/serverkraken/flow/internal/tui/docs.go:748.39,749.39 1 1
github.com/serverkraken/flow/internal/tui/docs.go:749.39,751.5 1 0
github.com/serverkraken/flow/internal/tui/docs.go:754.2,755.26 2 1
github.com/serverkraken/flow/internal/tui/docs.go:755.26,757.3 1 1
github.com/serverkraken/flow/internal/tui/docs.go:758.2,758.12 1 1
github.com/serverkraken/flow/internal/tui/docs.go:764.131,771.48 3 1
github.com/serverkraken/flow/internal/tui/docs.go:771.48,774.24 3 1
github.com/serverkraken/flow/internal/tui/docs.go:774.24,776.4 1 0
github.com/serverkraken/flow/internal/tui/docs.go:777.3,777.18 1 1
github.com/serverkraken/flow/internal/tui/docs.go:777.18,779.4 1 1
github.com/serverkraken/flow/internal/tui/docs.go:780.3,781.9 2 1
github.com/serverkraken/flow/internal/tui/docs.go:781.9,783.4 1 0
github.com/serverkraken/flow/internal/tui/docs.go:783.9,785.4 1 1
github.com/serverkraken/flow/internal/tui/docs.go:786.3,786.53 1 1
github.com/serverkraken/flow/internal/tui/docs.go:788.2,788.40 1 1
github.com/serverkraken/flow/internal/tui/docs.go:788.40,791.3 2 0
github.com/serverkraken/flow/internal/tui/docs.go:792.2,792.20 1 1
github.com/serverkraken/flow/internal/tui/docs.go:792.20,794.3 1 1
github.com/serverkraken/flow/internal/tui/docs.go:795.2,795.33 1 1
github.com/serverkraken/flow/internal/tui/docs.go:795.33,796.38 1 1
github.com/serverkraken/flow/internal/tui/docs.go:796.38,797.37 1 0
github.com/serverkraken/flow/internal/tui/docs.go:797.37,799.5 1 0
github.com/serverkraken/flow/internal/tui/docs.go:802.2,804.26 3 1
github.com/serverkraken/flow/internal/tui/docs.go:804.26,805.22 1 1
github.com/serverkraken/flow/internal/tui/docs.go:805.22,806.12 1 0
github.com/serverkraken/flow/internal/tui/docs.go:808.3,810.16 3 1
github.com/serverkraken/flow/internal/tui/docs.go:812.2,813.19 2 1
github.com/serverkraken/flow/internal/tui/docs.go:818.36,820.2 1 0
github.com/serverkraken/flow/internal/tui/docs.go:822.36,826.16 3 1
github.com/serverkraken/flow/internal/tui/docs.go:827.16,828.19 1 1
github.com/serverkraken/flow/internal/tui/docs.go:829.20,830.21 1 1
github.com/serverkraken/flow/internal/tui/docs.go:831.20,833.81 2 1
github.com/serverkraken/flow/internal/tui/docs.go:834.21,835.21 1 0
github.com/serverkraken/flow/internal/tui/docs.go:836.18,837.21 1 0
github.com/serverkraken/flow/internal/tui/docs.go:838.10,839.19 1 1
github.com/serverkraken/flow/internal/tui/docs.go:842.2,842.78 1 1
github.com/serverkraken/flow/internal/tui/docs.go:842.78,845.25 3 0
github.com/serverkraken/flow/internal/tui/docs.go:845.25,847.4 1 0
github.com/serverkraken/flow/internal/tui/docs.go:848.3,848.111 1 0
github.com/serverkraken/flow/internal/tui/docs.go:851.2,852.20 2 1
github.com/serverkraken/flow/internal/tui/docs.go:852.20,854.3 1 1
github.com/serverkraken/flow/internal/tui/docs.go:855.2,855.18 1 1
github.com/serverkraken/flow/internal/tui/docs.go:855.18,857.3 1 1
github.com/serverkraken/flow/internal/tui/docs.go:858.2,862.10 4 1
github.com/serverkraken/flow/internal/tui/docs.go:865.36,866.16 1 1
github.com/serverkraken/flow/internal/tui/docs.go:867.16,868.86 1 1
github.com/serverkraken/flow/internal/tui/docs.go:869.20,870.74 1 1
github.com/serverkraken/flow/internal/tui/docs.go:871.20,872.37 1 1
github.com/serverkraken/flow/internal/tui/docs.go:873.21,874.76 1 0
github.com/serverkraken/flow/internal/tui/docs.go:875.18,876.59 1 0
github.com/serverkraken/flow/internal/tui/docs.go:877.10,878.99 1 1
github.com/serverkraken/flow/internal/tui/docs.go:883.38,885.25 2 1
github.com/serverkraken/flow/internal/tui/docs.go:885.25,887.3 1 1
github.com/serverkraken/flow/internal/tui/docs.go:888.2,888.33 1 1
github.com/serverkraken/flow/internal/tui/docs.go:891.51,893.27 2 1
github.com/serverkraken/flow/internal/tui/docs.go:893.27,895.3 1 0
github.com/serverkraken/flow/internal/tui/docs.go:896.2,896.22 1 1
github.com/serverkraken/flow/internal/tui/docs.go:896.22,899.3 2 1
github.com/serverkraken/flow/internal/tui/docs.go:900.2,900.27 1 1
github.com/serverkraken/flow/internal/tui/docs.go:900.27,902.22 2 1
github.com/serverkraken/flow/internal/tui/docs.go:902.22,904.4 1 0
github.com/serverkraken/flow/internal/tui/docs.go:905.3,905.17 1 1
github.com/serverkraken/flow/internal/tui/docs.go:905.17,908.4 2 1
github.com/serverkraken/flow/internal/tui/docs.go:908.9,911.4 2 1
github.com/serverkraken/flow/internal/tui/docs.go:915.51,916.22 1 1
github.com/serverkraken/flow/internal/tui/docs.go:916.22,919.3 2 0
github.com/serverkraken/flow/internal/tui/docs.go:920.2,922.21 3 1
github.com/serverkraken/flow/internal/tui/docs.go:922.21,924.3 1 1
github.com/serverkraken/flow/internal/tui/docs.go:925.2,927.58 3 1
github.com/serverkraken/flow/internal/tui/docs.go:927.58,929.3 1 1
github.com/serverkraken/flow/internal/tui/docs.go:930.2,930.35 1 1
github.com/serverkraken/flow/internal/tui/docs.go:930.35,933.3 2 1
github.com/serverkraken/flow/internal/tui/docs.go:934.2,934.47 1 1
github.com/serverkraken/flow/internal/tui/docs.go:934.47,935.84 1 1
github.com/serverkraken/flow/internal/tui/docs.go:935.84,935.97 1 0
github.com/serverkraken/flow/internal/tui/docs.go:937.2,937.22 1 1
github.com/serverkraken/flow/internal/tui/docs.go:940.56,941.27 1 1
github.com/serverkraken/flow/internal/tui/docs.go:941.27,943.3 1 1
github.com/serverkraken/flow/internal/tui/docs.go:944.2,945.32 2 0
github.com/serverkraken/flow/internal/tui/docs.go:945.32,948.18 3 0
github.com/serverkraken/flow/internal/tui/docs.go:948.18,950.4 1 0
github.com/serverkraken/flow/internal/tui/docs.go:950.9,952.4 1 0
github.com/serverkraken/flow/internal/tui/docs.go:953.3,953.29 1 0
github.com/serverkraken/flow/internal/tui/docs.go:957.53,959.28 2 0
github.com/serverkraken/flow/internal/tui/docs.go:959.28,962.3 2 0
github.com/serverkraken/flow/internal/tui/docs.go:963.2,963.34 1 0
github.com/serverkraken/flow/internal/tui/docs.go:963.34,965.40 2 0
github.com/serverkraken/flow/internal/tui/docs.go:965.40,967.4 1 0
github.com/serverkraken/flow/internal/tui/docs.go:968.3,969.26 2 0
github.com/serverkraken/flow/internal/tui/docs.go:969.26,971.4 1 0
github.com/serverkraken/flow/internal/tui/docs.go:972.3,972.29 1 0
github.com/serverkraken/flow/internal/tui/docs.go:976.53,977.18 1 1
github.com/serverkraken/flow/internal/tui/docs.go:977.18,980.3 2 0
github.com/serverkraken/flow/internal/tui/docs.go:981.2,982.28 2 1
github.com/serverkraken/flow/internal/tui/docs.go:982.28,985.3 2 0
github.com/serverkraken/flow/internal/tui/docs.go:986.2,986.33 1 1
github.com/serverkraken/flow/internal/tui/docs.go:986.33,988.23 2 1
github.com/serverkraken/flow/internal/tui/docs.go:988.23,990.4 1 1
github.com/serverkraken/flow/internal/tui/docs.go:990.9,992.4 1 0
github.com/serverkraken/flow/internal/tui/docs.go:993.3,994.61 2 1
github.com/serverkraken/flow/internal/tui/docs.go:999.40,1001.6 2 1
github.com/serverkraken/flow/internal/tui/docs.go:1001.6,1003.12 2 1
github.com/serverkraken/flow/internal/tui/docs.go:1003.12,1005.9 2 1
github.com/serverkraken/flow/internal/tui/docs.go:1007.3,1008.21 2 1
github.com/serverkraken/flow/internal/tui/docs.go:1008.21,1014.9 4 1
github.com/serverkraken/flow/internal/tui/docs.go:1016.3,1018.37 3 1
github.com/serverkraken/flow/internal/tui/docs.go:1020.2,1020.21 1 1
github.com/serverkraken/flow/internal/tui/docs.go:1023.53,1028.2 4 1
github.com/serverkraken/flow/internal/tui/docs.go:1030.55,1032.12 2 1
github.com/serverkraken/flow/internal/tui/docs.go:1032.12,1034.3 1 1
github.com/serverkraken/flow/internal/tui/docs.go:1035.2,1036.12 2 1
github.com/serverkraken/flow/internal/tui/docs.go:1036.12,1038.3 1 1
github.com/serverkraken/flow/internal/tui/docs.go:1039.2,1039.61 1 1
github.com/serverkraken/flow/internal/tui/export.go:25.71,29.16 4 1
github.com/serverkraken/flow/internal/tui/export.go:30.15,32.57 2 1
github.com/serverkraken/flow/internal/tui/export.go:33.12,37.57 3 1
github.com/serverkraken/flow/internal/tui/export.go:38.17,42.65 4 1
github.com/serverkraken/flow/internal/tui/export.go:43.10,44.58 1 0
github.com/serverkraken/flow/internal/tui/export.go:49.56,51.2 1 1
github.com/serverkraken/flow/internal/tui/export.go:54.37,55.17 1 1
github.com/serverkraken/flow/internal/tui/export.go:55.17,56.48 1 0
github.com/serverkraken/flow/internal/tui/export.go:56.48,58.4 1 0
github.com/serverkraken/flow/internal/tui/export.go:60.2,60.40 1 1
github.com/serverkraken/flow/internal/tui/export.go:60.40,61.48 1 1
github.com/serverkraken/flow/internal/tui/export.go:61.48,63.4 1 1
github.com/serverkraken/flow/internal/tui/export.go:65.2,65.13 1 1
github.com/serverkraken/flow/internal/tui/export.go:69.44,72.2 2 1
github.com/serverkraken/flow/internal/tui/export.go:75.44,78.2 2 1
github.com/serverkraken/flow/internal/tui/export.go:82.56,84.26 2 1
github.com/serverkraken/flow/internal/tui/export.go:84.26,85.15 1 1
github.com/serverkraken/flow/internal/tui/export.go:85.15,87.9 2 1
github.com/serverkraken/flow/internal/tui/export.go:90.2,91.17 2 1
github.com/serverkraken/flow/internal/tui/export.go:96.35,107.2 10 1
github.com/serverkraken/flow/internal/tui/export.go:110.38,113.44 3 1
github.com/serverkraken/flow/internal/tui/export.go:113.44,116.24 3 1
github.com/serverkraken/flow/internal/tui/export.go:116.24,119.4 2 1
github.com/serverkraken/flow/internal/tui/export.go:120.3,120.56 1 1
github.com/serverkraken/flow/internal/tui/export.go:122.2,128.23 7 1
github.com/serverkraken/flow/internal/tui/export.go:128.23,130.10 2 0
github.com/serverkraken/flow/internal/tui/export.go:131.46,132.16 1 0
github.com/serverkraken/flow/internal/tui/export.go:133.144,134.17 1 0
github.com/serverkraken/flow/internal/tui/export.go:136.3,136.49 1 0
github.com/serverkraken/flow/internal/tui/export.go:138.2,141.10 4 1
github.com/serverkraken/flow/internal/tui/export.go:147.72,148.9 1 1
github.com/serverkraken/flow/internal/tui/export.go:149.28,150.28 1 1
github.com/serverkraken/flow/internal/tui/export.go:150.28,152.4 1 0
github.com/serverkraken/flow/internal/tui/export.go:152.9,154.4 1 1
github.com/serverkraken/flow/internal/tui/export.go:155.3,155.16 1 1
github.com/serverkraken/flow/internal/tui/export.go:156.30,157.26 1 0
github.com/serverkraken/flow/internal/tui/export.go:158.55,160.28 2 1
github.com/serverkraken/flow/internal/tui/export.go:160.28,162.4 1 0
github.com/serverkraken/flow/internal/tui/export.go:163.3,163.32 1 1
github.com/serverkraken/flow/internal/tui/export.go:164.34,165.44 1 1
github.com/serverkraken/flow/internal/tui/export.go:165.44,166.34 1 1
github.com/serverkraken/flow/internal/tui/export.go:166.34,168.5 1 1
github.com/serverkraken/flow/internal/tui/export.go:169.4,169.12 1 0
github.com/serverkraken/flow/internal/tui/export.go:171.20,173.44 2 1
github.com/serverkraken/flow/internal/tui/export.go:173.44,173.60 1 1
github.com/serverkraken/flow/internal/tui/export.go:175.2,175.15 1 0
github.com/serverkraken/flow/internal/tui/export.go:180.42,181.20 1 1
github.com/serverkraken/flow/internal/tui/export.go:182.9,184.30 2 1
github.com/serverkraken/flow/internal/tui/export.go:184.30,186.4 1 1
github.com/serverkraken/flow/internal/tui/export.go:187.3,187.25 1 1
github.com/serverkraken/flow/internal/tui/export.go:188.9,190.25 2 1
github.com/serverkraken/flow/internal/tui/export.go:192.2,192.10 1 1
github.com/serverkraken/flow/internal/tui/export.go:197.56,198.20 1 1
github.com/serverkraken/flow/internal/tui/export.go:199.9,202.25 3 1
github.com/serverkraken/flow/internal/tui/export.go:203.9,206.25 3 0
github.com/serverkraken/flow/internal/tui/export.go:207.9,209.25 2 1
github.com/serverkraken/flow/internal/tui/export.go:211.2,211.10 1 1
github.com/serverkraken/flow/internal/tui/export.go:216.35,217.22 1 1
github.com/serverkraken/flow/internal/tui/export.go:217.22,219.3 1 1
github.com/serverkraken/flow/internal/tui/export.go:224.52,227.32 3 1
github.com/serverkraken/flow/internal/tui/export.go:227.32,230.3 2 1
github.com/serverkraken/flow/internal/tui/export.go:231.2,231.21 1 1
github.com/serverkraken/flow/internal/tui/export.go:231.21,234.3 2 1
github.com/serverkraken/flow/internal/tui/export.go:235.2,235.21 1 1
github.com/serverkraken/flow/internal/tui/export.go:235.21,238.3 2 1
github.com/serverkraken/flow/internal/tui/export.go:239.2,240.25 2 0
github.com/serverkraken/flow/internal/tui/export.go:245.36,248.24 3 1
github.com/serverkraken/flow/internal/tui/export.go:248.24,252.17 4 1
github.com/serverkraken/flow/internal/tui/export.go:252.17,254.4 1 0
github.com/serverkraken/flow/internal/tui/export.go:255.3,255.54 1 1
github.com/serverkraken/flow/internal/tui/export.go:255.54,257.4 1 0
github.com/serverkraken/flow/internal/tui/export.go:258.3,258.35 1 1
github.com/serverkraken/flow/internal/tui/stats.go:20.37,21.21 1 1
github.com/serverkraken/flow/internal/tui/stats.go:21.21,23.3 1 1
github.com/serverkraken/flow/internal/tui/stats.go:24.2,24.24 1 0
github.com/serverkraken/flow/internal/tui/stats.go:24.24,28.17 4 0
github.com/serverkraken/flow/internal/tui/stats.go:28.17,30.4 1 0
github.com/serverkraken/flow/internal/tui/stats.go:31.3,31.33 1 0
github.com/serverkraken/flow/internal/tui/stats.go:35.38,36.21 1 1
github.com/serverkraken/flow/internal/tui/stats.go:36.21,38.3 1 1
github.com/serverkraken/flow/internal/tui/stats.go:39.2,40.24 2 0
github.com/serverkraken/flow/internal/tui/stats.go:40.24,44.17 4 0
github.com/serverkraken/flow/internal/tui/stats.go:44.17,46.4 1 0
github.com/serverkraken/flow/internal/tui/stats.go:47.3,47.45 1 0
github.com/serverkraken/flow/internal/tui/stats.go:51.36,54.27 3 1
github.com/serverkraken/flow/internal/tui/stats.go:54.27,56.16 2 1
github.com/serverkraken/flow/internal/tui/stats.go:56.16,58.4 1 1
github.com/serverkraken/flow/internal/tui/stats.go:59.3,62.29 2 1
github.com/serverkraken/flow/internal/tui/stats.go:64.2,67.10 4 1
github.com/serverkraken/flow/internal/tui/stats.go:70.37,73.27 3 1
github.com/serverkraken/flow/internal/tui/stats.go:73.27,75.3 1 0
github.com/serverkraken/flow/internal/tui/stats.go:76.2,88.25 4 1
github.com/serverkraken/flow/internal/tui/stats.go:88.25,90.3 1 1
github.com/serverkraken/flow/internal/tui/stats.go:91.2,94.10 4 1
github.com/serverkraken/flow/internal/tui/stats.go:98.44,99.17 1 1
github.com/serverkraken/flow/internal/tui/stats.go:99.17,101.3 1 0
github.com/serverkraken/flow/internal/tui/stats.go:102.2,103.20 2 1
github.com/serverkraken/flow/internal/tui/stats.go:103.20,105.3 1 1
github.com/serverkraken/flow/internal/tui/stats.go:106.2,106.16 1 1
github.com/serverkraken/flow/internal/tui/stats.go:106.16,108.3 1 0
github.com/serverkraken/flow/internal/tui/stats.go:109.2,109.88 1 1
github.com/serverkraken/flow/internal/tui/weblink.go:23.43,27.63 3 1
github.com/serverkraken/flow/internal/tui/weblink.go:27.63,31.32 2 1
github.com/serverkraken/flow/internal/tui/weblink.go:31.32,33.4 1 1
github.com/serverkraken/flow/internal/tui/weblink.go:35.2,35.58 1 1
github.com/serverkraken/flow/internal/tui/weblink.go:35.58,36.20 1 1
github.com/serverkraken/flow/internal/tui/weblink.go:36.20,37.12 1 1
github.com/serverkraken/flow/internal/tui/weblink.go:39.3,42.5 2 1
github.com/serverkraken/flow/internal/tui/weblink.go:44.2,45.14 2 1
github.com/serverkraken/flow/internal/tui/weblink.go:48.41,49.17 1 1
github.com/serverkraken/flow/internal/tui/weblink.go:49.17,50.22 1 1
github.com/serverkraken/flow/internal/tui/weblink.go:51.52,52.20 1 0
github.com/serverkraken/flow/internal/tui/weblink.go:53.11,54.12 1 1
github.com/serverkraken/flow/internal/tui/weblink.go:57.2,57.10 1 0
github.com/serverkraken/flow/internal/tui/weblink.go:60.35,61.30 1 1
github.com/serverkraken/flow/internal/tui/weblink.go:61.30,62.35 1 1
github.com/serverkraken/flow/internal/tui/weblink.go:62.35,63.31 1 0
github.com/serverkraken/flow/internal/tui/weblink.go:63.31,65.5 1 0
github.com/serverkraken/flow/internal/tui/worktime.go:63.55,65.2 1 1
github.com/serverkraken/flow/internal/tui/worktime.go:81.31,83.2 1 1
github.com/serverkraken/flow/internal/tui/worktime.go:85.21,86.57 1 1
github.com/serverkraken/flow/internal/tui/worktime.go:86.57,86.78 1 0
github.com/serverkraken/flow/internal/tui/worktime.go:89.33,90.21 1 1
github.com/serverkraken/flow/internal/tui/worktime.go:90.21,92.3 1 1
github.com/serverkraken/flow/internal/tui/worktime.go:93.2,93.24 1 1
github.com/serverkraken/flow/internal/tui/worktime.go:93.24,97.17 4 1
github.com/serverkraken/flow/internal/tui/worktime.go:97.17,99.4 1 0
github.com/serverkraken/flow/internal/tui/worktime.go:100.3,101.17 2 1
github.com/serverkraken/flow/internal/tui/worktime.go:101.17,103.4 1 0
github.com/serverkraken/flow/internal/tui/worktime.go:104.3,104.76 1 1
github.com/serverkraken/flow/internal/tui/worktime.go:108.38,109.21 1 1
github.com/serverkraken/flow/internal/tui/worktime.go:109.21,111.3 1 1
github.com/serverkraken/flow/internal/tui/worktime.go:112.2,112.24 1 0
github.com/serverkraken/flow/internal/tui/worktime.go:112.24,116.17 4 0
github.com/serverkraken/flow/internal/tui/worktime.go:116.17,118.4 1 0
github.com/serverkraken/flow/internal/tui/worktime.go:119.3,120.17 2 0
github.com/serverkraken/flow/internal/tui/worktime.go:120.17,122.4 1 0
github.com/serverkraken/flow/internal/tui/worktime.go:123.3,123.52 1 0
github.com/serverkraken/flow/internal/tui/worktime.go:127.36,128.21 1 1
github.com/serverkraken/flow/internal/tui/worktime.go:128.21,130.3 1 1
github.com/serverkraken/flow/internal/tui/worktime.go:131.2,131.24 1 0
github.com/serverkraken/flow/internal/tui/worktime.go:131.24,133.17 2 0
github.com/serverkraken/flow/internal/tui/worktime.go:133.17,135.4 1 0
github.com/serverkraken/flow/internal/tui/worktime.go:136.3,136.28 1 0
github.com/serverkraken/flow/internal/tui/worktime.go:140.60,141.24 1 1
github.com/serverkraken/flow/internal/tui/worktime.go:141.24,143.10 2 1
github.com/serverkraken/flow/internal/tui/worktime.go:143.10,145.4 1 0
github.com/serverkraken/flow/internal/tui/worktime.go:146.3,146.22 1 1
github.com/serverkraken/flow/internal/tui/worktime.go:150.35,151.24 1 1
github.com/serverkraken/flow/internal/tui/worktime.go:151.24,154.68 3 1
github.com/serverkraken/flow/internal/tui/worktime.go:154.68,156.4 1 0
github.com/serverkraken/flow/internal/tui/worktime.go:157.3,157.13 1 1
github.com/serverkraken/flow/internal/tui/worktime.go:161.61,162.24 1 1
github.com/serverkraken/flow/internal/tui/worktime.go:162.24,165.76 3 1
github.com/serverkraken/flow/internal/tui/worktime.go:165.76,167.4 1 0
github.com/serverkraken/flow/internal/tui/worktime.go:168.3,168.13 1 1
github.com/serverkraken/flow/internal/tui/worktime.go:172.65,173.24 1 1
github.com/serverkraken/flow/internal/tui/worktime.go:173.24,177.17 4 1
github.com/serverkraken/flow/internal/tui/worktime.go:177.17,179.4 1 0
github.com/serverkraken/flow/internal/tui/worktime.go:180.3,180.71 1 1
github.com/serverkraken/flow/internal/tui/worktime.go:180.71,182.4 1 0
github.com/serverkraken/flow/internal/tui/worktime.go:183.3,183.13 1 1
github.com/serverkraken/flow/internal/tui/worktime.go:187.57,188.27 1 1
github.com/serverkraken/flow/internal/tui/worktime.go:189.15,192.58 3 1
github.com/serverkraken/flow/internal/tui/worktime.go:192.58,194.4 1 0
github.com/serverkraken/flow/internal/tui/worktime.go:195.3,195.19 1 1
github.com/serverkraken/flow/internal/tui/worktime.go:196.17,201.29 5 1
github.com/serverkraken/flow/internal/tui/worktime.go:201.29,202.31 1 1
github.com/serverkraken/flow/internal/tui/worktime.go:202.31,205.5 2 1
github.com/serverkraken/flow/internal/tui/worktime.go:207.3,207.16 1 1
github.com/serverkraken/flow/internal/tui/worktime.go:208.22,210.33 2 1
github.com/serverkraken/flow/internal/tui/worktime.go:211.22,215.16 4 1
github.com/serverkraken/flow/internal/tui/worktime.go:216.16,218.17 2 1
github.com/serverkraken/flow/internal/tui/worktime.go:218.17,220.4 1 0
github.com/serverkraken/flow/internal/tui/worktime.go:221.3,221.18 1 1
github.com/serverkraken/flow/internal/tui/worktime.go:221.18,223.4 1 0
github.com/serverkraken/flow/internal/tui/worktime.go:224.3,224.31 1 1
github.com/serverkraken/flow/internal/tui/worktime.go:225.24,227.16 2 1
github.com/serverkraken/flow/internal/tui/worktime.go:228.25,230.16 2 1
github.com/serverkraken/flow/internal/tui/worktime.go:231.24,232.31 1 0
github.com/serverkraken/flow/internal/tui/worktime.go:233.21,235.16 2 0
github.com/serverkraken/flow/internal/tui/worktime.go:236.22,239.16 3 1
github.com/serverkraken/flow/internal/tui/worktime.go:240.21,242.16 2 1
github.com/serverkraken/flow/internal/tui/worktime.go:243.20,245.16 2 1
github.com/serverkraken/flow/internal/tui/worktime.go:246.14,248.16 2 1
github.com/serverkraken/flow/internal/tui/worktime.go:249.23,250.26 1 1
github.com/serverkraken/flow/internal/tui/worktime.go:252.2,252.15 1 1
github.com/serverkraken/flow/internal/tui/worktime.go:255.66,256.15 1 1
github.com/serverkraken/flow/internal/tui/worktime.go:256.15,258.3 1 1
github.com/serverkraken/flow/internal/tui/worktime.go:259.2,259.18 1 1
github.com/serverkraken/flow/internal/tui/worktime.go:259.18,260.27 1 1
github.com/serverkraken/flow/internal/tui/worktime.go:260.27,263.4 2 1
github.com/serverkraken/flow/internal/tui/worktime.go:264.3,264.30 1 1
github.com/serverkraken/flow/internal/tui/worktime.go:266.2,266.31 1 1
github.com/serverkraken/flow/internal/tui/worktime.go:266.31,267.10 1 1
github.com/serverkraken/flow/internal/tui/worktime.go:268.29,271.17 3 1
github.com/serverkraken/flow/internal/tui/worktime.go:272.65,273.22 1 0
github.com/serverkraken/flow/internal/tui/worktime.go:274.37,276.29 2 1
github.com/serverkraken/flow/internal/tui/worktime.go:277.37,279.29 2 1
github.com/serverkraken/flow/internal/tui/worktime.go:281.3,281.16 1 1
github.com/serverkraken/flow/internal/tui/worktime.go:283.2,283.9 1 1
github.com/serverkraken/flow/internal/tui/worktime.go:284.64,285.21 1 1
github.com/serverkraken/flow/internal/tui/worktime.go:286.21,287.42 1 1
github.com/serverkraken/flow/internal/tui/worktime.go:287.42,289.4 1 1
github.com/serverkraken/flow/internal/tui/worktime.go:290.3,291.25 2 0
github.com/serverkraken/flow/internal/tui/worktime.go:292.21,293.23 1 1
github.com/serverkraken/flow/internal/tui/worktime.go:293.23,295.4 1 1
github.com/serverkraken/flow/internal/tui/worktime.go:296.3,299.16 4 1
github.com/serverkraken/flow/internal/tui/worktime.go:300.21,302.61 2 1
github.com/serverkraken/flow/internal/tui/worktime.go:303.65,306.16 3 1
github.com/serverkraken/flow/internal/tui/worktime.go:307.21,308.30 1 1
github.com/serverkraken/flow/internal/tui/worktime.go:309.21,311.27 2 1
github.com/serverkraken/flow/internal/tui/worktime.go:312.21,314.23 2 1
github.com/serverkraken/flow/internal/tui/worktime.go:314.23,316.4 1 1
github.com/serverkraken/flow/internal/tui/worktime.go:317.3,317.28 1 1
github.com/serverkraken/flow/internal/tui/worktime.go:318.21,319.29 1 1
github.com/serverkraken/flow/internal/tui/worktime.go:321.2,321.15 1 0
github.com/serverkraken/flow/internal/tui/worktime.go:324.73,325.9 1 1
github.com/serverkraken/flow/internal/tui/worktime.go:326.28,328.16 2 1
github.com/serverkraken/flow/internal/tui/worktime.go:329.30,332.41 3 1
github.com/serverkraken/flow/internal/tui/worktime.go:332.41,334.4 1 0
github.com/serverkraken/flow/internal/tui/worktime.go:335.3,335.27 1 1
github.com/serverkraken/flow/internal/tui/worktime.go:335.27,338.4 2 1
github.com/serverkraken/flow/internal/tui/worktime.go:339.3,339.48 1 0
github.com/serverkraken/flow/internal/tui/worktime.go:340.34,341.41 1 1
github.com/serverkraken/flow/internal/tui/worktime.go:341.41,343.4 1 1
github.com/serverkraken/flow/internal/tui/worktime.go:344.3,344.16 1 1
github.com/serverkraken/flow/internal/tui/worktime.go:345.40,346.32 1 1
github.com/serverkraken/flow/internal/tui/worktime.go:346.32,348.4 1 1
github.com/serverkraken/flow/internal/tui/worktime.go:349.3,349.16 1 1
github.com/serverkraken/flow/internal/tui/worktime.go:350.40,351.16 1 1
github.com/serverkraken/flow/internal/tui/worktime.go:351.16,353.4 1 1
github.com/serverkraken/flow/internal/tui/worktime.go:354.3,354.16 1 1
github.com/serverkraken/flow/internal/tui/worktime.go:355.20,357.16 2 1
github.com/serverkraken/flow/internal/tui/worktime.go:359.2,359.15 1 0
github.com/serverkraken/flow/internal/tui/worktime.go:362.32,363.18 1 1
github.com/serverkraken/flow/internal/tui/worktime.go:363.18,365.3 1 1
github.com/serverkraken/flow/internal/tui/worktime.go:366.2,366.16 1 1
github.com/serverkraken/flow/internal/tui/worktime.go:366.16,368.3 1 1
github.com/serverkraken/flow/internal/tui/worktime.go:369.2,369.17 1 1
github.com/serverkraken/flow/internal/tui/worktime.go:369.17,371.3 1 1
github.com/serverkraken/flow/internal/tui/worktime.go:372.2,372.19 1 1
github.com/serverkraken/flow/internal/tui/worktime.go:372.19,374.3 1 1
github.com/serverkraken/flow/internal/tui/worktime.go:375.2,378.22 3 1
github.com/serverkraken/flow/internal/tui/worktime.go:378.22,381.3 2 1
github.com/serverkraken/flow/internal/tui/worktime.go:381.8,383.3 1 1
github.com/serverkraken/flow/internal/tui/worktime.go:385.2,385.19 1 1
github.com/serverkraken/flow/internal/tui/worktime.go:385.19,390.17 5 1
github.com/serverkraken/flow/internal/tui/worktime.go:390.17,392.4 1 1
github.com/serverkraken/flow/internal/tui/worktime.go:392.9,394.4 1 1
github.com/serverkraken/flow/internal/tui/worktime.go:395.3,395.31 1 1
github.com/serverkraken/flow/internal/tui/worktime.go:395.31,398.4 2 1
github.com/serverkraken/flow/internal/tui/worktime.go:400.2,402.15 2 1
github.com/serverkraken/flow/internal/tui/worktime.go:402.15,404.32 2 1
github.com/serverkraken/flow/internal/tui/worktime.go:404.32,406.37 2 1
github.com/serverkraken/flow/internal/tui/worktime.go:406.37,408.5 1 1
github.com/serverkraken/flow/internal/tui/worktime.go:409.4,409.30 1 1
github.com/serverkraken/flow/internal/tui/worktime.go:411.3,412.112 2 1
github.com/serverkraken/flow/internal/tui/worktime.go:413.8,415.27 2 1
github.com/serverkraken/flow/internal/tui/worktime.go:415.27,417.4 1 1
github.com/serverkraken/flow/internal/tui/worktime.go:418.3,418.32 1 1
github.com/serverkraken/flow/internal/tui/worktime.go:418.32,420.19 2 1
github.com/serverkraken/flow/internal/tui/worktime.go:420.19,422.5 1 1
github.com/serverkraken/flow/internal/tui/worktime.go:423.4,423.101 1 1
github.com/serverkraken/flow/internal/tui/worktime.go:427.2,428.18 2 1
github.com/serverkraken/flow/internal/tui/worktime.go:428.18,430.3 1 1
github.com/serverkraken/flow/internal/tui/worktime.go:431.2,435.10 4 1
github.com/serverkraken/flow/internal/tui/worktime.go:438.37,439.11 1 1
github.com/serverkraken/flow/internal/tui/worktime.go:439.11,441.3 1 1
github.com/serverkraken/flow/internal/tui/worktime.go:442.2,442.70 1 1
github.com/serverkraken/flow/internal/tui/worktime.go:445.31,446.13 1 1
github.com/serverkraken/flow/internal/tui/worktime.go:446.13,448.3 1 1
github.com/serverkraken/flow/internal/tui/worktime.go:449.2,449.10 1 1
github.com/serverkraken/flow/internal/tui/worktime.go:452.29,453.13 1 1
github.com/serverkraken/flow/internal/tui/worktime.go:453.13,455.3 1 1
github.com/serverkraken/flow/internal/tui/worktime.go:456.2,456.49 1 1
github.com/serverkraken/flow/internal/tui/worktime.go:459.31,461.13 2 1
github.com/serverkraken/flow/internal/tui/worktime.go:461.13,464.3 2 1
github.com/serverkraken/flow/internal/tui/worktime.go:465.2,465.57 1 1
github.com/serverkraken/flow/internal/tui/screen/worktime/dialogs.go:28.59,29.19 1 1
github.com/serverkraken/flow/internal/tui/screen/worktime/dialogs.go:29.19,31.28 2 1
github.com/serverkraken/flow/internal/tui/screen/worktime/dialogs.go:31.28,34.64 3 1
github.com/serverkraken/flow/internal/tui/screen/worktime/dialogs.go:34.64,36.5 1 0
github.com/serverkraken/flow/internal/tui/screen/worktime/dialogs.go:37.4,37.22 1 1
github.com/serverkraken/flow/internal/tui/screen/worktime/dialogs.go:40.2,43.27 4 1
github.com/serverkraken/flow/internal/tui/screen/worktime/dialogs.go:43.27,48.3 4 0
github.com/serverkraken/flow/internal/tui/screen/worktime/dialogs.go:51.80,52.18 1 1
github.com/serverkraken/flow/internal/tui/screen/worktime/dialogs.go:53.21,54.31 1 1
github.com/serverkraken/flow/internal/tui/screen/worktime/dialogs.go:55.18,56.28 1 0
github.com/serverkraken/flow/internal/tui/screen/worktime/dialogs.go:57.20,60.16 3 0
github.com/serverkraken/flow/internal/tui/screen/worktime/dialogs.go:62.2,62.15 1 0
github.com/serverkraken/flow/internal/tui/screen/worktime/dialogs.go:65.81,66.9 1 1
github.com/serverkraken/flow/internal/tui/screen/worktime/dialogs.go:67.28,69.16 2 0
github.com/serverkraken/flow/internal/tui/screen/worktime/dialogs.go:70.30,75.17 5 1
github.com/serverkraken/flow/internal/tui/screen/worktime/dialogs.go:75.17,76.29 1 0
github.com/serverkraken/flow/internal/tui/screen/worktime/dialogs.go:76.29,80.19 4 0
github.com/serverkraken/flow/internal/tui/screen/worktime/dialogs.go:80.19,82.6 1 0
github.com/serverkraken/flow/internal/tui/screen/worktime/dialogs.go:83.5,83.61 1 0
github.com/serverkraken/flow/internal/tui/screen/worktime/dialogs.go:83.61,85.6 1 0
github.com/serverkraken/flow/internal/tui/screen/worktime/dialogs.go:86.5,86.23 1 0
github.com/serverkraken/flow/internal/tui/screen/worktime/dialogs.go:89.3,89.35 1 1
github.com/serverkraken/flow/internal/tui/screen/worktime/dialogs.go:89.35,93.4 3 0
github.com/serverkraken/flow/internal/tui/screen/worktime/dialogs.go:94.3,94.47 1 1
github.com/serverkraken/flow/internal/tui/screen/worktime/dialogs.go:94.47,96.4 1 0
github.com/serverkraken/flow/internal/tui/screen/worktime/dialogs.go:97.3,98.28 2 1
github.com/serverkraken/flow/internal/tui/screen/worktime/dialogs.go:98.28,101.59 3 1
github.com/serverkraken/flow/internal/tui/screen/worktime/dialogs.go:101.59,103.5 1 0
github.com/serverkraken/flow/internal/tui/screen/worktime/dialogs.go:104.4,104.22 1 1
github.com/serverkraken/flow/internal/tui/screen/worktime/dialogs.go:106.34,107.51 1 0
github.com/serverkraken/flow/internal/tui/screen/worktime/dialogs.go:107.51,109.4 1 0
github.com/serverkraken/flow/internal/tui/screen/worktime/dialogs.go:110.48,111.48 1 0
github.com/serverkraken/flow/internal/tui/screen/worktime/dialogs.go:111.48,113.4 1 0
github.com/serverkraken/flow/internal/tui/screen/worktime/dialogs.go:114.48,115.24 1 0
github.com/serverkraken/flow/internal/tui/screen/worktime/dialogs.go:115.24,117.4 1 0
github.com/serverkraken/flow/internal/tui/screen/worktime/dialogs.go:118.20,119.30 1 0
github.com/serverkraken/flow/internal/tui/screen/worktime/dialogs.go:121.2,121.15 1 0
github.com/serverkraken/flow/internal/tui/screen/worktime/dialogs.go:131.56,132.37 1 1
github.com/serverkraken/flow/internal/tui/screen/worktime/dialogs.go:132.37,134.3 1 1
github.com/serverkraken/flow/internal/tui/screen/worktime/dialogs.go:135.2,147.15 13 1
github.com/serverkraken/flow/internal/tui/screen/worktime/dialogs.go:150.78,151.9 1 0
github.com/serverkraken/flow/internal/tui/screen/worktime/dialogs.go:152.28,154.16 2 0
github.com/serverkraken/flow/internal/tui/screen/worktime/dialogs.go:155.60,157.16 2 0
github.com/serverkraken/flow/internal/tui/screen/worktime/dialogs.go:158.53,160.16 2 0
github.com/serverkraken/flow/internal/tui/screen/worktime/dialogs.go:161.27,163.16 2 0
github.com/serverkraken/flow/internal/tui/screen/worktime/dialogs.go:164.30,165.39 1 0
github.com/serverkraken/flow/internal/tui/screen/worktime/dialogs.go:165.39,167.4 1 0
github.com/serverkraken/flow/internal/tui/screen/worktime/dialogs.go:168.3,169.16 2 0
github.com/serverkraken/flow/internal/tui/screen/worktime/dialogs.go:171.2,173.15 3 0
github.com/serverkraken/flow/internal/tui/screen/worktime/dialogs.go:176.39,181.2 4 0
github.com/serverkraken/flow/internal/tui/screen/worktime/dialogs.go:183.43,189.16 6 1
github.com/serverkraken/flow/internal/tui/screen/worktime/dialogs.go:189.16,192.3 2 0
github.com/serverkraken/flow/internal/tui/screen/worktime/dialogs.go:193.2,196.16 4 1
github.com/serverkraken/flow/internal/tui/screen/worktime/dialogs.go:196.16,199.3 2 0
github.com/serverkraken/flow/internal/tui/screen/worktime/dialogs.go:200.2,203.24 4 1
github.com/serverkraken/flow/internal/tui/screen/worktime/dialogs.go:203.24,206.91 3 1
github.com/serverkraken/flow/internal/tui/screen/worktime/dialogs.go:206.91,208.4 1 0
github.com/serverkraken/flow/internal/tui/screen/worktime/dialogs.go:209.3,209.21 1 1
github.com/serverkraken/flow/internal/tui/screen/worktime/dialogs.go:215.58,216.37 1 1
github.com/serverkraken/flow/internal/tui/screen/worktime/dialogs.go:216.37,218.3 1 1
github.com/serverkraken/flow/internal/tui/screen/worktime/dialogs.go:219.2,224.15 4 1
github.com/serverkraken/flow/internal/tui/screen/worktime/dialogs.go:227.57,228.18 1 1
github.com/serverkraken/flow/internal/tui/screen/worktime/dialogs.go:229.21,230.28 1 1
github.com/serverkraken/flow/internal/tui/screen/worktime/dialogs.go:231.18,232.25 1 1
github.com/serverkraken/flow/internal/tui/screen/worktime/dialogs.go:233.20,234.32 1 1
github.com/serverkraken/flow/internal/tui/screen/worktime/dialogs.go:236.2,236.11 1 0
github.com/serverkraken/flow/internal/tui/screen/worktime/dialogs.go:239.58,242.29 3 1
github.com/serverkraken/flow/internal/tui/screen/worktime/dialogs.go:242.29,244.3 1 0
github.com/serverkraken/flow/internal/tui/screen/worktime/dialogs.go:244.8,245.40 1 1
github.com/serverkraken/flow/internal/tui/screen/worktime/dialogs.go:245.40,247.4 1 1
github.com/serverkraken/flow/internal/tui/screen/worktime/dialogs.go:249.2,249.19 1 1
github.com/serverkraken/flow/internal/tui/screen/worktime/dialogs.go:252.55,256.33 4 1
github.com/serverkraken/flow/internal/tui/screen/worktime/dialogs.go:256.33,258.3 1 1
github.com/serverkraken/flow/internal/tui/screen/worktime/dialogs.go:259.2,259.19 1 1
github.com/serverkraken/flow/internal/tui/screen/worktime/dialogs.go:262.51,263.18 1 1
github.com/serverkraken/flow/internal/tui/screen/worktime/dialogs.go:264.21,265.120 1 1
github.com/serverkraken/flow/internal/tui/screen/worktime/dialogs.go:266.18,267.120 1 1
github.com/serverkraken/flow/internal/tui/screen/worktime/dialogs.go:268.20,269.85 1 1
github.com/serverkraken/flow/internal/tui/screen/worktime/dialogs.go:271.2,271.12 1 0
github.com/serverkraken/flow/internal/tui/screen/worktime/format.go:11.40,12.11 1 1
github.com/serverkraken/flow/internal/tui/screen/worktime/format.go:12.11,14.3 1 1
github.com/serverkraken/flow/internal/tui/screen/worktime/format.go:15.2,15.70 1 1
github.com/serverkraken/flow/internal/tui/screen/worktime/format.go:18.44,19.11 1 1
github.com/serverkraken/flow/internal/tui/screen/worktime/format.go:19.11,21.3 1 0
github.com/serverkraken/flow/internal/tui/screen/worktime/format.go:22.2,22.97 1 1
github.com/serverkraken/flow/internal/tui/screen/worktime/format.go:25.51,26.17 1 1
github.com/serverkraken/flow/internal/tui/screen/worktime/format.go:26.17,28.3 1 1
github.com/serverkraken/flow/internal/tui/screen/worktime/format.go:29.2,30.15 2 1
github.com/serverkraken/flow/internal/tui/screen/worktime/format.go:30.15,32.3 1 1
github.com/serverkraken/flow/internal/tui/screen/worktime/format.go:33.2,33.12 1 1
github.com/serverkraken/flow/internal/tui/screen/worktime/format.go:44.36,46.2 1 1
github.com/serverkraken/flow/internal/tui/screen/worktime/format.go:48.47,50.77 2 1
github.com/serverkraken/flow/internal/tui/screen/worktime/format.go:50.77,52.3 1 1
github.com/serverkraken/flow/internal/tui/screen/worktime/format.go:53.2,53.40 1 1
github.com/serverkraken/flow/internal/tui/screen/worktime/format.go:53.40,55.3 1 0
github.com/serverkraken/flow/internal/tui/screen/worktime/format.go:56.2,56.71 1 1
github.com/serverkraken/flow/internal/tui/screen/worktime/format.go:59.44,61.2 1 1
github.com/serverkraken/flow/internal/tui/screen/worktime/format.go:63.67,64.51 1 1
github.com/serverkraken/flow/internal/tui/screen/worktime/format.go:64.51,66.3 1 1
github.com/serverkraken/flow/internal/tui/screen/worktime/format.go:67.2,68.16 2 1
github.com/serverkraken/flow/internal/tui/screen/worktime/format.go:68.16,70.3 1 0
github.com/serverkraken/flow/internal/tui/screen/worktime/format.go:71.2,72.26 2 1
github.com/serverkraken/flow/internal/tui/screen/worktime/nav.go:18.80,21.27 2 1
github.com/serverkraken/flow/internal/tui/screen/worktime/nav.go:21.27,21.69 1 1
github.com/serverkraken/flow/internal/tui/screen/worktime/nav.go:22.27,22.75 1 1
github.com/serverkraken/flow/internal/tui/screen/worktime/nav.go:23.27,23.72 1 1
github.com/serverkraken/flow/internal/tui/screen/worktime/nav.go:24.27,24.76 1 1
github.com/serverkraken/flow/internal/tui/screen/worktime/nav.go:26.2,26.12 1 1
github.com/serverkraken/flow/internal/tui/screen/worktime/render.go:15.117,17.16 2 1
github.com/serverkraken/flow/internal/tui/screen/worktime/render.go:17.16,19.3 1 0
github.com/serverkraken/flow/internal/tui/screen/worktime/render.go:20.2,30.15 4 1
github.com/serverkraken/flow/internal/tui/screen/worktime/render.go:30.15,32.3 1 1
github.com/serverkraken/flow/internal/tui/screen/worktime/render.go:33.2,33.71 1 1
github.com/serverkraken/flow/internal/tui/screen/worktime/render.go:36.62,38.2 1 1
github.com/serverkraken/flow/internal/tui/screen/worktime/render.go:40.77,46.73 5 1
github.com/serverkraken/flow/internal/tui/screen/worktime/render.go:46.73,48.3 1 0
github.com/serverkraken/flow/internal/tui/screen/worktime/render.go:49.2,52.16 4 1
github.com/serverkraken/flow/internal/tui/screen/worktime/render.go:52.16,54.3 1 1
github.com/serverkraken/flow/internal/tui/screen/worktime/render.go:55.2,56.77 2 1
github.com/serverkraken/flow/internal/tui/screen/worktime/render.go:59.91,63.15 4 1
github.com/serverkraken/flow/internal/tui/screen/worktime/render.go:63.15,65.3 1 0
github.com/serverkraken/flow/internal/tui/screen/worktime/render.go:66.2,67.63 2 1
github.com/serverkraken/flow/internal/tui/screen/worktime/render.go:70.76,71.20 1 1
github.com/serverkraken/flow/internal/tui/screen/worktime/render.go:71.20,73.3 1 1
github.com/serverkraken/flow/internal/tui/screen/worktime/render.go:74.2,76.19 3 1
github.com/serverkraken/flow/internal/tui/screen/worktime/render.go:76.19,78.3 1 0
github.com/serverkraken/flow/internal/tui/screen/worktime/render.go:79.2,83.29 2 1
github.com/serverkraken/flow/internal/tui/screen/worktime/render.go:83.29,85.3 1 1
github.com/serverkraken/flow/internal/tui/screen/worktime/render.go:86.2,86.30 1 1
github.com/serverkraken/flow/internal/tui/screen/worktime/render.go:89.120,91.16 2 1
github.com/serverkraken/flow/internal/tui/screen/worktime/render.go:91.16,93.3 1 1
github.com/serverkraken/flow/internal/tui/screen/worktime/render.go:94.2,94.16 1 1
github.com/serverkraken/flow/internal/tui/screen/worktime/render.go:94.16,96.3 1 1
github.com/serverkraken/flow/internal/tui/screen/worktime/render.go:97.2,99.36 2 1
github.com/serverkraken/flow/internal/tui/screen/worktime/render.go:99.36,103.3 2 1
github.com/serverkraken/flow/internal/tui/screen/worktime/render.go:104.2,104.33 1 1
github.com/serverkraken/flow/internal/tui/screen/worktime/render.go:104.33,105.22 1 1
github.com/serverkraken/flow/internal/tui/screen/worktime/render.go:105.22,108.4 1 1
github.com/serverkraken/flow/internal/tui/screen/worktime/render.go:109.3,112.18 4 1
github.com/serverkraken/flow/internal/tui/screen/worktime/render.go:112.18,114.4 1 1
github.com/serverkraken/flow/internal/tui/screen/worktime/render.go:115.3,115.18 1 1
github.com/serverkraken/flow/internal/tui/screen/worktime/render.go:115.18,117.4 1 1
github.com/serverkraken/flow/internal/tui/screen/worktime/render.go:118.3,119.19 2 1
github.com/serverkraken/flow/internal/tui/screen/worktime/render.go:119.19,121.4 1 0
github.com/serverkraken/flow/internal/tui/screen/worktime/render.go:123.2,123.20 1 1
github.com/serverkraken/flow/internal/tui/screen/worktime/render.go:126.94,128.9 2 1
github.com/serverkraken/flow/internal/tui/screen/worktime/render.go:129.27,130.61 1 1
github.com/serverkraken/flow/internal/tui/screen/worktime/render.go:131.15,132.45 1 1
github.com/serverkraken/flow/internal/tui/screen/worktime/render.go:133.16,134.51 1 1
github.com/serverkraken/flow/internal/tui/screen/worktime/render.go:136.2,136.45 1 1
github.com/serverkraken/flow/internal/tui/screen/worktime/render.go:139.98,141.17 2 1
github.com/serverkraken/flow/internal/tui/screen/worktime/render.go:141.17,142.14 1 1
github.com/serverkraken/flow/internal/tui/screen/worktime/render.go:142.14,144.4 1 1
github.com/serverkraken/flow/internal/tui/screen/worktime/render.go:145.3,145.19 1 1
github.com/serverkraken/flow/internal/tui/screen/worktime/render.go:147.2,147.9 1 1
github.com/serverkraken/flow/internal/tui/screen/worktime/render.go:148.35,149.20 1 1
github.com/serverkraken/flow/internal/tui/screen/worktime/render.go:150.23,151.21 1 1
github.com/serverkraken/flow/internal/tui/screen/worktime/render.go:152.46,153.21 1 1
github.com/serverkraken/flow/internal/tui/screen/worktime/render.go:154.15,155.20 1 1
github.com/serverkraken/flow/internal/tui/screen/worktime/render.go:157.2,157.18 1 1
github.com/serverkraken/flow/internal/tui/screen/worktime/route.go:65.107,66.16 1 1
github.com/serverkraken/flow/internal/tui/screen/worktime/route.go:66.16,68.3 1 0
github.com/serverkraken/flow/internal/tui/screen/worktime/route.go:69.2,69.60 1 1
github.com/serverkraken/flow/internal/tui/screen/worktime/route.go:72.37,72.58 1 1
github.com/serverkraken/flow/internal/tui/screen/worktime/route.go:74.37,80.2 2 1
github.com/serverkraken/flow/internal/tui/screen/worktime/route.go:82.40,84.24 2 1
github.com/serverkraken/flow/internal/tui/screen/worktime/route.go:84.24,88.17 4 1
github.com/serverkraken/flow/internal/tui/screen/worktime/route.go:88.17,90.4 1 0
github.com/serverkraken/flow/internal/tui/screen/worktime/route.go:91.3,92.63 2 1
github.com/serverkraken/flow/internal/tui/screen/worktime/route.go:96.28,97.55 1 1
github.com/serverkraken/flow/internal/tui/screen/worktime/route.go:97.55,97.79 1 0
github.com/serverkraken/flow/internal/tui/screen/worktime/route.go:100.65,101.25 1 1
github.com/serverkraken/flow/internal/tui/screen/worktime/route.go:102.17,105.19 3 1
github.com/serverkraken/flow/internal/tui/screen/worktime/route.go:105.19,107.39 2 1
github.com/serverkraken/flow/internal/tui/screen/worktime/route.go:107.39,109.5 1 1
github.com/serverkraken/flow/internal/tui/screen/worktime/route.go:111.3,111.33 1 1
github.com/serverkraken/flow/internal/tui/screen/worktime/route.go:111.33,114.4 2 1
github.com/serverkraken/flow/internal/tui/screen/worktime/route.go:115.3,115.16 1 1
github.com/serverkraken/flow/internal/tui/screen/worktime/route.go:116.19,117.19 1 0
github.com/serverkraken/flow/internal/tui/screen/worktime/route.go:117.19,119.4 1 0
github.com/serverkraken/flow/internal/tui/screen/worktime/route.go:120.3,121.16 2 0
github.com/serverkraken/flow/internal/tui/screen/worktime/route.go:122.19,124.39 2 1
github.com/serverkraken/flow/internal/tui/screen/worktime/route.go:124.39,126.4 1 1
github.com/serverkraken/flow/internal/tui/screen/worktime/route.go:127.3,127.16 1 1
github.com/serverkraken/flow/internal/tui/screen/worktime/route.go:128.26,130.16 2 0
github.com/serverkraken/flow/internal/tui/screen/worktime/route.go:131.22,132.32 1 1
github.com/serverkraken/flow/internal/tui/screen/worktime/route.go:132.32,134.4 1 1
github.com/serverkraken/flow/internal/tui/screen/worktime/route.go:135.3,135.16 1 1
github.com/serverkraken/flow/internal/tui/screen/worktime/route.go:136.17,137.24 1 0
github.com/serverkraken/flow/internal/tui/screen/worktime/route.go:138.25,141.60 3 1
github.com/serverkraken/flow/internal/tui/screen/worktime/route.go:141.60,144.29 3 1
github.com/serverkraken/flow/internal/tui/screen/worktime/route.go:144.29,147.54 3 1
github.com/serverkraken/flow/internal/tui/screen/worktime/route.go:147.54,149.6 1 0
github.com/serverkraken/flow/internal/tui/screen/worktime/route.go:150.5,150.23 1 1
github.com/serverkraken/flow/internal/tui/screen/worktime/route.go:153.3,153.16 1 0
github.com/serverkraken/flow/internal/tui/screen/worktime/route.go:154.23,155.24 1 1
github.com/serverkraken/flow/internal/tui/screen/worktime/route.go:157.2,157.15 1 0
github.com/serverkraken/flow/internal/tui/screen/worktime/route.go:160.36,161.29 1 1
github.com/serverkraken/flow/internal/tui/screen/worktime/route.go:163.58,164.14 1 1
github.com/serverkraken/flow/internal/tui/screen/worktime/route.go:166.2,166.14 1 1
github.com/serverkraken/flow/internal/tui/screen/worktime/route.go:169.74,170.28 1 1
github.com/serverkraken/flow/internal/tui/screen/worktime/route.go:170.28,172.3 1 1
github.com/serverkraken/flow/internal/tui/screen/worktime/route.go:173.2,173.9 1 1
github.com/serverkraken/flow/internal/tui/screen/worktime/route.go:174.46,175.18 1 0
github.com/serverkraken/flow/internal/tui/screen/worktime/route.go:176.44,177.18 1 0
github.com/serverkraken/flow/internal/tui/screen/worktime/route.go:178.21,179.15 1 0
github.com/serverkraken/flow/internal/tui/screen/worktime/route.go:180.21,181.43 1 0
github.com/serverkraken/flow/internal/tui/screen/worktime/route.go:182.72,183.30 1 1
github.com/serverkraken/flow/internal/tui/screen/worktime/route.go:184.21,185.25 1 1
github.com/serverkraken/flow/internal/tui/screen/worktime/route.go:186.47,187.22 1 1
github.com/serverkraken/flow/internal/tui/screen/worktime/route.go:188.21,189.24 1 1
github.com/serverkraken/flow/internal/tui/screen/worktime/route.go:191.2,191.15 1 0
github.com/serverkraken/flow/internal/tui/screen/worktime/route.go:194.43,196.12 2 1
github.com/serverkraken/flow/internal/tui/screen/worktime/route.go:196.12,199.3 2 0
github.com/serverkraken/flow/internal/tui/screen/worktime/route.go:200.2,200.13 1 1
github.com/serverkraken/flow/internal/tui/screen/worktime/route.go:201.11,202.32 1 1
github.com/serverkraken/flow/internal/tui/screen/worktime/route.go:203.11,204.36 1 1
github.com/serverkraken/flow/internal/tui/screen/worktime/route.go:208.49,209.15 1 1
github.com/serverkraken/flow/internal/tui/screen/worktime/route.go:209.15,211.3 1 1
github.com/serverkraken/flow/internal/tui/screen/worktime/route.go:212.2,212.18 1 1
github.com/serverkraken/flow/internal/tui/screen/worktime/route.go:212.18,214.3 1 0
github.com/serverkraken/flow/internal/tui/screen/worktime/route.go:215.2,215.28 1 1
github.com/serverkraken/flow/internal/tui/screen/worktime/route.go:215.28,217.3 1 1
github.com/serverkraken/flow/internal/tui/screen/worktime/route.go:218.2,218.80 1 1
github.com/serverkraken/flow/internal/tui/screen/worktime/route.go:221.48,222.28 1 1
github.com/serverkraken/flow/internal/tui/screen/worktime/route.go:222.28,224.3 1 1
github.com/serverkraken/flow/internal/tui/screen/worktime/route.go:225.2,226.18 2 1
github.com/serverkraken/flow/internal/tui/screen/worktime/route.go:226.18,228.3 1 1
github.com/serverkraken/flow/internal/tui/screen/worktime/route.go:228.8,230.3 1 1
github.com/serverkraken/flow/internal/tui/screen/worktime/route.go:231.2,232.29 2 1
github.com/serverkraken/flow/internal/tui/screen/worktime/route.go:232.29,234.3 1 1
github.com/serverkraken/flow/internal/tui/screen/worktime/route.go:235.2,236.20 2 1
github.com/serverkraken/flow/internal/tui/screen/worktime/route.go:236.20,238.3 1 0
github.com/serverkraken/flow/internal/tui/screen/worktime/route.go:239.2,239.14 1 1
github.com/serverkraken/flow/internal/tui/screen/worktime/scroll.go:13.33,13.50 1 1
github.com/serverkraken/flow/internal/tui/screen/worktime/scroll.go:18.91,19.17 1 1
github.com/serverkraken/flow/internal/tui/screen/worktime/scroll.go:19.17,21.3 1 1
github.com/serverkraken/flow/internal/tui/screen/worktime/scroll.go:22.2,22.27 1 1
github.com/serverkraken/flow/internal/tui/screen/worktime/scroll.go:22.27,24.3 1 1
github.com/serverkraken/flow/internal/tui/screen/worktime/scroll.go:25.2,28.28 4 1
github.com/serverkraken/flow/internal/tui/screen/worktime/scroll.go:28.28,30.3 1 0
github.com/serverkraken/flow/internal/tui/screen/worktime/scroll.go:31.2,34.33 4 1
github.com/serverkraken/flow/internal/tui/screen/worktime/scroll.go:39.78,40.17 1 1
github.com/serverkraken/flow/internal/tui/screen/worktime/scroll.go:40.17,42.3 1 0
github.com/serverkraken/flow/internal/tui/screen/worktime/scroll.go:43.2,43.24 1 1
github.com/serverkraken/flow/internal/tui/screen/worktime/scroll.go:43.24,45.3 1 1
github.com/serverkraken/flow/internal/tui/screen/worktime/scroll.go:46.2,47.15 2 1
github.com/serverkraken/flow/internal/tui/screen/worktime/scroll.go:47.15,49.3 1 0
github.com/serverkraken/flow/internal/tui/screen/worktime/scroll.go:50.2,50.29 1 1
github.com/serverkraken/flow/internal/tui/screen/worktime/scroll.go:50.29,52.3 1 0
github.com/serverkraken/flow/internal/tui/screen/worktime/scroll.go:53.2,55.15 3 1
github.com/serverkraken/flow/internal/tui/screen/worktime/scroll.go:55.15,58.3 2 1
github.com/serverkraken/flow/internal/tui/screen/worktime/scroll.go:58.8,60.3 1 0
github.com/serverkraken/flow/internal/tui/screen/worktime/scroll.go:61.2,61.20 1 1
github.com/serverkraken/flow/internal/tui/screen/worktime/scroll.go:61.20,63.3 1 1
github.com/serverkraken/flow/internal/tui/screen/worktime/scroll.go:64.2,64.12 1 1
github.com/serverkraken/flow/internal/tui/screen/worktime/scroll.go:68.58,70.2 1 1
github.com/serverkraken/flow/internal/tui/screen/worktime/today_state.go:30.40,35.2 4 1
github.com/serverkraken/flow/internal/tui/screen/worktime/today_state.go:37.98,41.29 3 1
github.com/serverkraken/flow/internal/tui/screen/worktime/today_state.go:41.29,42.33 1 1
github.com/serverkraken/flow/internal/tui/screen/worktime/today_state.go:42.33,44.4 1 1
github.com/serverkraken/flow/internal/tui/screen/worktime/today_state.go:46.2,46.41 1 1
github.com/serverkraken/flow/internal/tui/screen/worktime/today_state.go:46.41,46.91 1 1
github.com/serverkraken/flow/internal/tui/screen/worktime/today_state.go:48.2,49.27 2 1
github.com/serverkraken/flow/internal/tui/screen/worktime/today_state.go:49.27,50.18 1 1
github.com/serverkraken/flow/internal/tui/screen/worktime/today_state.go:50.18,55.12 5 1
github.com/serverkraken/flow/internal/tui/screen/worktime/today_state.go:57.3,58.25 2 1
github.com/serverkraken/flow/internal/tui/screen/worktime/today_state.go:58.25,59.41 1 1
github.com/serverkraken/flow/internal/tui/screen/worktime/today_state.go:59.41,61.5 1 1
github.com/serverkraken/flow/internal/tui/screen/worktime/today_state.go:63.3,69.21 4 1
github.com/serverkraken/flow/internal/tui/screen/worktime/today_state.go:71.2,71.11 1 1
github.com/serverkraken/flow/internal/tui/screen/worktime/today_state.go:74.57,76.36 2 1
github.com/serverkraken/flow/internal/tui/screen/worktime/today_state.go:76.36,77.38 1 1
github.com/serverkraken/flow/internal/tui/screen/worktime/today_state.go:77.38,79.4 1 1
github.com/serverkraken/flow/internal/tui/screen/worktime/today_state.go:81.2,81.10 1 1
github.com/serverkraken/flow/internal/tui/screen/worktime/today_state.go:84.46,85.55 1 1
github.com/serverkraken/flow/internal/tui/screen/worktime/today_state.go:85.55,87.3 1 1
github.com/serverkraken/flow/internal/tui/screen/worktime/today_state.go:88.2,88.51 1 1
github.com/serverkraken/flow/internal/tui/screen/worktime/wtfmt/wtfmt.go:9.32,10.13 1 1
github.com/serverkraken/flow/internal/tui/screen/worktime/wtfmt/wtfmt.go:10.13,12.3 1 1
github.com/serverkraken/flow/internal/tui/screen/worktime/wtfmt/wtfmt.go:13.2,13.49 1 1
github.com/serverkraken/flow/internal/tui/screen/worktime/wtfmt/wtfmt.go:17.34,19.13 2 1
github.com/serverkraken/flow/internal/tui/screen/worktime/wtfmt/wtfmt.go:19.13,22.3 2 1
github.com/serverkraken/flow/internal/tui/screen/worktime/wtfmt/wtfmt.go:23.2,23.57 1 1
github.com/serverkraken/flow/internal/adapter/oidcdevice/device.go:19.71,21.16 2 1
github.com/serverkraken/flow/internal/adapter/oidcdevice/device.go:21.16,23.3 1 0
github.com/serverkraken/flow/internal/adapter/oidcdevice/device.go:24.2,27.41 2 1
github.com/serverkraken/flow/internal/adapter/oidcdevice/device.go:27.41,29.3 1 0
github.com/serverkraken/flow/internal/adapter/oidcdevice/device.go:30.2,30.31 1 1
github.com/serverkraken/flow/internal/adapter/oidcdevice/device.go:30.31,32.3 1 0
github.com/serverkraken/flow/internal/adapter/oidcdevice/device.go:33.2,41.9 1 1
github.com/serverkraken/flow/internal/adapter/oidcdevice/device.go:45.79,47.16 2 1
github.com/serverkraken/flow/internal/adapter/oidcdevice/device.go:47.16,49.3 1 0
github.com/serverkraken/flow/internal/adapter/oidcdevice/device.go:50.2,50.16 1 1
github.com/serverkraken/flow/internal/adapter/oidcdevice/device.go:55.96,57.16 2 1
github.com/serverkraken/flow/internal/adapter/oidcdevice/device.go:57.16,59.3 1 0
github.com/serverkraken/flow/internal/adapter/oidcdevice/device.go:60.2,60.17 1 1
github.com/serverkraken/flow/internal/adapter/oidcdevice/device.go:64.85,66.2 1 0
github.com/serverkraken/flow/internal/tui/screen/worktime/wtnav/wtnav.go:18.43,20.27 2 1
github.com/serverkraken/flow/internal/tui/screen/worktime/wtnav/wtnav.go:20.27,22.3 1 1
github.com/serverkraken/flow/internal/tui/screen/worktime/wtnav/wtnav.go:23.2,23.24 1 1
github.com/serverkraken/flow/internal/tui/screen/worktime/wtnav/wtnav.go:23.24,23.73 1 1
github.com/serverkraken/flow/internal/tui/shell/about.go:13.33,13.56 1 1
github.com/serverkraken/flow/internal/tui/shell/about.go:15.56,15.74 1 1
github.com/serverkraken/flow/internal/tui/shell/about.go:16.57,16.71 1 0
github.com/serverkraken/flow/internal/tui/shell/about.go:17.57,17.85 1 0
github.com/serverkraken/flow/internal/tui/shell/about.go:19.40,23.2 1 0
github.com/serverkraken/flow/internal/tui/shell/about.go:25.45,27.2 1 0
github.com/serverkraken/flow/internal/tui/shell/home.go:16.42,16.74 1 1
github.com/serverkraken/flow/internal/tui/shell/home.go:18.35,18.52 1 1
github.com/serverkraken/flow/internal/tui/shell/home.go:19.35,19.49 1 0
github.com/serverkraken/flow/internal/tui/shell/home.go:21.57,22.66 1 1
github.com/serverkraken/flow/internal/tui/shell/home.go:22.66,23.28 1 1
github.com/serverkraken/flow/internal/tui/shell/home.go:23.28,23.75 1 1
github.com/serverkraken/flow/internal/tui/shell/home.go:25.2,25.15 1 1
github.com/serverkraken/flow/internal/tui/shell/home.go:28.41,33.2 4 1
github.com/serverkraken/flow/internal/tui/shell/home.go:35.46,42.2 1 1
github.com/serverkraken/flow/internal/tui/shell/host.go:19.61,21.2 1 1
github.com/serverkraken/flow/internal/tui/shell/host.go:23.35,23.60 1 0
github.com/serverkraken/flow/internal/tui/shell/host.go:25.61,26.27 1 1
github.com/serverkraken/flow/internal/tui/shell/host.go:27.25,31.16 4 1
github.com/serverkraken/flow/internal/tui/shell/host.go:32.23,33.95 1 1
github.com/serverkraken/flow/internal/tui/shell/host.go:33.95,35.4 1 1
github.com/serverkraken/flow/internal/tui/shell/host.go:37.2,39.15 3 0
github.com/serverkraken/flow/internal/tui/shell/host.go:42.36,44.18 2 1
github.com/serverkraken/flow/internal/tui/shell/host.go:44.18,46.3 1 0
github.com/serverkraken/flow/internal/tui/shell/host.go:47.2,51.10 5 1
github.com/serverkraken/flow/internal/tui/shell/navstack.go:12.40,12.82 1 1
github.com/serverkraken/flow/internal/tui/shell/navstack.go:15.32,15.66 1 1
github.com/serverkraken/flow/internal/tui/shell/navstack.go:18.30,18.53 1 1
github.com/serverkraken/flow/internal/tui/shell/navstack.go:21.34,21.66 1 1
github.com/serverkraken/flow/internal/tui/shell/navstack.go:24.26,25.22 1 1
github.com/serverkraken/flow/internal/tui/shell/navstack.go:25.22,27.3 1 1
github.com/serverkraken/flow/internal/tui/shell/navstack.go:31.40,31.71 1 1
github.com/serverkraken/flow/internal/tui/shell/navstack.go:35.51,39.2 3 1
github.com/serverkraken/flow/internal/tui/shell/navstack.go:42.38,44.28 2 1
github.com/serverkraken/flow/internal/tui/shell/navstack.go:44.28,46.3 1 1
github.com/serverkraken/flow/internal/tui/shell/navstack.go:47.2,47.12 1 1
github.com/serverkraken/flow/internal/tui/shell/palette.go:33.49,35.2 1 1
github.com/serverkraken/flow/internal/tui/shell/palette.go:38.45,42.2 3 1
github.com/serverkraken/flow/internal/tui/shell/palette.go:45.34,45.59 1 1
github.com/serverkraken/flow/internal/tui/shell/palette.go:48.44,48.65 1 1
github.com/serverkraken/flow/internal/tui/shell/palette.go:51.31,51.50 1 1
github.com/serverkraken/flow/internal/tui/shell/palette.go:55.57,57.9 2 1
github.com/serverkraken/flow/internal/tui/shell/palette.go:57.9,59.3 1 0
github.com/serverkraken/flow/internal/tui/shell/palette.go:60.2,60.9 1 1
github.com/serverkraken/flow/internal/tui/shell/palette.go:61.28,62.28 1 1
github.com/serverkraken/flow/internal/tui/shell/palette.go:62.28,62.60 1 1
github.com/serverkraken/flow/internal/tui/shell/palette.go:63.30,64.27 1 1
github.com/serverkraken/flow/internal/tui/shell/palette.go:64.27,65.29 1 0
github.com/serverkraken/flow/internal/tui/shell/palette.go:65.29,65.61 1 0
github.com/serverkraken/flow/internal/tui/shell/palette.go:67.3,68.28 2 1
github.com/serverkraken/flow/internal/tui/shell/palette.go:68.28,68.71 1 1
github.com/serverkraken/flow/internal/tui/shell/palette.go:69.29,70.35 1 1
github.com/serverkraken/flow/internal/tui/shell/palette.go:70.35,72.4 1 1
github.com/serverkraken/flow/internal/tui/shell/palette.go:73.27,74.19 1 0
github.com/serverkraken/flow/internal/tui/shell/palette.go:74.19,76.4 1 0
github.com/serverkraken/flow/internal/tui/shell/palette.go:77.34,78.20 1 0
github.com/serverkraken/flow/internal/tui/shell/palette.go:78.20,81.4 2 0
github.com/serverkraken/flow/internal/tui/shell/palette.go:82.59,85.19 2 1
github.com/serverkraken/flow/internal/tui/shell/palette.go:87.2,87.15 1 1
github.com/serverkraken/flow/internal/tui/shell/palette.go:92.60,95.26 3 1
github.com/serverkraken/flow/internal/tui/shell/palette.go:95.26,98.3 2 0
github.com/serverkraken/flow/internal/tui/shell/palette.go:99.2,99.31 1 1
github.com/serverkraken/flow/internal/tui/shell/palette.go:99.31,101.28 2 1
github.com/serverkraken/flow/internal/tui/shell/palette.go:101.28,103.4 1 0
github.com/serverkraken/flow/internal/tui/shell/palette.go:105.2,105.19 1 1
github.com/serverkraken/flow/internal/tui/shell/palette.go:108.37,109.19 1 1
github.com/serverkraken/flow/internal/tui/shell/palette.go:109.19,111.3 1 1
github.com/serverkraken/flow/internal/tui/shell/palette.go:111.8,114.31 3 1
github.com/serverkraken/flow/internal/tui/shell/palette.go:114.31,115.53 1 1
github.com/serverkraken/flow/internal/tui/shell/palette.go:115.53,117.5 1 1
github.com/serverkraken/flow/internal/tui/shell/palette.go:119.3,119.19 1 1
github.com/serverkraken/flow/internal/tui/shell/palette.go:121.2,121.33 1 1
github.com/serverkraken/flow/internal/tui/shell/palette.go:121.33,122.26 1 0
github.com/serverkraken/flow/internal/tui/shell/palette.go:122.26,124.4 1 0
github.com/serverkraken/flow/internal/tui/shell/palette.go:124.9,126.4 1 0
github.com/serverkraken/flow/internal/tui/shell/palette.go:128.2,128.10 1 1
github.com/serverkraken/flow/internal/tui/shell/shell.go:49.74,52.2 2 1
github.com/serverkraken/flow/internal/tui/shell/shell.go:56.47,59.27 3 1
github.com/serverkraken/flow/internal/tui/shell/shell.go:59.27,62.70 3 1
github.com/serverkraken/flow/internal/tui/shell/shell.go:62.70,62.98 1 0
github.com/serverkraken/flow/internal/tui/shell/shell.go:64.2,65.32 2 1
github.com/serverkraken/flow/internal/tui/shell/shell.go:65.32,67.3 1 0
github.com/serverkraken/flow/internal/tui/shell/shell.go:68.2,68.10 1 1
github.com/serverkraken/flow/internal/tui/shell/shell.go:72.35,72.53 1 1
github.com/serverkraken/flow/internal/tui/shell/shell.go:73.35,73.54 1 1
github.com/serverkraken/flow/internal/tui/shell/shell.go:74.35,74.57 1 1
github.com/serverkraken/flow/internal/tui/shell/shell.go:75.35,75.59 1 1
github.com/serverkraken/flow/internal/tui/shell/shell.go:76.35,76.71 1 1
github.com/serverkraken/flow/internal/tui/shell/shell.go:81.31,83.21 2 1
github.com/serverkraken/flow/internal/tui/shell/shell.go:83.21,85.38 2 0
github.com/serverkraken/flow/internal/tui/shell/shell.go:85.38,87.18 2 0
github.com/serverkraken/flow/internal/tui/shell/shell.go:87.18,89.5 1 0
github.com/serverkraken/flow/internal/tui/shell/shell.go:90.4,90.34 1 0
github.com/serverkraken/flow/internal/tui/shell/shell.go:93.2,93.27 1 1
github.com/serverkraken/flow/internal/tui/shell/shell.go:98.40,98.83 1 1
github.com/serverkraken/flow/internal/tui/shell/shell.go:102.41,103.51 1 1
github.com/serverkraken/flow/internal/tui/shell/shell.go:103.51,105.3 1 0
github.com/serverkraken/flow/internal/tui/shell/shell.go:106.2,107.26 2 1
github.com/serverkraken/flow/internal/tui/shell/shell.go:111.57,112.27 1 1
github.com/serverkraken/flow/internal/tui/shell/shell.go:114.25,117.29 3 1
github.com/serverkraken/flow/internal/tui/shell/shell.go:117.29,118.40 1 1
github.com/serverkraken/flow/internal/tui/shell/shell.go:118.40,120.5 1 0
github.com/serverkraken/flow/internal/tui/shell/shell.go:122.3,122.31 1 1
github.com/serverkraken/flow/internal/tui/shell/shell.go:124.27,126.38 2 0
github.com/serverkraken/flow/internal/tui/shell/shell.go:127.16,129.29 2 0
github.com/serverkraken/flow/internal/tui/shell/shell.go:129.29,130.40 1 0
github.com/serverkraken/flow/internal/tui/shell/shell.go:130.40,132.5 1 0
github.com/serverkraken/flow/internal/tui/shell/shell.go:134.3,135.31 2 0
github.com/serverkraken/flow/internal/tui/shell/shell.go:136.19,137.16 1 0
github.com/serverkraken/flow/internal/tui/shell/shell.go:139.20,141.29 2 1
github.com/serverkraken/flow/internal/tui/shell/shell.go:142.19,144.16 2 0
github.com/serverkraken/flow/internal/tui/shell/shell.go:146.22,148.20 2 1
github.com/serverkraken/flow/internal/tui/shell/shell.go:148.20,150.4 1 1
github.com/serverkraken/flow/internal/tui/shell/shell.go:150.9,152.4 1 1
github.com/serverkraken/flow/internal/tui/shell/shell.go:153.3,153.29 1 1
github.com/serverkraken/flow/internal/tui/shell/shell.go:155.26,157.38 2 0
github.com/serverkraken/flow/internal/tui/shell/shell.go:158.27,160.16 2 1
github.com/serverkraken/flow/internal/tui/shell/shell.go:161.20,163.16 2 0
github.com/serverkraken/flow/internal/tui/shell/shell.go:165.23,166.26 1 1
github.com/serverkraken/flow/internal/tui/shell/shell.go:170.2,170.46 1 0
github.com/serverkraken/flow/internal/tui/shell/shell.go:173.66,174.19 1 1
github.com/serverkraken/flow/internal/tui/shell/shell.go:174.19,178.3 3 1
github.com/serverkraken/flow/internal/tui/shell/shell.go:179.2,179.9 1 1
github.com/serverkraken/flow/internal/tui/shell/shell.go:180.28,181.17 1 1
github.com/serverkraken/flow/internal/tui/shell/shell.go:181.17,184.4 2 0
github.com/serverkraken/flow/internal/tui/shell/shell.go:185.3,186.16 2 1
github.com/serverkraken/flow/internal/tui/shell/shell.go:187.64,188.21 1 1
github.com/serverkraken/flow/internal/tui/shell/shell.go:189.21,192.16 3 1
github.com/serverkraken/flow/internal/tui/shell/shell.go:193.21,195.16 2 0
github.com/serverkraken/flow/internal/tui/shell/shell.go:196.60,198.16 2 0
github.com/serverkraken/flow/internal/tui/shell/shell.go:199.28,201.16 2 1
github.com/serverkraken/flow/internal/tui/shell/shell.go:202.64,204.16 2 1
github.com/serverkraken/flow/internal/tui/shell/shell.go:205.10,206.45 1 1
github.com/serverkraken/flow/internal/tui/shell/shell.go:211.32,213.28 2 1
github.com/serverkraken/flow/internal/tui/shell/shell.go:213.28,215.3 1 1
github.com/serverkraken/flow/internal/tui/shell/shell.go:216.2,221.18 5 1
github.com/serverkraken/flow/internal/tui/shell/shell.go:221.18,223.3 1 0
github.com/serverkraken/flow/internal/tui/shell/shell.go:224.2,226.18 3 1
github.com/serverkraken/flow/internal/tui/shell/shell.go:226.18,228.3 1 0
github.com/serverkraken/flow/internal/tui/shell/shell.go:230.2,231.9 2 1
github.com/serverkraken/flow/internal/tui/shell/shell.go:232.18,234.83 2 0
github.com/serverkraken/flow/internal/tui/shell/shell.go:235.21,239.116 4 0
github.com/serverkraken/flow/internal/tui/shell/shell.go:240.10,243.49 3 1
github.com/serverkraken/flow/internal/tui/shell/shell.go:246.2,247.18 2 1
github.com/serverkraken/flow/internal/tui/shell/shell.go:247.18,249.3 1 0
github.com/serverkraken/flow/internal/tui/shell/shell.go:250.2,253.10 4 1
github.com/serverkraken/flow/internal/tui/shell/shell.go:256.36,259.35 3 0
github.com/serverkraken/flow/internal/tui/shell/shell.go:259.35,261.3 1 0
github.com/serverkraken/flow/internal/tui/shell/shell.go:262.2,272.87 2 0
github.com/serverkraken/flow/internal/tui/shell/shell.go:275.65,276.24 1 0
github.com/serverkraken/flow/internal/tui/shell/shell.go:276.24,278.10 2 0
github.com/serverkraken/flow/internal/tui/shell/shell.go:278.10,280.4 1 0
github.com/serverkraken/flow/internal/tui/shell/shell.go:281.3,281.26 1 0
github.com/serverkraken/flow/internal/tui/theme/builders.go:34.41,39.2 1 1
github.com/serverkraken/flow/internal/tui/theme/builders.go:42.39,44.2 1 1
github.com/serverkraken/flow/internal/tui/theme/builders.go:48.38,50.2 1 1
github.com/serverkraken/flow/internal/tui/theme/builders.go:53.41,55.2 1 1
github.com/serverkraken/flow/internal/tui/theme/builders.go:59.42,61.2 1 1
github.com/serverkraken/flow/internal/tui/theme/builders.go:65.44,67.2 1 1
github.com/serverkraken/flow/internal/tui/theme/builders.go:70.42,72.2 1 1
github.com/serverkraken/flow/internal/tui/theme/builders.go:75.42,77.2 1 1
github.com/serverkraken/flow/internal/tui/theme/builders.go:82.41,84.2 1 1
github.com/serverkraken/flow/internal/tui/theme/builders.go:89.38,91.2 1 1
github.com/serverkraken/flow/internal/tui/theme/builders.go:95.39,97.2 1 1
github.com/serverkraken/flow/internal/tui/theme/builders.go:104.24,105.12 1 1
github.com/serverkraken/flow/internal/tui/theme/builders.go:105.12,107.3 1 1
github.com/serverkraken/flow/internal/tui/theme/builders.go:108.2,108.31 1 1
github.com/serverkraken/flow/internal/tui/theme/contrast.go:29.50,31.16 2 1
github.com/serverkraken/flow/internal/tui/theme/contrast.go:31.16,33.3 1 1
github.com/serverkraken/flow/internal/tui/theme/contrast.go:34.2,35.16 2 1
github.com/serverkraken/flow/internal/tui/theme/contrast.go:35.16,37.3 1 0
github.com/serverkraken/flow/internal/tui/theme/contrast.go:38.2,39.13 2 1
github.com/serverkraken/flow/internal/tui/theme/contrast.go:39.13,41.3 1 1
github.com/serverkraken/flow/internal/tui/theme/contrast.go:42.2,42.39 1 1
github.com/serverkraken/flow/internal/tui/theme/contrast.go:48.53,50.16 2 1
github.com/serverkraken/flow/internal/tui/theme/contrast.go:50.16,52.3 1 1
github.com/serverkraken/flow/internal/tui/theme/contrast.go:53.2,53.77 1 1
github.com/serverkraken/flow/internal/tui/theme/contrast.go:56.35,57.18 1 1
github.com/serverkraken/flow/internal/tui/theme/contrast.go:57.18,59.3 1 1
github.com/serverkraken/flow/internal/tui/theme/contrast.go:60.2,60.39 1 1
github.com/serverkraken/flow/internal/tui/theme/contrast.go:63.54,65.17 2 1
github.com/serverkraken/flow/internal/tui/theme/contrast.go:65.17,67.3 1 1
github.com/serverkraken/flow/internal/tui/theme/contrast.go:68.2,68.46 1 1
github.com/serverkraken/flow/internal/tui/theme/contrast.go:68.46,70.17 2 1
github.com/serverkraken/flow/internal/tui/theme/contrast.go:70.17,72.4 1 0
github.com/serverkraken/flow/internal/tui/theme/contrast.go:73.3,73.33 1 1
github.com/serverkraken/flow/internal/tui/theme/contrast.go:75.2,75.40 1 1
github.com/serverkraken/flow/internal/tui/theme/contrast.go:75.40,77.3 1 0
github.com/serverkraken/flow/internal/tui/theme/contrast.go:78.2,78.40 1 1
github.com/serverkraken/flow/internal/tui/theme/contrast.go:78.40,80.3 1 0
github.com/serverkraken/flow/internal/tui/theme/contrast.go:81.2,81.40 1 1
github.com/serverkraken/flow/internal/tui/theme/contrast.go:81.40,83.3 1 0
github.com/serverkraken/flow/internal/tui/theme/contrast.go:84.2,84.8 1 1
github.com/serverkraken/flow/internal/tui/theme/load.go:35.21,54.28 4 1
github.com/serverkraken/flow/internal/tui/theme/load.go:54.28,55.33 1 1
github.com/serverkraken/flow/internal/tui/theme/load.go:55.33,57.4 1 1
github.com/serverkraken/flow/internal/tui/theme/load.go:59.2,59.10 1 1
github.com/serverkraken/flow/internal/tui/theme/load.go:71.14,71.15 0 1
github.com/serverkraken/flow/internal/tui/theme/load.go:88.40,89.26 1 1
github.com/serverkraken/flow/internal/tui/theme/load.go:89.26,91.30 2 1
github.com/serverkraken/flow/internal/tui/theme/load.go:91.30,94.4 1 0
github.com/serverkraken/flow/internal/tui/theme/load.go:95.3,95.30 1 1
github.com/serverkraken/flow/internal/tui/theme/load.go:95.30,97.4 1 1
github.com/serverkraken/flow/internal/tui/theme/load.go:99.2,99.21 1 1
github.com/serverkraken/flow/internal/tui/theme/load.go:106.41,108.16 2 1
github.com/serverkraken/flow/internal/tui/theme/load.go:108.16,110.3 1 0
github.com/serverkraken/flow/internal/tui/theme/load.go:111.2,111.39 1 1
github.com/serverkraken/flow/internal/tui/theme/palette.go:32.43,34.2 1 1
github.com/serverkraken/flow/internal/tui/theme/pill.go:36.44,36.64 1 1
github.com/serverkraken/flow/internal/tui/theme/pill.go:37.45,37.63 1 1
github.com/serverkraken/flow/internal/tui/theme/pill.go:38.45,38.64 1 1
github.com/serverkraken/flow/internal/tui/theme/pill.go:39.45,39.61 1 1
github.com/serverkraken/flow/internal/tui/theme/pill.go:40.45,40.62 1 1
github.com/serverkraken/flow/internal/tui/theme/pill.go:41.45,41.70 1 1
github.com/serverkraken/flow/internal/tui/theme/pill.go:42.45,42.65 1 1
github.com/serverkraken/flow/internal/tui/theme/pill.go:53.64,55.9 2 1
github.com/serverkraken/flow/internal/tui/theme/pill.go:55.9,57.3 1 0
github.com/serverkraken/flow/internal/tui/theme/pill.go:58.2,59.17 2 1
github.com/serverkraken/flow/internal/tui/theme/pill.go:59.17,61.3 1 1
github.com/serverkraken/flow/internal/tui/theme/pill.go:62.2,62.78 1 1
github.com/serverkraken/flow/internal/tui/theme/pill.go:81.43,84.2 2 1
github.com/serverkraken/flow/internal/tui/theme/pill.go:86.52,87.15 1 1
github.com/serverkraken/flow/internal/tui/theme/pill.go:88.12,89.17 1 1
github.com/serverkraken/flow/internal/tui/theme/pill.go:90.14,91.15 1 1
github.com/serverkraken/flow/internal/tui/theme/pill.go:92.13,93.16 1 1
github.com/serverkraken/flow/internal/tui/theme/pill.go:94.13,95.18 1 1
github.com/serverkraken/flow/internal/tui/theme/pill.go:97.2,97.18 1 1
github.com/serverkraken/flow/internal/tui/theme/semantic.go:36.33,52.2 1 1
github.com/serverkraken/flow/internal/tui/ui/breadcrumb/breadcrumb.go:16.54,17.22 1 1
github.com/serverkraken/flow/internal/tui/ui/breadcrumb/breadcrumb.go:17.22,19.3 1 1
github.com/serverkraken/flow/internal/tui/ui/breadcrumb/breadcrumb.go:20.2,21.27 2 1
github.com/serverkraken/flow/internal/tui/ui/breadcrumb/breadcrumb.go:21.27,22.25 1 1
github.com/serverkraken/flow/internal/tui/ui/breadcrumb/breadcrumb.go:22.25,24.4 1 1
github.com/serverkraken/flow/internal/tui/ui/breadcrumb/breadcrumb.go:24.9,26.4 1 1
github.com/serverkraken/flow/internal/tui/ui/breadcrumb/breadcrumb.go:28.2,29.67 2 1
github.com/serverkraken/flow/internal/tui/ui/confirm/confirm.go:48.29,59.2 1 1
github.com/serverkraken/flow/internal/tui/ui/confirm/confirm.go:72.58,74.2 1 1
github.com/serverkraken/flow/internal/tui/ui/confirm/confirm.go:79.64,81.2 1 1
github.com/serverkraken/flow/internal/tui/ui/confirm/confirm.go:84.30,84.47 1 1
github.com/serverkraken/flow/internal/tui/ui/confirm/confirm.go:87.31,87.45 1 1
github.com/serverkraken/flow/internal/tui/ui/confirm/confirm.go:90.53,91.42 1 1
github.com/serverkraken/flow/internal/tui/ui/confirm/confirm.go:91.42,92.10 1 1
github.com/serverkraken/flow/internal/tui/ui/confirm/confirm.go:93.41,94.29 1 1
github.com/serverkraken/flow/internal/tui/ui/confirm/confirm.go:95.40,96.30 1 1
github.com/serverkraken/flow/internal/tui/ui/confirm/confirm.go:99.2,99.15 1 1
github.com/serverkraken/flow/internal/tui/ui/confirm/confirm.go:108.30,114.20 3 1
github.com/serverkraken/flow/internal/tui/ui/confirm/confirm.go:114.20,116.3 1 1
github.com/serverkraken/flow/internal/tui/ui/confirm/confirm.go:126.2,129.35 4 1
github.com/serverkraken/flow/internal/tui/ui/confirm/confirm.go:136.44,138.26 2 1
github.com/serverkraken/flow/internal/tui/ui/confirm/confirm.go:138.26,140.3 1 1
github.com/serverkraken/flow/internal/tui/ui/confirm/confirm.go:141.2,141.20 1 1
github.com/serverkraken/flow/internal/tui/ui/confirm/confirm.go:144.34,145.24 1 1
github.com/serverkraken/flow/internal/tui/ui/confirm/confirm.go:145.24,145.60 1 1
github.com/serverkraken/flow/internal/tui/ui/form/textinput.go:30.72,46.2 15 1
github.com/serverkraken/flow/internal/tui/ui/header/header.go:13.68,17.13 4 1
github.com/serverkraken/flow/internal/tui/ui/header/header.go:17.13,19.3 1 1
github.com/serverkraken/flow/internal/tui/ui/header/header.go:20.2,20.48 1 1
github.com/serverkraken/flow/internal/tui/ui/help/help.go:20.95,27.31 6 1
github.com/serverkraken/flow/internal/tui/ui/help/help.go:27.31,28.12 1 1
github.com/serverkraken/flow/internal/tui/ui/help/help.go:28.12,33.4 1 1
github.com/serverkraken/flow/internal/tui/ui/help/help.go:34.3,35.31 2 1
github.com/serverkraken/flow/internal/tui/ui/help/help.go:35.31,42.4 2 1
github.com/serverkraken/flow/internal/tui/ui/help/help.go:45.2,46.50 2 1
github.com/serverkraken/flow/internal/tui/ui/keyhint/keyhint.go:24.51,25.21 1 1
github.com/serverkraken/flow/internal/tui/ui/keyhint/keyhint.go:25.21,27.3 1 1
github.com/serverkraken/flow/internal/tui/ui/keyhint/keyhint.go:28.2,29.19 2 1
github.com/serverkraken/flow/internal/tui/ui/keyhint/keyhint.go:29.19,31.3 1 1
github.com/serverkraken/flow/internal/tui/ui/keyhint/keyhint.go:32.2,33.30 2 1
github.com/serverkraken/flow/internal/tui/ui/keyhint/keyhint.go:33.30,35.19 2 1
github.com/serverkraken/flow/internal/tui/ui/keyhint/keyhint.go:35.19,37.4 1 1
github.com/serverkraken/flow/internal/tui/ui/keyhint/keyhint.go:38.3,38.29 1 1
github.com/serverkraken/flow/internal/tui/ui/keyhint/keyhint.go:40.2,41.65 2 1
github.com/serverkraken/flow/internal/tui/ui/overlay/overlay.go:9.51,10.16 1 1
github.com/serverkraken/flow/internal/tui/ui/overlay/overlay.go:10.16,12.3 1 1
github.com/serverkraken/flow/internal/tui/ui/overlay/overlay.go:13.2,13.17 1 1
github.com/serverkraken/flow/internal/tui/ui/overlay/overlay.go:13.17,15.3 1 1
github.com/serverkraken/flow/internal/tui/ui/overlay/overlay.go:16.2,16.77 1 1
github.com/serverkraken/flow/internal/tui/ui/picker/row.go:33.80,37.14 4 1
github.com/serverkraken/flow/internal/tui/ui/picker/row.go:37.14,40.3 2 1
github.com/serverkraken/flow/internal/tui/ui/picker/row.go:41.2,47.18 5 1
github.com/serverkraken/flow/internal/tui/ui/picker/row.go:47.18,53.19 4 1
github.com/serverkraken/flow/internal/tui/ui/picker/row.go:53.19,55.4 1 1
github.com/serverkraken/flow/internal/tui/ui/picker/row.go:57.2,60.13 3 1
github.com/serverkraken/flow/internal/tui/ui/picker/row.go:60.13,62.3 1 1
github.com/serverkraken/flow/internal/tui/ui/picker/row.go:63.2,63.97 1 1
github.com/serverkraken/flow/internal/tui/ui/picker/row.go:93.66,94.26 1 1
github.com/serverkraken/flow/internal/tui/ui/picker/row.go:94.26,96.3 1 1
github.com/serverkraken/flow/internal/tui/ui/picker/row.go:97.2,101.19 5 1
github.com/serverkraken/flow/internal/tui/ui/picker/row.go:101.19,105.3 3 1
github.com/serverkraken/flow/internal/tui/ui/picker/row.go:106.2,107.33 2 1
github.com/serverkraken/flow/internal/tui/ui/picker/row.go:107.33,109.3 1 1
github.com/serverkraken/flow/internal/tui/ui/picker/row.go:110.2,111.39 2 1
github.com/serverkraken/flow/internal/tui/ui/picker/row.go:111.39,112.12 1 1
github.com/serverkraken/flow/internal/tui/ui/picker/row.go:112.12,114.4 1 1
github.com/serverkraken/flow/internal/tui/ui/picker/row.go:114.9,116.4 1 1
github.com/serverkraken/flow/internal/tui/ui/picker/row.go:118.2,120.13 3 1
github.com/serverkraken/flow/internal/tui/ui/picker/row.go:120.13,122.3 1 0
github.com/serverkraken/flow/internal/tui/ui/picker/row.go:123.2,124.25 2 1
github.com/serverkraken/flow/internal/tui/ui/picker/row.go:124.25,126.3 1 1
github.com/serverkraken/flow/internal/tui/ui/picker/row.go:127.2,127.63 1 1
github.com/serverkraken/flow/internal/tui/ui/picker/row.go:132.68,138.13 5 1
github.com/serverkraken/flow/internal/tui/ui/picker/row.go:138.13,140.3 1 1
github.com/serverkraken/flow/internal/tui/ui/picker/row.go:141.2,141.70 1 1
github.com/serverkraken/flow/internal/tui/ui/statusbar/hints.go:10.49,12.2 1 1
github.com/serverkraken/flow/internal/tui/ui/statusbar/progress.go:19.50,21.2 1 1
github.com/serverkraken/flow/internal/tui/ui/statusbar/progress.go:29.77,30.13 1 1
github.com/serverkraken/flow/internal/tui/ui/statusbar/progress.go:30.13,32.3 1 1
github.com/serverkraken/flow/internal/tui/ui/statusbar/progress.go:33.2,33.15 1 1
github.com/serverkraken/flow/internal/tui/ui/statusbar/progress.go:33.15,35.3 1 1
github.com/serverkraken/flow/internal/tui/ui/statusbar/progress.go:36.2,41.14 5 1
github.com/serverkraken/flow/internal/tui/ui/strings/strings.go:79.46,80.19 1 1
github.com/serverkraken/flow/internal/tui/ui/strings/strings.go:80.19,82.3 1 1
github.com/serverkraken/flow/internal/tui/ui/strings/strings.go:83.2,83.35 1 1
github.com/serverkraken/flow/internal/tui/ui/strings/strings.go:83.35,85.3 1 1
github.com/serverkraken/flow/internal/tui/ui/strings/strings.go:86.2,86.19 1 1
github.com/serverkraken/flow/internal/tui/ui/strings/strings.go:86.19,88.3 1 1
github.com/serverkraken/flow/internal/tui/ui/strings/strings.go:89.2,92.22 4 1
github.com/serverkraken/flow/internal/tui/ui/strings/strings.go:92.22,94.22 2 1
github.com/serverkraken/flow/internal/tui/ui/strings/strings.go:94.22,95.9 1 1
github.com/serverkraken/flow/internal/tui/ui/strings/strings.go:97.3,98.13 2 1
github.com/serverkraken/flow/internal/tui/ui/strings/strings.go:100.2,100.28 1 1
github.com/serverkraken/flow/internal/tui/ui/tabstrip/tabstrip.go:15.73,16.22 1 1
github.com/serverkraken/flow/internal/tui/ui/tabstrip/tabstrip.go:16.22,18.3 1 1
github.com/serverkraken/flow/internal/tui/ui/tabstrip/tabstrip.go:19.2,21.27 3 1
github.com/serverkraken/flow/internal/tui/ui/tabstrip/tabstrip.go:21.27,23.18 2 1
github.com/serverkraken/flow/internal/tui/ui/tabstrip/tabstrip.go:23.18,25.4 1 1
github.com/serverkraken/flow/internal/tui/ui/tabstrip/tabstrip.go:25.9,27.4 1 1
github.com/serverkraken/flow/internal/tui/ui/tabstrip/tabstrip.go:29.2,30.49 2 1
github.com/serverkraken/flow/internal/tui/ui/tabstrip/tabstrip.go:30.49,32.3 1 1
github.com/serverkraken/flow/internal/tui/ui/tabstrip/tabstrip.go:36.2,36.40 1 1
github.com/serverkraken/flow/internal/tui/ui/tabstrip/tabstrip.go:36.40,38.3 1 0
github.com/serverkraken/flow/internal/tui/ui/tabstrip/tabstrip.go:39.2,42.6 4 1
github.com/serverkraken/flow/internal/tui/ui/tabstrip/tabstrip.go:42.6,44.61 2 1
github.com/serverkraken/flow/internal/tui/ui/tabstrip/tabstrip.go:44.61,48.4 3 1
github.com/serverkraken/flow/internal/tui/ui/tabstrip/tabstrip.go:49.3,49.72 1 1
github.com/serverkraken/flow/internal/tui/ui/tabstrip/tabstrip.go:49.72,53.4 3 0
github.com/serverkraken/flow/internal/tui/ui/tabstrip/tabstrip.go:54.3,54.12 1 1
github.com/serverkraken/flow/internal/tui/ui/tabstrip/tabstrip.go:54.12,55.9 1 1
github.com/serverkraken/flow/internal/tui/ui/tabstrip/tabstrip.go:58.2,59.12 2 1
github.com/serverkraken/flow/internal/tui/ui/tabstrip/tabstrip.go:59.12,61.3 1 1
github.com/serverkraken/flow/internal/tui/ui/tabstrip/tabstrip.go:62.2,63.23 2 1
github.com/serverkraken/flow/internal/tui/ui/tabstrip/tabstrip.go:63.23,65.3 1 1
github.com/serverkraken/flow/internal/tui/ui/tabstrip/tabstrip.go:66.2,66.19 1 1
github.com/serverkraken/flow/internal/tui/ui/titlebox/titlebox.go:27.68,28.15 1 1
github.com/serverkraken/flow/internal/tui/ui/titlebox/titlebox.go:28.15,30.3 1 1
github.com/serverkraken/flow/internal/tui/ui/titlebox/titlebox.go:31.2,42.9 7 1
github.com/serverkraken/flow/internal/tui/ui/titlebox/titlebox.go:43.19,47.68 1 0
github.com/serverkraken/flow/internal/tui/ui/titlebox/titlebox.go:48.23,49.68 1 1
github.com/serverkraken/flow/internal/tui/ui/titlebox/titlebox.go:50.10,54.17 4 1
github.com/serverkraken/flow/internal/tui/ui/titlebox/titlebox.go:54.17,56.4 1 0
github.com/serverkraken/flow/internal/tui/ui/titlebox/titlebox.go:57.3,57.101 1 1
github.com/serverkraken/flow/internal/tui/ui/titlebox/titlebox.go:63.2,66.29 4 1
github.com/serverkraken/flow/internal/tui/ui/titlebox/titlebox.go:66.29,69.14 3 1
github.com/serverkraken/flow/internal/tui/ui/titlebox/titlebox.go:69.14,71.4 1 0
github.com/serverkraken/flow/internal/tui/ui/titlebox/titlebox.go:72.3,72.65 1 1
github.com/serverkraken/flow/internal/tui/ui/titlebox/titlebox.go:76.2,78.66 2 1
github.com/serverkraken/flow/internal/tui/ui/toast/toast.go:50.39,52.2 1 1
github.com/serverkraken/flow/internal/tui/ui/toast/toast.go:61.21,63.2 1 1
github.com/serverkraken/flow/internal/tui/ui/toast/toast.go:78.65,80.2 1 1
github.com/serverkraken/flow/internal/tui/ui/toast/toast.go:86.53,88.2 1 1
github.com/serverkraken/flow/internal/tui/ui/toast/toast.go:91.53,93.2 1 1
github.com/serverkraken/flow/internal/tui/ui/toast/toast.go:96.53,98.2 1 1
github.com/serverkraken/flow/internal/tui/ui/toast/toast.go:101.52,103.2 1 1
github.com/serverkraken/flow/internal/tui/ui/toast/toast.go:106.50,108.2 1 1
github.com/serverkraken/flow/internal/tui/ui/toast/toast.go:111.31,111.51 1 1
github.com/serverkraken/flow/internal/tui/ui/toast/toast.go:115.31,117.49 2 1
github.com/serverkraken/flow/internal/tui/ui/toast/toast.go:117.49,117.80 1 0
github.com/serverkraken/flow/internal/tui/ui/toast/toast.go:124.53,125.68 1 1
github.com/serverkraken/flow/internal/tui/ui/toast/toast.go:125.68,127.3 1 1
github.com/serverkraken/flow/internal/tui/ui/toast/toast.go:128.2,128.15 1 1
github.com/serverkraken/flow/internal/tui/ui/toast/toast.go:132.30,133.16 1 1
github.com/serverkraken/flow/internal/tui/ui/toast/toast.go:133.16,135.3 1 1
github.com/serverkraken/flow/internal/tui/ui/toast/toast.go:136.2,138.31 2 1
github.com/serverkraken/flow/internal/tui/ui/toast/toast.go:154.47,155.30 1 1
github.com/serverkraken/flow/internal/tui/ui/toast/toast.go:155.30,157.3 1 1
github.com/serverkraken/flow/internal/tui/ui/toast/toast.go:158.2,158.26 1 1
github.com/serverkraken/flow/internal/tui/ui/toast/toast.go:172.49,173.30 1 1
github.com/serverkraken/flow/internal/tui/ui/toast/toast.go:173.30,175.3 1 1
github.com/serverkraken/flow/internal/tui/ui/toast/toast.go:176.2,176.40 1 1
github.com/serverkraken/flow/internal/tui/ui/toast/toast.go:183.54,184.16 1 1
github.com/serverkraken/flow/internal/tui/ui/toast/toast.go:185.19,186.35 1 1
github.com/serverkraken/flow/internal/tui/ui/toast/toast.go:187.18,188.36 1 1
github.com/serverkraken/flow/internal/tui/ui/toast/toast.go:189.16,190.35 1 1
github.com/serverkraken/flow/internal/tui/ui/toast/toast.go:191.10,192.36 1 1
github.com/serverkraken/flow/internal/usecase/add_dayoffs.go:23.172,24.32 1 1
github.com/serverkraken/flow/internal/usecase/add_dayoffs.go:24.32,26.3 1 1
github.com/serverkraken/flow/internal/usecase/add_dayoffs.go:27.2,27.50 1 1
github.com/serverkraken/flow/internal/usecase/add_dayoffs.go:27.50,29.3 1 1
github.com/serverkraken/flow/internal/usecase/add_dayoffs.go:30.2,31.20 2 1
github.com/serverkraken/flow/internal/usecase/add_dayoffs.go:31.20,33.3 1 1
github.com/serverkraken/flow/internal/usecase/add_dayoffs.go:34.2,34.25 1 1
github.com/serverkraken/flow/internal/usecase/add_dayoffs.go:34.25,35.55 1 1
github.com/serverkraken/flow/internal/usecase/add_dayoffs.go:35.55,37.4 1 0
github.com/serverkraken/flow/internal/usecase/add_dayoffs.go:39.2,40.12 2 1
github.com/serverkraken/flow/internal/usecase/backlinks.go:17.103,19.16 2 1
github.com/serverkraken/flow/internal/usecase/backlinks.go:19.16,21.3 1 1
github.com/serverkraken/flow/internal/usecase/backlinks.go:22.2,23.16 2 1
github.com/serverkraken/flow/internal/usecase/backlinks.go:23.16,25.3 1 1
github.com/serverkraken/flow/internal/usecase/backlinks.go:26.2,27.16 2 1
github.com/serverkraken/flow/internal/usecase/backlinks.go:27.16,29.3 1 1
github.com/serverkraken/flow/internal/usecase/backlinks.go:30.2,31.33 2 1
github.com/serverkraken/flow/internal/usecase/backlinks.go:31.33,32.26 1 1
github.com/serverkraken/flow/internal/usecase/backlinks.go:32.26,33.12 1 0
github.com/serverkraken/flow/internal/usecase/backlinks.go:35.3,35.100 1 1
github.com/serverkraken/flow/internal/usecase/backlinks.go:35.100,39.4 1 1
github.com/serverkraken/flow/internal/usecase/backlinks.go:41.2,41.17 1 1
github.com/serverkraken/flow/internal/usecase/create_document.go:28.120,35.32 3 1
github.com/serverkraken/flow/internal/usecase/create_document.go:35.32,38.3 2 1
github.com/serverkraken/flow/internal/usecase/create_document.go:39.2,41.37 3 1
github.com/serverkraken/flow/internal/usecase/create_document.go:41.37,43.3 1 1
github.com/serverkraken/flow/internal/usecase/create_document.go:44.2,45.16 2 1
github.com/serverkraken/flow/internal/usecase/create_document.go:45.16,47.3 1 0
github.com/serverkraken/flow/internal/usecase/create_document.go:51.2,51.121 1 1
github.com/serverkraken/flow/internal/usecase/create_document.go:51.121,53.3 1 0
github.com/serverkraken/flow/internal/usecase/create_document.go:54.2,54.24 1 1
github.com/serverkraken/flow/internal/usecase/create_document.go:54.24,56.3 1 1
github.com/serverkraken/flow/internal/usecase/create_document.go:57.2,57.21 1 1
github.com/serverkraken/flow/internal/usecase/create_project.go:20.120,21.16 1 1
github.com/serverkraken/flow/internal/usecase/create_project.go:21.16,23.3 1 1
github.com/serverkraken/flow/internal/usecase/create_project.go:24.2,25.16 2 1
github.com/serverkraken/flow/internal/usecase/create_project.go:25.16,27.3 1 0
github.com/serverkraken/flow/internal/usecase/create_project.go:28.2,29.35 2 1
github.com/serverkraken/flow/internal/usecase/create_project.go:35.34,38.2 2 1
github.com/serverkraken/flow/internal/usecase/delete_dayoff.go:17.90,18.59 1 1
github.com/serverkraken/flow/internal/usecase/delete_dayoff.go:18.59,20.3 1 0
github.com/serverkraken/flow/internal/usecase/delete_dayoff.go:21.2,22.12 2 1
github.com/serverkraken/flow/internal/usecase/delete_document.go:11.81,13.2 1 1
github.com/serverkraken/flow/internal/usecase/delete_session.go:14.80,16.2 1 1
github.com/serverkraken/flow/internal/usecase/edit_session.go:26.121,27.48 1 1
github.com/serverkraken/flow/internal/usecase/edit_session.go:27.48,29.3 1 1
github.com/serverkraken/flow/internal/usecase/edit_session.go:30.2,30.95 1 1
github.com/serverkraken/flow/internal/usecase/ensure_user.go:22.91,23.38 1 1
github.com/serverkraken/flow/internal/usecase/ensure_user.go:23.38,25.3 1 1
github.com/serverkraken/flow/internal/usecase/ensure_user.go:26.2,26.55 1 1
github.com/serverkraken/flow/internal/usecase/ensure_user.go:27.18,28.16 1 1
github.com/serverkraken/flow/internal/usecase/ensure_user.go:29.46,30.28 1 1
github.com/serverkraken/flow/internal/usecase/ensure_user.go:32.2,33.16 2 1
github.com/serverkraken/flow/internal/usecase/ensure_user.go:33.16,35.3 1 0
github.com/serverkraken/flow/internal/usecase/ensure_user.go:36.2,36.38 1 1
github.com/serverkraken/flow/internal/usecase/export.go:22.44,23.19 1 1
github.com/serverkraken/flow/internal/usecase/export.go:23.19,25.3 1 1
github.com/serverkraken/flow/internal/usecase/export.go:26.2,26.19 1 0
github.com/serverkraken/flow/internal/usecase/export.go:31.133,39.16 6 1
github.com/serverkraken/flow/internal/usecase/export.go:39.16,41.3 1 0
github.com/serverkraken/flow/internal/usecase/export.go:42.2,43.16 2 1
github.com/serverkraken/flow/internal/usecase/export.go:43.16,45.3 1 0
github.com/serverkraken/flow/internal/usecase/export.go:46.2,47.29 2 1
github.com/serverkraken/flow/internal/usecase/export.go:47.29,49.3 1 1
github.com/serverkraken/flow/internal/usecase/export.go:51.2,54.29 3 1
github.com/serverkraken/flow/internal/usecase/export.go:54.29,56.40 1 1
github.com/serverkraken/flow/internal/usecase/export.go:56.40,57.12 1 1
github.com/serverkraken/flow/internal/usecase/export.go:59.3,60.44 2 1
github.com/serverkraken/flow/internal/usecase/export.go:60.44,61.12 1 1
github.com/serverkraken/flow/internal/usecase/export.go:63.3,63.51 1 1
github.com/serverkraken/flow/internal/usecase/export.go:63.51,64.12 1 0
github.com/serverkraken/flow/internal/usecase/export.go:66.3,68.17 3 1
github.com/serverkraken/flow/internal/usecase/export.go:68.17,70.4 1 0
github.com/serverkraken/flow/internal/usecase/export.go:71.3,83.10 5 1
github.com/serverkraken/flow/internal/usecase/export.go:83.10,90.4 2 1
github.com/serverkraken/flow/internal/usecase/export.go:91.3,92.19 2 1
github.com/serverkraken/flow/internal/usecase/export.go:95.2,95.27 1 1
github.com/serverkraken/flow/internal/usecase/export.go:95.27,96.20 1 1
github.com/serverkraken/flow/internal/usecase/export.go:96.20,99.4 2 1
github.com/serverkraken/flow/internal/usecase/export.go:100.3,100.46 1 1
github.com/serverkraken/flow/internal/usecase/export.go:103.2,103.49 1 1
github.com/serverkraken/flow/internal/usecase/export.go:103.49,105.3 1 0
github.com/serverkraken/flow/internal/usecase/export.go:106.2,106.48 1 1
github.com/serverkraken/flow/internal/usecase/export.go:106.48,108.3 1 1
github.com/serverkraken/flow/internal/usecase/export.go:109.2,109.18 1 1
github.com/serverkraken/flow/internal/usecase/get_document.go:12.97,14.2 1 1
github.com/serverkraken/flow/internal/usecase/ics_feed.go:23.81,25.16 2 1
github.com/serverkraken/flow/internal/usecase/ics_feed.go:25.16,27.3 1 0
github.com/serverkraken/flow/internal/usecase/ics_feed.go:28.2,32.16 5 1
github.com/serverkraken/flow/internal/usecase/ics_feed.go:32.16,34.3 1 0
github.com/serverkraken/flow/internal/usecase/ics_feed.go:35.2,35.41 1 1
github.com/serverkraken/flow/internal/usecase/ics_feed.go:45.91,47.16 2 1
github.com/serverkraken/flow/internal/usecase/ics_feed.go:47.16,49.3 1 0
github.com/serverkraken/flow/internal/usecase/ics_feed.go:50.2,50.29 1 1
github.com/serverkraken/flow/internal/usecase/ics_feed.go:50.29,51.65 1 1
github.com/serverkraken/flow/internal/usecase/ics_feed.go:51.65,53.4 1 0
github.com/serverkraken/flow/internal/usecase/ics_feed.go:55.2,56.16 2 1
github.com/serverkraken/flow/internal/usecase/ics_feed.go:56.16,58.3 1 0
github.com/serverkraken/flow/internal/usecase/ics_feed.go:59.2,60.50 2 1
github.com/serverkraken/flow/internal/usecase/ics_feed.go:60.50,62.3 1 0
github.com/serverkraken/flow/internal/usecase/ics_feed.go:63.2,63.17 1 1
github.com/serverkraken/flow/internal/usecase/ics_feed.go:67.37,69.40 2 1
github.com/serverkraken/flow/internal/usecase/ics_feed.go:69.40,71.3 1 0
github.com/serverkraken/flow/internal/usecase/ics_feed.go:72.2,72.53 1 1
github.com/serverkraken/flow/internal/usecase/list_dayoffs.go:21.113,23.16 2 1
github.com/serverkraken/flow/internal/usecase/list_dayoffs.go:23.16,25.3 1 0
github.com/serverkraken/flow/internal/usecase/list_dayoffs.go:26.2,27.16 2 1
github.com/serverkraken/flow/internal/usecase/list_dayoffs.go:27.16,29.3 1 0
github.com/serverkraken/flow/internal/usecase/list_dayoffs.go:30.2,32.27 3 1
github.com/serverkraken/flow/internal/usecase/list_dayoffs.go:32.27,35.3 2 1
github.com/serverkraken/flow/internal/usecase/list_dayoffs.go:36.2,36.44 1 1
github.com/serverkraken/flow/internal/usecase/list_dayoffs.go:36.44,37.70 1 1
github.com/serverkraken/flow/internal/usecase/list_dayoffs.go:37.70,38.47 1 1
github.com/serverkraken/flow/internal/usecase/list_dayoffs.go:38.47,39.13 1 1
github.com/serverkraken/flow/internal/usecase/list_dayoffs.go:41.4,41.42 1 1
github.com/serverkraken/flow/internal/usecase/list_dayoffs.go:41.42,42.13 1 0
github.com/serverkraken/flow/internal/usecase/list_dayoffs.go:44.4,44.24 1 1
github.com/serverkraken/flow/internal/usecase/list_dayoffs.go:47.2,47.17 1 1
github.com/serverkraken/flow/internal/usecase/list_documents.go:12.112,14.2 1 1
github.com/serverkraken/flow/internal/usecase/list_projects.go:15.95,17.2 1 0
github.com/serverkraken/flow/internal/usecase/list_sessions.go:18.116,20.2 1 1
github.com/serverkraken/flow/internal/usecase/list_tags.go:13.92,15.16 2 1
github.com/serverkraken/flow/internal/usecase/list_tags.go:15.16,17.3 1 1
github.com/serverkraken/flow/internal/usecase/list_tags.go:18.2,18.38 1 1
github.com/serverkraken/flow/internal/usecase/rrf.go:17.99,25.57 4 1
github.com/serverkraken/flow/internal/usecase/rrf.go:25.57,27.10 2 1
github.com/serverkraken/flow/internal/usecase/rrf.go:27.10,31.4 3 1
github.com/serverkraken/flow/internal/usecase/rrf.go:32.3,32.35 1 1
github.com/serverkraken/flow/internal/usecase/rrf.go:34.2,34.28 1 1
github.com/serverkraken/flow/internal/usecase/rrf.go:34.28,36.3 1 1
github.com/serverkraken/flow/internal/usecase/rrf.go:37.2,37.29 1 1
github.com/serverkraken/flow/internal/usecase/rrf.go:37.29,39.3 1 1
github.com/serverkraken/flow/internal/usecase/rrf.go:40.2,41.22 2 1
github.com/serverkraken/flow/internal/usecase/rrf.go:41.22,43.3 1 1
github.com/serverkraken/flow/internal/usecase/rrf.go:44.2,44.44 1 1
github.com/serverkraken/flow/internal/usecase/rrf.go:44.44,45.35 1 1
github.com/serverkraken/flow/internal/usecase/rrf.go:45.35,47.4 1 1
github.com/serverkraken/flow/internal/usecase/rrf.go:48.3,48.37 1 1
github.com/serverkraken/flow/internal/usecase/rrf.go:50.2,51.24 2 1
github.com/serverkraken/flow/internal/usecase/rrf.go:51.24,53.3 1 1
github.com/serverkraken/flow/internal/usecase/rrf.go:54.2,54.12 1 1
github.com/serverkraken/flow/internal/usecase/search_documents.go:21.118,23.16 2 1
github.com/serverkraken/flow/internal/usecase/search_documents.go:23.16,25.3 1 0
github.com/serverkraken/flow/internal/usecase/search_documents.go:26.2,26.24 1 1
github.com/serverkraken/flow/internal/usecase/search_documents.go:26.24,28.3 1 1
github.com/serverkraken/flow/internal/usecase/search_documents.go:29.2,30.34 2 1
github.com/serverkraken/flow/internal/usecase/search_documents.go:30.34,33.3 2 1
github.com/serverkraken/flow/internal/usecase/search_documents.go:34.2,35.16 2 1
github.com/serverkraken/flow/internal/usecase/search_documents.go:35.16,37.3 1 1
github.com/serverkraken/flow/internal/usecase/search_documents.go:38.2,39.16 2 1
github.com/serverkraken/flow/internal/usecase/search_documents.go:39.16,42.3 2 0
github.com/serverkraken/flow/internal/usecase/search_documents.go:43.2,43.46 1 1
github.com/serverkraken/flow/internal/usecase/search_documents.go:46.55,48.16 2 1
github.com/serverkraken/flow/internal/usecase/search_documents.go:48.16,50.3 1 1
github.com/serverkraken/flow/internal/usecase/search_documents.go:51.2,51.27 1 1
github.com/serverkraken/flow/internal/usecase/set_project_rate.go:19.108,20.17 1 1
github.com/serverkraken/flow/internal/usecase/set_project_rate.go:20.17,21.22 1 1
github.com/serverkraken/flow/internal/usecase/set_project_rate.go:21.22,23.4 1 1
github.com/serverkraken/flow/internal/usecase/set_project_rate.go:24.3,24.30 1 1
github.com/serverkraken/flow/internal/usecase/set_project_rate.go:24.30,26.4 1 1
github.com/serverkraken/flow/internal/usecase/set_project_rate.go:28.2,28.59 1 1
github.com/serverkraken/flow/internal/usecase/set_target.go:17.124,18.20 1 1
github.com/serverkraken/flow/internal/usecase/set_target.go:18.20,20.3 1 1
github.com/serverkraken/flow/internal/usecase/set_target.go:21.2,21.28 1 1
github.com/serverkraken/flow/internal/usecase/set_target.go:21.28,22.12 1 1
github.com/serverkraken/flow/internal/usecase/set_target.go:22.12,24.4 1 1
github.com/serverkraken/flow/internal/usecase/set_target.go:26.2,26.71 1 1
github.com/serverkraken/flow/internal/usecase/settings.go:17.113,19.16 2 0
github.com/serverkraken/flow/internal/usecase/settings.go:19.16,21.3 1 0
github.com/serverkraken/flow/internal/usecase/settings.go:22.2,23.16 2 0
github.com/serverkraken/flow/internal/usecase/settings.go:23.16,25.3 1 0
github.com/serverkraken/flow/internal/usecase/settings.go:26.2,26.23 1 0
github.com/serverkraken/flow/internal/usecase/settings.go:34.82,36.9 2 0
github.com/serverkraken/flow/internal/usecase/settings.go:36.9,38.3 1 0
github.com/serverkraken/flow/internal/usecase/settings.go:39.2,39.54 1 0
github.com/serverkraken/flow/internal/usecase/start_session.go:18.134,19.70 1 1
github.com/serverkraken/flow/internal/usecase/start_session.go:19.70,21.3 1 0
github.com/serverkraken/flow/internal/usecase/start_session.go:21.8,21.20 1 1
github.com/serverkraken/flow/internal/usecase/start_session.go:21.20,23.3 1 1
github.com/serverkraken/flow/internal/usecase/start_session.go:24.2,25.16 2 1
github.com/serverkraken/flow/internal/usecase/start_session.go:25.16,27.3 1 0
github.com/serverkraken/flow/internal/usecase/start_session.go:28.2,29.35 2 1
github.com/serverkraken/flow/internal/usecase/stats_computer.go:33.131,35.16 2 1
github.com/serverkraken/flow/internal/usecase/stats_computer.go:35.16,37.3 1 0
github.com/serverkraken/flow/internal/usecase/stats_computer.go:38.2,39.16 2 1
github.com/serverkraken/flow/internal/usecase/stats_computer.go:39.16,41.3 1 0
github.com/serverkraken/flow/internal/usecase/stats_computer.go:42.2,46.41 2 1
github.com/serverkraken/flow/internal/usecase/stats_computer.go:46.41,47.43 1 0
github.com/serverkraken/flow/internal/usecase/stats_computer.go:47.43,48.12 1 0
github.com/serverkraken/flow/internal/usecase/stats_computer.go:50.3,51.27 2 0
github.com/serverkraken/flow/internal/usecase/stats_computer.go:53.2,53.25 1 1
github.com/serverkraken/flow/internal/usecase/stats_computer.go:53.25,55.3 1 1
github.com/serverkraken/flow/internal/usecase/stats_computer.go:56.2,56.21 1 1
github.com/serverkraken/flow/internal/usecase/stats_computer.go:59.45,60.18 1 1
github.com/serverkraken/flow/internal/usecase/stats_computer.go:60.18,62.3 1 1
github.com/serverkraken/flow/internal/usecase/stats_computer.go:63.2,63.19 1 0
github.com/serverkraken/flow/internal/usecase/stats_computer.go:66.40,68.2 1 1
github.com/serverkraken/flow/internal/usecase/stats_computer.go:71.89,76.16 5 1
github.com/serverkraken/flow/internal/usecase/stats_computer.go:76.16,78.3 1 0
github.com/serverkraken/flow/internal/usecase/stats_computer.go:79.2,80.16 2 1
github.com/serverkraken/flow/internal/usecase/stats_computer.go:80.16,82.3 1 0
github.com/serverkraken/flow/internal/usecase/stats_computer.go:83.2,85.25 3 1
github.com/serverkraken/flow/internal/usecase/stats_computer.go:85.25,86.25 1 1
github.com/serverkraken/flow/internal/usecase/stats_computer.go:86.25,88.4 1 1
github.com/serverkraken/flow/internal/usecase/stats_computer.go:90.2,90.29 1 1
github.com/serverkraken/flow/internal/usecase/stats_computer.go:90.29,91.18 1 1
github.com/serverkraken/flow/internal/usecase/stats_computer.go:91.18,93.4 1 1
github.com/serverkraken/flow/internal/usecase/stats_computer.go:95.2,96.17 2 1
github.com/serverkraken/flow/internal/usecase/stats_computer.go:101.107,103.18 2 1
github.com/serverkraken/flow/internal/usecase/stats_computer.go:103.18,105.3 1 1
github.com/serverkraken/flow/internal/usecase/stats_computer.go:106.2,109.16 4 1
github.com/serverkraken/flow/internal/usecase/stats_computer.go:109.16,111.3 1 0
github.com/serverkraken/flow/internal/usecase/stats_computer.go:112.2,113.16 2 1
github.com/serverkraken/flow/internal/usecase/stats_computer.go:113.16,115.3 1 0
github.com/serverkraken/flow/internal/usecase/stats_computer.go:116.2,118.25 3 1
github.com/serverkraken/flow/internal/usecase/stats_computer.go:118.25,120.3 1 1
github.com/serverkraken/flow/internal/usecase/stats_computer.go:121.2,123.53 3 1
github.com/serverkraken/flow/internal/usecase/stats_computer.go:123.53,125.49 2 1
github.com/serverkraken/flow/internal/usecase/stats_computer.go:125.49,127.4 1 1
github.com/serverkraken/flow/internal/usecase/stats_computer.go:130.3,130.24 1 1
github.com/serverkraken/flow/internal/usecase/stats_computer.go:132.2,132.17 1 1
github.com/serverkraken/flow/internal/usecase/stats_computer.go:137.99,140.13 3 1
github.com/serverkraken/flow/internal/usecase/stats_computer.go:141.15,143.29 2 1
github.com/serverkraken/flow/internal/usecase/stats_computer.go:144.18,146.29 2 0
github.com/serverkraken/flow/internal/usecase/stats_computer.go:147.10,148.48 1 1
github.com/serverkraken/flow/internal/usecase/stats_computer.go:150.2,151.16 2 1
github.com/serverkraken/flow/internal/usecase/stats_computer.go:151.16,153.3 1 0
github.com/serverkraken/flow/internal/usecase/stats_computer.go:154.2,155.16 2 1
github.com/serverkraken/flow/internal/usecase/stats_computer.go:155.16,157.3 1 0
github.com/serverkraken/flow/internal/usecase/stats_computer.go:158.2,159.51 2 1
github.com/serverkraken/flow/internal/usecase/stats_computer.go:159.51,161.26 2 1
github.com/serverkraken/flow/internal/usecase/stats_computer.go:161.26,162.45 1 1
github.com/serverkraken/flow/internal/usecase/stats_computer.go:162.45,164.5 1 1
github.com/serverkraken/flow/internal/usecase/stats_computer.go:166.3,166.12 1 1
github.com/serverkraken/flow/internal/usecase/stats_computer.go:168.2,168.85 1 1
github.com/serverkraken/flow/internal/usecase/stats_computer.go:174.106,179.16 5 1
github.com/serverkraken/flow/internal/usecase/stats_computer.go:179.16,181.3 1 0
github.com/serverkraken/flow/internal/usecase/stats_computer.go:182.2,183.16 2 1
github.com/serverkraken/flow/internal/usecase/stats_computer.go:183.16,185.3 1 0
github.com/serverkraken/flow/internal/usecase/stats_computer.go:186.2,187.81 2 1
github.com/serverkraken/flow/internal/usecase/stats_computer.go:191.44,193.13 2 1
github.com/serverkraken/flow/internal/usecase/stats_computer.go:193.13,195.3 1 1
github.com/serverkraken/flow/internal/usecase/stats_computer.go:196.2,197.74 2 1
github.com/serverkraken/flow/internal/usecase/stop_session.go:19.126,20.42 1 1
github.com/serverkraken/flow/internal/usecase/stop_session.go:20.42,22.3 1 1
github.com/serverkraken/flow/internal/usecase/stop_session.go:23.2,23.69 1 1
github.com/serverkraken/flow/internal/usecase/stop_session.go:23.69,25.3 1 1
github.com/serverkraken/flow/internal/usecase/stop_session.go:26.2,26.77 1 1
github.com/serverkraken/flow/internal/usecase/target_resolver.go:24.33,24.66 1 1
github.com/serverkraken/flow/internal/usecase/target_resolver.go:27.59,28.42 1 1
github.com/serverkraken/flow/internal/usecase/target_resolver.go:28.42,30.3 1 1
github.com/serverkraken/flow/internal/usecase/target_resolver.go:31.2,31.51 1 1
github.com/serverkraken/flow/internal/usecase/target_resolver.go:31.51,33.3 1 1
github.com/serverkraken/flow/internal/usecase/target_resolver.go:34.2,34.18 1 1
github.com/serverkraken/flow/internal/usecase/target_resolver.go:38.55,41.2 2 1
github.com/serverkraken/flow/internal/usecase/target_resolver.go:44.56,46.2 1 1
github.com/serverkraken/flow/internal/usecase/update_document.go:24.124,26.16 2 1
github.com/serverkraken/flow/internal/usecase/update_document.go:26.16,28.3 1 1
github.com/serverkraken/flow/internal/usecase/update_document.go:29.2,34.16 6 1
github.com/serverkraken/flow/internal/usecase/update_document.go:34.16,36.3 1 0
github.com/serverkraken/flow/internal/usecase/update_document.go:40.2,40.121 1 1
github.com/serverkraken/flow/internal/usecase/update_document.go:40.121,42.3 1 0
github.com/serverkraken/flow/internal/usecase/update_document.go:43.2,43.24 1 1
github.com/serverkraken/flow/internal/usecase/update_document.go:43.24,45.3 1 1
github.com/serverkraken/flow/internal/usecase/update_document.go:46.2,46.21 1 1
github.com/serverkraken/flow/internal/worker/embed_worker.go:28.131,29.16 1 1
github.com/serverkraken/flow/internal/worker/embed_worker.go:29.16,31.3 1 0
github.com/serverkraken/flow/internal/worker/embed_worker.go:32.2,32.120 1 1
github.com/serverkraken/flow/internal/worker/embed_worker.go:37.41,38.9 1 0
github.com/serverkraken/flow/internal/worker/embed_worker.go:39.28,39.28 0 0
github.com/serverkraken/flow/internal/worker/embed_worker.go:40.10,40.10 0 0
github.com/serverkraken/flow/internal/worker/embed_worker.go:45.48,47.21 2 0
github.com/serverkraken/flow/internal/worker/embed_worker.go:47.21,50.3 2 0
github.com/serverkraken/flow/internal/worker/embed_worker.go:51.2,53.6 3 0
github.com/serverkraken/flow/internal/worker/embed_worker.go:53.6,54.10 1 0
github.com/serverkraken/flow/internal/worker/embed_worker.go:55.21,56.10 1 0
github.com/serverkraken/flow/internal/worker/embed_worker.go:57.14,58.16 1 0
github.com/serverkraken/flow/internal/worker/embed_worker.go:59.17,60.16 1 0
github.com/serverkraken/flow/internal/worker/embed_worker.go:66.50,67.6 1 1
github.com/serverkraken/flow/internal/worker/embed_worker.go:67.6,68.23 1 1
github.com/serverkraken/flow/internal/worker/embed_worker.go:68.23,70.4 1 0
github.com/serverkraken/flow/internal/worker/embed_worker.go:71.3,72.17 2 1
github.com/serverkraken/flow/internal/worker/embed_worker.go:72.17,75.4 2 0
github.com/serverkraken/flow/internal/worker/embed_worker.go:76.3,76.21 1 1
github.com/serverkraken/flow/internal/worker/embed_worker.go:76.21,78.4 1 1
github.com/serverkraken/flow/internal/worker/embed_worker.go:79.3,79.26 1 1
github.com/serverkraken/flow/internal/worker/embed_worker.go:79.26,80.24 1 1
github.com/serverkraken/flow/internal/worker/embed_worker.go:80.24,82.5 1 0
github.com/serverkraken/flow/internal/worker/embed_worker.go:83.4,83.45 1 1
github.com/serverkraken/flow/internal/worker/embed_worker.go:83.45,86.5 2 1
github.com/serverkraken/flow/internal/worker/embed_worker.go:91.78,93.21 2 1
github.com/serverkraken/flow/internal/worker/embed_worker.go:93.21,95.3 1 0
github.com/serverkraken/flow/internal/worker/embed_worker.go:96.2,97.16 2 1
github.com/serverkraken/flow/internal/worker/embed_worker.go:97.16,99.3 1 1
github.com/serverkraken/flow/internal/worker/embed_worker.go:100.2,100.64 1 1
github.com/serverkraken/flow/internal/adapter/pgstore/dayoffs.go:14.54,14.89 1 1
github.com/serverkraken/flow/internal/adapter/pgstore/dayoffs.go:18.87,26.16 4 1
github.com/serverkraken/flow/internal/adapter/pgstore/dayoffs.go:26.16,28.3 1 0
github.com/serverkraken/flow/internal/adapter/pgstore/dayoffs.go:29.2,29.12 1 1
github.com/serverkraken/flow/internal/adapter/pgstore/dayoffs.go:32.88,35.16 3 1
github.com/serverkraken/flow/internal/adapter/pgstore/dayoffs.go:35.16,37.3 1 0
github.com/serverkraken/flow/internal/adapter/pgstore/dayoffs.go:38.2,38.12 1 1
github.com/serverkraken/flow/internal/adapter/pgstore/dayoffs.go:41.115,47.16 3 1
github.com/serverkraken/flow/internal/adapter/pgstore/dayoffs.go:47.16,49.3 1 0
github.com/serverkraken/flow/internal/adapter/pgstore/dayoffs.go:50.2,52.18 3 1
github.com/serverkraken/flow/internal/adapter/pgstore/dayoffs.go:52.18,59.68 2 1
github.com/serverkraken/flow/internal/adapter/pgstore/dayoffs.go:59.68,61.4 1 0
github.com/serverkraken/flow/internal/adapter/pgstore/dayoffs.go:62.3,65.5 1 1
github.com/serverkraken/flow/internal/adapter/pgstore/dayoffs.go:67.2,67.24 1 1
github.com/serverkraken/flow/internal/adapter/pgstore/documents.go:22.58,22.95 1 1
github.com/serverkraken/flow/internal/adapter/pgstore/documents.go:28.97,33.16 3 1
github.com/serverkraken/flow/internal/adapter/pgstore/documents.go:33.16,35.3 1 0
github.com/serverkraken/flow/internal/adapter/pgstore/documents.go:36.2,39.28 2 1
github.com/serverkraken/flow/internal/adapter/pgstore/documents.go:39.28,41.3 1 1
github.com/serverkraken/flow/internal/adapter/pgstore/documents.go:42.2,42.17 1 1
github.com/serverkraken/flow/internal/adapter/pgstore/documents.go:45.95,48.35 3 1
github.com/serverkraken/flow/internal/adapter/pgstore/documents.go:48.35,50.3 1 1
github.com/serverkraken/flow/internal/adapter/pgstore/documents.go:51.2,51.15 1 1
github.com/serverkraken/flow/internal/adapter/pgstore/documents.go:54.110,57.19 3 1
github.com/serverkraken/flow/internal/adapter/pgstore/documents.go:57.19,60.3 2 1
github.com/serverkraken/flow/internal/adapter/pgstore/documents.go:61.2,63.16 3 1
github.com/serverkraken/flow/internal/adapter/pgstore/documents.go:63.16,65.3 1 0
github.com/serverkraken/flow/internal/adapter/pgstore/documents.go:66.2,68.18 3 1
github.com/serverkraken/flow/internal/adapter/pgstore/documents.go:68.18,70.17 2 1
github.com/serverkraken/flow/internal/adapter/pgstore/documents.go:70.17,72.4 1 0
github.com/serverkraken/flow/internal/adapter/pgstore/documents.go:73.3,73.23 1 1
github.com/serverkraken/flow/internal/adapter/pgstore/documents.go:75.2,75.24 1 1
github.com/serverkraken/flow/internal/adapter/pgstore/documents.go:78.97,83.16 3 1
github.com/serverkraken/flow/internal/adapter/pgstore/documents.go:83.16,85.3 1 0
github.com/serverkraken/flow/internal/adapter/pgstore/documents.go:86.2,88.35 2 1
github.com/serverkraken/flow/internal/adapter/pgstore/documents.go:88.35,90.3 1 0
github.com/serverkraken/flow/internal/adapter/pgstore/documents.go:91.2,91.17 1 1
github.com/serverkraken/flow/internal/adapter/pgstore/documents.go:94.79,96.16 2 1
github.com/serverkraken/flow/internal/adapter/pgstore/documents.go:96.16,98.3 1 0
github.com/serverkraken/flow/internal/adapter/pgstore/documents.go:99.2,99.29 1 1
github.com/serverkraken/flow/internal/adapter/pgstore/documents.go:99.29,101.3 1 1
github.com/serverkraken/flow/internal/adapter/pgstore/documents.go:102.2,102.12 1 1
github.com/serverkraken/flow/internal/adapter/pgstore/documents.go:105.109,107.16 2 1
github.com/serverkraken/flow/internal/adapter/pgstore/documents.go:107.16,109.3 1 0
github.com/serverkraken/flow/internal/adapter/pgstore/documents.go:110.2,110.15 1 1
github.com/serverkraken/flow/internal/adapter/pgstore/documents.go:110.15,110.39 1 1
github.com/serverkraken/flow/internal/adapter/pgstore/documents.go:112.2,112.100 1 1
github.com/serverkraken/flow/internal/adapter/pgstore/documents.go:112.100,114.3 1 0
github.com/serverkraken/flow/internal/adapter/pgstore/documents.go:115.2,115.30 1 1
github.com/serverkraken/flow/internal/adapter/pgstore/documents.go:115.30,118.40 1 1
github.com/serverkraken/flow/internal/adapter/pgstore/documents.go:118.40,120.4 1 0
github.com/serverkraken/flow/internal/adapter/pgstore/documents.go:122.2,122.23 1 1
github.com/serverkraken/flow/internal/adapter/pgstore/documents.go:125.111,132.16 3 1
github.com/serverkraken/flow/internal/adapter/pgstore/documents.go:132.16,134.3 1 0
github.com/serverkraken/flow/internal/adapter/pgstore/documents.go:135.2,137.18 3 1
github.com/serverkraken/flow/internal/adapter/pgstore/documents.go:137.18,139.17 2 1
github.com/serverkraken/flow/internal/adapter/pgstore/documents.go:139.17,141.4 1 0
github.com/serverkraken/flow/internal/adapter/pgstore/documents.go:142.3,142.23 1 1
github.com/serverkraken/flow/internal/adapter/pgstore/documents.go:144.2,144.24 1 1
github.com/serverkraken/flow/internal/adapter/pgstore/documents.go:152.115,164.19 3 1
github.com/serverkraken/flow/internal/adapter/pgstore/documents.go:164.19,167.3 2 1
github.com/serverkraken/flow/internal/adapter/pgstore/documents.go:168.2,177.16 3 1
github.com/serverkraken/flow/internal/adapter/pgstore/documents.go:177.16,179.3 1 0
github.com/serverkraken/flow/internal/adapter/pgstore/documents.go:180.2,182.18 3 1
github.com/serverkraken/flow/internal/adapter/pgstore/documents.go:182.18,184.17 2 1
github.com/serverkraken/flow/internal/adapter/pgstore/documents.go:184.17,186.4 1 0
github.com/serverkraken/flow/internal/adapter/pgstore/documents.go:187.3,187.23 1 1
github.com/serverkraken/flow/internal/adapter/pgstore/documents.go:189.2,189.24 1 1
github.com/serverkraken/flow/internal/adapter/pgstore/documents.go:193.60,199.88 5 1
github.com/serverkraken/flow/internal/adapter/pgstore/documents.go:199.88,201.3 1 0
github.com/serverkraken/flow/internal/adapter/pgstore/documents.go:202.2,203.20 2 1
github.com/serverkraken/flow/internal/adapter/pgstore/documents.go:203.20,204.57 1 1
github.com/serverkraken/flow/internal/adapter/pgstore/documents.go:204.57,206.4 1 0
github.com/serverkraken/flow/internal/adapter/pgstore/documents.go:208.2,208.61 1 1
github.com/serverkraken/flow/internal/adapter/pgstore/documents.go:213.40,216.22 3 1
github.com/serverkraken/flow/internal/adapter/pgstore/documents.go:216.22,217.12 1 1
github.com/serverkraken/flow/internal/adapter/pgstore/documents.go:217.12,219.4 1 1
github.com/serverkraken/flow/internal/adapter/pgstore/documents.go:220.3,220.62 1 1
github.com/serverkraken/flow/internal/adapter/pgstore/documents.go:222.2,223.19 2 1
github.com/serverkraken/flow/internal/adapter/pgstore/documents.go:226.99,232.16 3 1
github.com/serverkraken/flow/internal/adapter/pgstore/documents.go:232.16,234.3 1 0
github.com/serverkraken/flow/internal/adapter/pgstore/documents.go:235.2,237.18 3 1
github.com/serverkraken/flow/internal/adapter/pgstore/documents.go:237.18,239.17 2 1
github.com/serverkraken/flow/internal/adapter/pgstore/documents.go:239.17,241.4 1 0
github.com/serverkraken/flow/internal/adapter/pgstore/documents.go:242.3,242.23 1 1
github.com/serverkraken/flow/internal/adapter/pgstore/documents.go:244.2,244.24 1 1
github.com/serverkraken/flow/internal/adapter/pgstore/documents.go:247.132,249.16 2 1
github.com/serverkraken/flow/internal/adapter/pgstore/documents.go:249.16,251.3 1 0
github.com/serverkraken/flow/internal/adapter/pgstore/documents.go:252.2,252.15 1 1
github.com/serverkraken/flow/internal/adapter/pgstore/documents.go:252.15,252.39 1 1
github.com/serverkraken/flow/internal/adapter/pgstore/documents.go:253.2,253.101 1 1
github.com/serverkraken/flow/internal/adapter/pgstore/documents.go:253.101,255.3 1 0
github.com/serverkraken/flow/internal/adapter/pgstore/documents.go:256.2,256.26 1 1
github.com/serverkraken/flow/internal/adapter/pgstore/documents.go:256.26,260.78 1 1
github.com/serverkraken/flow/internal/adapter/pgstore/documents.go:260.78,262.4 1 0
github.com/serverkraken/flow/internal/adapter/pgstore/documents.go:264.2,266.22 1 1
github.com/serverkraken/flow/internal/adapter/pgstore/documents.go:266.22,268.3 1 0
github.com/serverkraken/flow/internal/adapter/pgstore/documents.go:269.2,269.23 1 1
github.com/serverkraken/flow/internal/adapter/pgstore/documents.go:272.150,283.19 3 1
github.com/serverkraken/flow/internal/adapter/pgstore/documents.go:283.19,289.3 2 1
github.com/serverkraken/flow/internal/adapter/pgstore/documents.go:289.8,294.3 2 1
github.com/serverkraken/flow/internal/adapter/pgstore/documents.go:295.2,296.16 2 1
github.com/serverkraken/flow/internal/adapter/pgstore/documents.go:296.16,298.3 1 0
github.com/serverkraken/flow/internal/adapter/pgstore/documents.go:299.2,301.18 3 1
github.com/serverkraken/flow/internal/adapter/pgstore/documents.go:301.18,303.17 2 1
github.com/serverkraken/flow/internal/adapter/pgstore/documents.go:303.17,305.4 1 0
github.com/serverkraken/flow/internal/adapter/pgstore/documents.go:306.3,306.23 1 1
github.com/serverkraken/flow/internal/adapter/pgstore/documents.go:308.2,308.24 1 1
github.com/serverkraken/flow/internal/adapter/pgstore/documents.go:313.64,320.95 6 1
github.com/serverkraken/flow/internal/adapter/pgstore/documents.go:320.95,322.3 1 0
github.com/serverkraken/flow/internal/adapter/pgstore/documents.go:323.2,324.20 2 1
github.com/serverkraken/flow/internal/adapter/pgstore/documents.go:324.20,325.57 1 1
github.com/serverkraken/flow/internal/adapter/pgstore/documents.go:325.57,327.4 1 0
github.com/serverkraken/flow/internal/adapter/pgstore/documents.go:329.2,329.79 1 1
github.com/serverkraken/flow/internal/adapter/pgstore/documents.go:332.40,335.2 2 1
github.com/serverkraken/flow/internal/adapter/pgstore/documents.go:337.47,338.14 1 1
github.com/serverkraken/flow/internal/adapter/pgstore/documents.go:338.14,340.3 1 1
github.com/serverkraken/flow/internal/adapter/pgstore/documents.go:341.2,341.10 1 0
github.com/serverkraken/flow/internal/adapter/pgstore/documents.go:344.39,345.14 1 1
github.com/serverkraken/flow/internal/adapter/pgstore/documents.go:345.14,347.3 1 1
github.com/serverkraken/flow/internal/adapter/pgstore/documents.go:348.2,348.10 1 1
github.com/serverkraken/flow/internal/adapter/pgstore/documents.go:351.58,356.78 4 1
github.com/serverkraken/flow/internal/adapter/pgstore/documents.go:356.78,357.36 1 1
github.com/serverkraken/flow/internal/adapter/pgstore/documents.go:357.36,359.4 1 1
github.com/serverkraken/flow/internal/adapter/pgstore/documents.go:360.3,360.74 1 1
github.com/serverkraken/flow/internal/adapter/pgstore/documents.go:362.2,363.20 2 1
github.com/serverkraken/flow/internal/adapter/pgstore/documents.go:363.20,364.57 1 1
github.com/serverkraken/flow/internal/adapter/pgstore/documents.go:364.57,366.4 1 0
github.com/serverkraken/flow/internal/adapter/pgstore/documents.go:368.2,368.15 1 1
github.com/serverkraken/flow/internal/adapter/pgstore/feed_tokens.go:16.60,16.98 1 1
github.com/serverkraken/flow/internal/adapter/pgstore/feed_tokens.go:18.81,20.91 2 1
github.com/serverkraken/flow/internal/adapter/pgstore/feed_tokens.go:20.91,22.3 1 0
github.com/serverkraken/flow/internal/adapter/pgstore/feed_tokens.go:23.2,23.12 1 1
github.com/serverkraken/flow/internal/adapter/pgstore/feed_tokens.go:28.85,32.35 4 1
github.com/serverkraken/flow/internal/adapter/pgstore/feed_tokens.go:32.35,34.3 1 1
github.com/serverkraken/flow/internal/adapter/pgstore/feed_tokens.go:35.2,35.16 1 1
github.com/serverkraken/flow/internal/adapter/pgstore/feed_tokens.go:35.16,37.3 1 0
github.com/serverkraken/flow/internal/adapter/pgstore/feed_tokens.go:38.2,38.19 1 1
github.com/serverkraken/flow/internal/adapter/pgstore/feed_tokens.go:41.101,44.16 3 0
github.com/serverkraken/flow/internal/adapter/pgstore/feed_tokens.go:44.16,46.3 1 0
github.com/serverkraken/flow/internal/adapter/pgstore/feed_tokens.go:47.2,49.18 3 0
github.com/serverkraken/flow/internal/adapter/pgstore/feed_tokens.go:49.18,51.71 2 0
github.com/serverkraken/flow/internal/adapter/pgstore/feed_tokens.go:51.71,53.4 1 0
github.com/serverkraken/flow/internal/adapter/pgstore/feed_tokens.go:54.3,54.24 1 0
github.com/serverkraken/flow/internal/adapter/pgstore/feed_tokens.go:56.2,56.24 1 0
github.com/serverkraken/flow/internal/adapter/pgstore/feed_tokens.go:60.82,62.62 2 1
github.com/serverkraken/flow/internal/adapter/pgstore/feed_tokens.go:62.62,64.3 1 0
github.com/serverkraken/flow/internal/adapter/pgstore/feed_tokens.go:65.2,65.12 1 1
github.com/serverkraken/flow/internal/adapter/pgstore/pool.go:17.70,19.16 2 1
github.com/serverkraken/flow/internal/adapter/pgstore/pool.go:19.16,21.3 1 0
github.com/serverkraken/flow/internal/adapter/pgstore/pool.go:22.2,22.39 1 1
github.com/serverkraken/flow/internal/adapter/pgstore/pool.go:22.39,25.3 2 0
github.com/serverkraken/flow/internal/adapter/pgstore/pool.go:26.2,26.18 1 1
github.com/serverkraken/flow/internal/adapter/pgstore/pool.go:30.61,32.15 2 1
github.com/serverkraken/flow/internal/adapter/pgstore/pool.go:32.15,32.33 1 1
github.com/serverkraken/flow/internal/adapter/pgstore/pool.go:33.2,34.53 2 1
github.com/serverkraken/flow/internal/adapter/pgstore/pool.go:34.53,36.3 1 0
github.com/serverkraken/flow/internal/adapter/pgstore/pool.go:37.2,37.63 1 1
github.com/serverkraken/flow/internal/adapter/pgstore/pool.go:37.63,39.3 1 0
github.com/serverkraken/flow/internal/adapter/pgstore/pool.go:40.2,40.12 1 1
github.com/serverkraken/flow/internal/adapter/pgstore/projects.go:16.56,16.92 1 1
github.com/serverkraken/flow/internal/adapter/pgstore/projects.go:18.94,26.2 3 1
github.com/serverkraken/flow/internal/adapter/pgstore/projects.go:28.92,33.16 3 1
github.com/serverkraken/flow/internal/adapter/pgstore/projects.go:33.16,35.3 1 0
github.com/serverkraken/flow/internal/adapter/pgstore/projects.go:36.2,38.18 3 1
github.com/serverkraken/flow/internal/adapter/pgstore/projects.go:38.18,40.17 2 1
github.com/serverkraken/flow/internal/adapter/pgstore/projects.go:40.17,42.4 1 0
github.com/serverkraken/flow/internal/adapter/pgstore/projects.go:43.3,43.23 1 1
github.com/serverkraken/flow/internal/adapter/pgstore/projects.go:45.2,45.24 1 1
github.com/serverkraken/flow/internal/adapter/pgstore/projects.go:48.93,53.35 3 1
github.com/serverkraken/flow/internal/adapter/pgstore/projects.go:53.35,55.3 1 1
github.com/serverkraken/flow/internal/adapter/pgstore/projects.go:56.2,56.15 1 1
github.com/serverkraken/flow/internal/adapter/pgstore/projects.go:63.99,67.16 4 1
github.com/serverkraken/flow/internal/adapter/pgstore/projects.go:67.16,69.3 1 0
github.com/serverkraken/flow/internal/adapter/pgstore/projects.go:70.2,70.29 1 1
github.com/serverkraken/flow/internal/adapter/pgstore/projects.go:70.29,72.3 1 1
github.com/serverkraken/flow/internal/adapter/pgstore/projects.go:73.2,73.12 1 1
github.com/serverkraken/flow/internal/adapter/pgstore/projects.go:77.50,78.14 1 1
github.com/serverkraken/flow/internal/adapter/pgstore/projects.go:78.14,80.3 1 1
github.com/serverkraken/flow/internal/adapter/pgstore/projects.go:81.2,82.15 2 1
github.com/serverkraken/flow/internal/adapter/pgstore/projects.go:85.56,90.135 5 1
github.com/serverkraken/flow/internal/adapter/pgstore/projects.go:90.135,91.36 1 1
github.com/serverkraken/flow/internal/adapter/pgstore/projects.go:91.36,93.4 1 1
github.com/serverkraken/flow/internal/adapter/pgstore/projects.go:94.3,94.72 1 0
github.com/serverkraken/flow/internal/adapter/pgstore/projects.go:96.2,97.32 2 1
github.com/serverkraken/flow/internal/adapter/pgstore/projects.go:97.32,99.3 1 0
github.com/serverkraken/flow/internal/adapter/pgstore/projects.go:100.2,100.28 1 1
github.com/serverkraken/flow/internal/adapter/pgstore/projects.go:100.28,102.3 1 1
github.com/serverkraken/flow/internal/adapter/pgstore/projects.go:103.2,103.15 1 1
github.com/serverkraken/flow/internal/adapter/pgstore/sessions.go:17.56,17.92 1 1
github.com/serverkraken/flow/internal/adapter/pgstore/sessions.go:19.103,26.2 2 1
github.com/serverkraken/flow/internal/adapter/pgstore/sessions.go:28.103,33.35 3 1
github.com/serverkraken/flow/internal/adapter/pgstore/sessions.go:33.35,35.3 1 1
github.com/serverkraken/flow/internal/adapter/pgstore/sessions.go:36.2,36.16 1 1
github.com/serverkraken/flow/internal/adapter/pgstore/sessions.go:36.16,38.3 1 0
github.com/serverkraken/flow/internal/adapter/pgstore/sessions.go:39.2,39.22 1 1
github.com/serverkraken/flow/internal/adapter/pgstore/sessions.go:42.133,48.35 3 1
github.com/serverkraken/flow/internal/adapter/pgstore/sessions.go:48.35,50.3 1 1
github.com/serverkraken/flow/internal/adapter/pgstore/sessions.go:51.2,51.16 1 1
github.com/serverkraken/flow/internal/adapter/pgstore/sessions.go:54.171,60.35 3 1
github.com/serverkraken/flow/internal/adapter/pgstore/sessions.go:60.35,62.3 1 1
github.com/serverkraken/flow/internal/adapter/pgstore/sessions.go:63.2,63.16 1 1
github.com/serverkraken/flow/internal/adapter/pgstore/sessions.go:66.78,69.16 3 1
github.com/serverkraken/flow/internal/adapter/pgstore/sessions.go:69.16,71.3 1 0
github.com/serverkraken/flow/internal/adapter/pgstore/sessions.go:72.2,72.28 1 1
github.com/serverkraken/flow/internal/adapter/pgstore/sessions.go:72.28,74.3 1 1
github.com/serverkraken/flow/internal/adapter/pgstore/sessions.go:75.2,75.12 1 1
github.com/serverkraken/flow/internal/adapter/pgstore/sessions.go:78.113,84.16 3 1
github.com/serverkraken/flow/internal/adapter/pgstore/sessions.go:84.16,86.3 1 0
github.com/serverkraken/flow/internal/adapter/pgstore/sessions.go:87.2,89.18 3 1
github.com/serverkraken/flow/internal/adapter/pgstore/sessions.go:89.18,91.17 2 1
github.com/serverkraken/flow/internal/adapter/pgstore/sessions.go:91.17,93.4 1 0
github.com/serverkraken/flow/internal/adapter/pgstore/sessions.go:94.3,94.24 1 1
github.com/serverkraken/flow/internal/adapter/pgstore/sessions.go:96.2,96.24 1 1
github.com/serverkraken/flow/internal/adapter/pgstore/sessions.go:99.60,101.122 2 1
github.com/serverkraken/flow/internal/adapter/pgstore/sessions.go:101.122,102.36 1 1
github.com/serverkraken/flow/internal/adapter/pgstore/sessions.go:102.36,104.4 1 1
github.com/serverkraken/flow/internal/adapter/pgstore/sessions.go:105.3,105.76 1 1
github.com/serverkraken/flow/internal/adapter/pgstore/sessions.go:107.2,107.16 1 1
github.com/serverkraken/flow/internal/adapter/pgstore/user_settings.go:16.66,18.2 1 1
github.com/serverkraken/flow/internal/adapter/pgstore/user_settings.go:23.94,34.35 6 1
github.com/serverkraken/flow/internal/adapter/pgstore/user_settings.go:34.35,38.3 1 1
github.com/serverkraken/flow/internal/adapter/pgstore/user_settings.go:39.2,39.16 1 1
github.com/serverkraken/flow/internal/adapter/pgstore/user_settings.go:39.16,41.3 1 0
github.com/serverkraken/flow/internal/adapter/pgstore/user_settings.go:42.2,43.23 2 1
github.com/serverkraken/flow/internal/adapter/pgstore/user_settings.go:43.23,44.15 1 1
github.com/serverkraken/flow/internal/adapter/pgstore/user_settings.go:44.15,46.4 1 1
github.com/serverkraken/flow/internal/adapter/pgstore/user_settings.go:48.2,49.59 1 1
github.com/serverkraken/flow/internal/adapter/pgstore/user_settings.go:52.91,57.61 2 1
github.com/serverkraken/flow/internal/adapter/pgstore/user_settings.go:57.61,59.3 1 0
github.com/serverkraken/flow/internal/adapter/pgstore/user_settings.go:60.2,60.12 1 1
github.com/serverkraken/flow/internal/adapter/pgstore/user_settings.go:63.133,65.28 2 1
github.com/serverkraken/flow/internal/adapter/pgstore/user_settings.go:65.28,66.43 1 1
github.com/serverkraken/flow/internal/adapter/pgstore/user_settings.go:66.43,67.12 1 0
github.com/serverkraken/flow/internal/adapter/pgstore/user_settings.go:69.3,70.19 2 1
github.com/serverkraken/flow/internal/adapter/pgstore/user_settings.go:72.2,89.64 2 1
github.com/serverkraken/flow/internal/adapter/pgstore/user_settings.go:89.64,91.3 1 0
github.com/serverkraken/flow/internal/adapter/pgstore/user_settings.go:92.2,92.12 1 1
github.com/serverkraken/flow/internal/adapter/pgstore/users.go:16.50,16.83 1 1
github.com/serverkraken/flow/internal/adapter/pgstore/users.go:18.90,28.16 4 1
github.com/serverkraken/flow/internal/adapter/pgstore/users.go:28.16,30.3 1 0
github.com/serverkraken/flow/internal/adapter/pgstore/users.go:31.2,31.17 1 1
github.com/serverkraken/flow/internal/adapter/pgstore/users.go:34.84,38.35 4 1
github.com/serverkraken/flow/internal/adapter/pgstore/users.go:38.35,40.3 1 1
github.com/serverkraken/flow/internal/adapter/pgstore/users.go:41.2,41.16 1 0
github.com/serverkraken/flow/internal/adapter/pgstore/users.go:41.16,43.3 1 0
github.com/serverkraken/flow/internal/adapter/pgstore/users.go:44.2,44.17 1 0
github.com/serverkraken/flow/internal/adapter/pgstore/users.go:47.82,51.35 4 0
github.com/serverkraken/flow/internal/adapter/pgstore/users.go:51.35,53.3 1 0
github.com/serverkraken/flow/internal/adapter/pgstore/users.go:54.2,54.16 1 0
github.com/serverkraken/flow/internal/adapter/pgstore/users.go:54.16,56.3 1 0
github.com/serverkraken/flow/internal/adapter/pgstore/users.go:57.2,57.17 1 0
